feature,mean_abs_shap
numerical__funding_total_usd,0.53974974
numerical__startup_age,0.34874547
categorical__primary_category_Unknown,0.22321726
numerical__funding_rounds,0.16567156
categorical__country_code_USA,0.13452333
numerical__funding_per_round,0.10777363
numerical__years_to_first_funding,0.0950315
categorical__region_Unknown,0.084715165
categorical__country_code_Unknown,0.07935472
categorical__region_SF Bay Area,0.045447417
categorical__country_code_RUS,0.044580285
categorical__primary_category_Clean Technology,0.028231435
categorical__region_Boston,0.021388838
categorical__primary_category_Biotechnology,0.020225128
categorical__state_code_Unknown,0.020003265
categorical__primary_category_Biotechnology|Health Care,0.014188367
categorical__city_Unknown,0.013782318
categorical__primary_category_Enterprise Software,0.013741668
categorical__region_London,0.012580399
categorical__region_Chicago,0.011952012
categorical__primary_category_Health Care,0.0117765535
categorical__state_code_CA,0.010804324
categorical__city_Mountain View,0.01059415
categorical__city_San Francisco,0.010120328
categorical__city_Los Angeles,0.008941616
categorical__state_code_ON,0.00877105
categorical__country_code_GBR,0.008226886
categorical__city_New York,0.008114326
categorical__primary_category_Finance,0.0070347264
categorical__primary_category_Software,0.0067134565
"categorical__region_Washington, D.C.",0.0064926413
categorical__state_code_NY,0.0063628093
categorical__state_code_MA,0.006081522
categorical__primary_category_Social Media,0.005377687
categorical__primary_category_Hardware + Software,0.0049623274
categorical__country_code_BRA,0.0046942257
categorical__primary_category_Manufacturing,0.0045362255
categorical__country_code_DEU,0.004423368
categorical__state_code_16,0.0042459713
categorical__primary_category_Games,0.0042210203
categorical__city_Boston,0.0041927043
categorical__primary_category_Mobile,0.0041616135
categorical__country_code_CAN,0.0041452255
categorical__city_San Diego,0.0041172616
categorical__state_code_MD,0.004065619
"categorical__region_Portland, Oregon",0.0036957662
categorical__primary_category_Curated Web,0.003553085
categorical__primary_category_Consulting,0.0035097739
categorical__state_code_15,0.0034505744
categorical__state_code_FL,0.0030323404
categorical__country_code_ISR,0.0028963662
categorical__primary_category_Web Hosting,0.0028633035
categorical__region_San Diego,0.00286204
categorical__region_New York City,0.0027990467
categorical__primary_category_Analytics,0.0027719073
categorical__state_code_23,0.0027472663
categorical__primary_category_Biotechnology|Health Diagnostics,0.0027003807
categorical__city_Atlanta,0.0026539152
categorical__primary_category_Pharmaceuticals,0.0025846832
categorical__city_South San Francisco,0.0025383665
categorical__country_code_JPN,0.0024913533
categorical__city_Boulder,0.002400932
categorical__city_Menlo Park,0.0023549143
categorical__region_Napa Valley,0.0022661122
categorical__region_Austin,0.0022347101
categorical__state_code_TX,0.002219889
categorical__country_code_FRA,0.0021058545
categorical__primary_category_Hospitality,0.0020896473
categorical__primary_category_Security,0.002087875
categorical__state_code_NJ,0.0020203616
categorical__state_code_4,0.0019980452
categorical__primary_category_Computers|Software|Technology,0.0019631914
categorical__primary_category_News,0.0019548733
categorical__primary_category_Advertising,0.0019342051
categorical__city_Cupertino,0.0018060696
categorical__state_code_6,0.0018011348
categorical__city_Seattle,0.0017928754
categorical__region_CHE - Other,0.0016667567
categorical__region_Los Angeles,0.0016193424
categorical__primary_category_Music,0.0016018419
categorical__state_code_WA,0.0015896085
categorical__city_Cambridge,0.0015802459
categorical__region_Tel Aviv,0.0015503091
categorical__state_code_3,0.0014955903
categorical__city_Fremont,0.0014952878
categorical__primary_category_Clean Technology|Solar,0.0013889931
categorical__state_code_2,0.0013699501
categorical__primary_category_Travel,0.0013653976
categorical__city_Princeton,0.0013630181
categorical__primary_category_Semiconductors,0.0013445184
categorical__primary_category_Technology,0.0013382061
categorical__region_CA - Other,0.0013003655
categorical__state_code_VT,0.0012724493
categorical__region_Newark,0.0012706483
categorical__state_code_H9,0.0012080766
categorical__primary_category_Services,0.0012017181
categorical__state_code_IN,0.0011991416
categorical__primary_category_Public Relations,0.0011884318
categorical__region_Quebec City,0.0011714343
categorical__state_code_22,0.0011646603
categorical__primary_category_Apps,0.0011602625
categorical__city_Las Vegas,0.0011599684
categorical__country_code_IRL,0.0011538973
categorical__primary_category_Search,0.0011321587
categorical__city_Reston,0.0011204066
categorical__state_code_17,0.0010945885
categorical__country_code_SGP,0.0010729724
categorical__region_Ottawa,0.0010023137
categorical__city_Waltham,0.0009917961
categorical__region_Raleigh,0.0009626887
categorical__state_code_48,0.0009319564
categorical__primary_category_Transportation,0.00092967827
categorical__city_Salt Lake City,0.00092412747
categorical__region_Houston,0.0009125989
categorical__state_code_VA,0.0008990138
categorical__state_code_CO,0.00087607146
categorical__region_Las Vegas,0.000873825
categorical__region_Palm Beaches,0.0008728112
categorical__region_BRA - Other,0.00086498325
categorical__region_Brussels,0.0008568576
categorical__state_code_AB,0.00084540254
categorical__state_code_TN,0.00083895214
categorical__region_Madrid,0.00083848106
categorical__city_Newark,0.0008134292
categorical__region_Hong Kong,0.0008028885
categorical__region_Toronto,0.00079874275
categorical__city_Palo Alto,0.00077510066
categorical__country_code_NZL,0.0007685476
categorical__country_code_CHN,0.00076786516
categorical__region_Roanoke,0.0007575399
categorical__state_code_14,0.00073809025
categorical__city_Santa Clara,0.0007371826
categorical__region_Philadelphia,0.0007276879
categorical__state_code_MN,0.0007111888
categorical__city_Aliso Viejo,0.0006794451
categorical__city_Venice,0.00065093423
categorical__country_code_CHL,0.0006504585
categorical__state_code_A8,0.0006489265
categorical__city_Singapore,0.00062795286
categorical__region_Helsinki,0.00062415213
categorical__city_Lucerne Valley,0.0006045461
categorical__city_Montréal,0.0005963761
categorical__state_code_PA,0.0005897974
categorical__city_Longmont,0.0005859236
categorical__primary_category_E-Commerce,0.000561971
categorical__state_code_5,0.0005554424
categorical__city_Richardson,0.0005520793
categorical__country_code_IND,0.00054309797
categorical__state_code_CT,0.00054206443
categorical__state_code_34,0.0005405953
categorical__region_Phoenix,0.000539981
categorical__country_code_SWE,0.00053879415
categorical__country_code_AUS,0.00053704
categorical__state_code_20,0.0005361608
categorical__city_Redwood City,0.0005346055
categorical__city_Madrid,0.000530313
categorical__region_Jacksonville,0.00052413513
categorical__region_CHN - Other,0.0005163968
categorical__state_code_IL,0.0005131202
categorical__primary_category_Fashion,0.00050342403
categorical__city_Toronto,0.00049200887
categorical__city_Vancouver,0.0004907282
categorical__state_code_19,0.00047939242
categorical__state_code_27,0.0004754894
categorical__city_Arlington,0.00047458112
categorical__city_Miami,0.00046067606
categorical__city_Sydney,0.000458617
categorical__city_Los Gatos,0.00045696416
categorical__region_Tokyo,0.00045466863
categorical__region_Denver,0.00045138036
"categorical__region_Orange County, California",0.0004429772
categorical__region_Sydney,0.00044072783
categorical__city_San Jose,0.00042825425
categorical__state_code_7,0.00042265284
categorical__region_Charlotte,0.0004210589
categorical__city_Gaithersburg,0.00040689675
categorical__region_Anaheim,0.0003999292
categorical__city_Portland,0.00039739447
categorical__city_San Mateo,0.00039361813
categorical__city_Baltimore,0.00039276722
categorical__region_Stockholm,0.0003922013
categorical__city_Quebec,0.00038596973
categorical__country_code_IDN,0.00038441207
categorical__city_Irving,0.00036480027
categorical__region_Moscow,0.00035380677
categorical__city_Houston,0.00034720154
categorical__primary_category_Finance|FinTech,0.00034547166
categorical__city_Burlington,0.0003432229
categorical__primary_category_Nonprofits,0.00033561976
categorical__region_The Hague,0.0003123093
categorical__city_Morrisville,0.00031132452
categorical__city_Charlottesville,0.00031080417
categorical__primary_category_Messaging,0.00031013772
categorical__city_El Segundo,0.0003033228
categorical__state_code_1,0.00029900088
categorical__city_Chicago,0.00029828373
categorical__city_Bellevue,0.00029731405
categorical__city_Sunnyvale,0.00029242586
categorical__city_Tel Aviv,0.00029192024
categorical__primary_category_Internet,0.00028607826
categorical__state_code_10,0.00028536658
categorical__state_code_13,0.00027143324
categorical__state_code_29,0.00027055165
categorical__region_Zurich,0.00025848014
categorical__city_Carlsbad,0.00025546353
categorical__city_Newton,0.00025385208
categorical__state_code_UT,0.0002515291
categorical__city_Dublin,0.00024967353
categorical__city_Alameda,0.00024492783
categorical__state_code_OH,0.00022588059
categorical__country_code_FIN,0.00022092793
categorical__primary_category_Real Estate,0.00021856674
categorical__state_code_OR,0.00021697629
categorical__city_San Bruno,0.00021440891
categorical__city_Vienna,0.00021278096
categorical__region_Dublin,0.00021264952
categorical__city_Minneapolis,0.00021073995
categorical__city_Alpharetta,0.00021018795
categorical__region_Cleveland,0.0002073941
categorical__city_Herzliya,0.00020128477
categorical__region_Buenos Aires,0.00019678014
categorical__region_Louisville,0.00019581932
categorical__state_code_MI,0.00019352543
categorical__city_Santa Monica,0.00019262664
categorical__city_Melbourne,0.0001908447
categorical__region_New Bedford,0.00018965072
categorical__region_Indianapolis,0.00018796399
categorical__country_code_MYS,0.00018600779
categorical__primary_category_Sports,0.00018529582
categorical__region_NLD - Other,0.00018528674
categorical__region_Baltimore,0.00018302008
categorical__state_code_DC,0.00018174844
categorical__city_Bangalore,0.00017950803
categorical__city_Munich,0.00017478626
categorical__state_code_NC,0.00016857387
categorical__state_code_KS,0.00016687022
categorical__region_Munich,0.00016658899
categorical__region_Orlando,0.00016441337
categorical__region_Copenhagen,0.00016270461
categorical__city_Durham,0.00016090678
categorical__region_GBR - Other,0.00015939605
categorical__region_Hartford,0.00015662677
categorical__region_Amsterdam,0.00015607872
categorical__state_code_AZ,0.00015483616
categorical__region_Mumbai,0.00014946272
categorical__city_Raleigh,0.00014666747
categorical__city_Ottawa,0.00014586729
categorical__city_Austin,0.00014290327
categorical__primary_category_Telecommunications,0.00013891057
categorical__city_Berkeley,0.00013675907
categorical__region_NJ - Other,0.00013302016
categorical__primary_category_Biotechnology|Pharmaceuticals,0.00013039671
categorical__country_code_HKG,0.00012847847
categorical__country_code_ZAF,0.00012675642
categorical__region_MN - Other,0.00012507911
categorical__region_Cincinnati,0.00012226841
categorical__city_Copenhagen,0.000120442404
categorical__city_Berlin,0.00011948626
categorical__region_Singapore,0.00011923724
categorical__region_Seattle,0.000116417
categorical__city_La Jolla,0.00011512989
categorical__state_code_12,0.000114659175
categorical__city_Petaluma,0.00011313627
categorical__state_code_NM,0.00011120659
categorical__city_Indianapolis,0.00011086105
categorical__region_Albuquerque,0.00010995821
categorical__state_code_30,0.00010928768
categorical__state_code_11,0.000108044675
categorical__city_Westford,0.00010791478
categorical__region_ISR - Other,0.00010735325
categorical__state_code_KY,0.00010686187
categorical__primary_category_Financial Services,0.00010013366
categorical__country_code_ITA,9.376378e-05
categorical__region_Florida's Space Coast,9.3565075e-05
categorical__state_code_QC,8.986846e-05
categorical__city_Burlingame,8.8373316e-05
categorical__city_Dallas,8.257427e-05
categorical__region_Vancouver,7.339418e-05
categorical__primary_category_Health and Wellness,7.2419236e-05
categorical__region_Ontario - Inland Empire,7.026366e-05
categorical__city_San Carlos,6.8327274e-05
categorical__region_Pittsburgh,6.6872206e-05
categorical__region_Ft. Lauderdale,6.170979e-05
categorical__city_Manchester,6.0523947e-05
categorical__region_Shenzhen,5.91366e-05
categorical__city_Eden Prairie,5.608392e-05
categorical__city_Redmond,5.5368484e-05
categorical__city_Maynard,5.37605e-05
categorical__city_Bothell,5.2649924e-05
categorical__city_Edinburgh,5.0379458e-05
categorical__country_code_ARE,4.5057364e-05
categorical__state_code_9,4.4711793e-05
categorical__country_code_CHE,4.386727e-05
categorical__city_Waterloo,3.9344726e-05
categorical__city_Nashville,3.6115227e-05
"categorical__region_Springfield, Illinois",3.3501907e-05
categorical__region_Miami,3.0712657e-05
categorical__country_code_NLD,2.6498983e-05
categorical__primary_category_Advertising|Internet Marketing|Sales and Marketing|Semantic Search|SEO|Social Media|Web Presence Management,0.0
categorical__primary_category_Advertising|Internet Marketing|Search Marketing|SEO|Social Media Marketing,0.0
categorical__primary_category_Advertising|Internet Marketing|Social Media|Video Streaming|Web Tools,0.0
categorical__primary_category_Advertising|Internet Marketing|Software,0.0
categorical__primary_category_Advertising|Internet Technology,0.0
categorical__primary_category_Advertising|Internet|Internet Marketing,0.0
categorical__primary_category_Advertising|Internet|Local|Maps|Mobile|Search|Semantic Search|SEO|Social Media,0.0
categorical__primary_category_Advertising|Internet|Marketplaces|Publishing,0.0
categorical__primary_category_Advertising|Internet|Monetization|Public Relations|Social Media|Television|Video,0.0
categorical__primary_category_Advertising|Internet|Online Video Advertising,0.0
categorical__primary_category_Advertising|Internet|Optimization|Real Time,0.0
categorical__primary_category_Advertising|Lead Generation,0.0
categorical__primary_category_Advertising|Lead Generation|Payments|Trading,0.0
categorical__primary_category_Advertising|Lead Management|Sales and Marketing,0.0
categorical__primary_category_Advertising|Local Search|Search,0.0
categorical__primary_category_Advertising|Local|Mobile|Social Media,0.0
categorical__primary_category_Advertising|Location Based Services|Mobile,0.0
categorical__primary_category_Advertising|Marketing Automation,0.0
categorical__primary_category_Advertising|Media,0.0
categorical__primary_category_Advertising|Media|Optimization|Software,0.0
categorical__primary_category_Advertising|Media|Publishing,0.0
categorical__primary_category_Advertising|Media|Technology,0.0
categorical__primary_category_Advertising|Media|Web Development,0.0
categorical__primary_category_Advertising|MicroBlogging|Mobile|Telecommunications,0.0
categorical__primary_category_Advertising|Mobile,0.0
categorical__primary_category_Advertising|Mobile Advertising,0.0
categorical__primary_category_Advertising|Mobile|Mobile Advertising,0.0
categorical__primary_category_Advertising|Mobile|Mobile Commerce|Telecommunications,0.0
categorical__primary_category_Advertising|Mobile|Monetization,0.0
categorical__primary_category_Advertising|Mobile|Retail,0.0
categorical__primary_category_Advertising|Mobile|Services,0.0
categorical__primary_category_Advertising|Mobile|Shopping,0.0
categorical__primary_category_Advertising|Mobile|Software,0.0
categorical__primary_category_Advertising|Mobile|Tablets,0.0
categorical__primary_category_Advertising|Mobile|Tablets|Web Development,0.0
categorical__primary_category_Advertising|Mobile|Wireless,0.0
categorical__primary_category_Advertising|Monetization|Video,0.0
categorical__primary_category_Advertising|Music|Web Tools,0.0
categorical__primary_category_Advertising|Networking|Sales and Marketing|SNS|Social Media|Web Tools,0.0
categorical__primary_category_Advertising|News,0.0
categorical__primary_category_Advertising|News|Social Media,0.0
categorical__primary_category_Advertising|Optimization|Services,0.0
categorical__primary_category_Advertising|Personalization,0.0
categorical__primary_category_Advertising|Photography,0.0
categorical__primary_category_Advertising|Plumbers|Search,0.0
categorical__primary_category_Advertising|Printing|University Students,0.0
categorical__primary_category_Advertising|Promotional|Retail,0.0
categorical__primary_category_Advertising|Publishing|Soccer|Social Media|Sports|Web Hosting,0.0
categorical__primary_category_Advertising|Restaurants,0.0
categorical__primary_category_Advertising|SEO|Video,0.0
categorical__primary_category_Advertising|SMS,0.0
categorical__primary_category_Advertising|SaaS,0.0
categorical__primary_category_Advertising|Sales and Marketing,0.0
categorical__primary_category_Advertising|Sales and Marketing|Semantic Search|SEO,0.0
categorical__primary_category_Advertising|Sales and Marketing|Social Media,0.0
categorical__primary_category_Advertising|Sales and Marketing|Social Media Advertising,0.0
categorical__primary_category_Advertising|Sales and Marketing|Software,0.0
categorical__primary_category_Advertising|Search,0.0
categorical__primary_category_Advertising|Search Marketing,0.0
categorical__primary_category_Advertising|Search Marketing|Technology,0.0
categorical__primary_category_Advertising|Search|Technology,0.0
categorical__primary_category_Advertising|Semantic Search,0.0
categorical__primary_category_Advertising|Semantic Web,0.0
categorical__primary_category_Advertising|Semantic Web|SEO,0.0
categorical__primary_category_Advertising|Services,0.0
categorical__primary_category_Advertising|Services|Technology|Travel|Vacation Rentals,0.0
categorical__primary_category_Advertising|Social Media Advertising|Social Media Marketing|Social Media Monitoring,0.0
categorical__primary_category_Advertising|Social Media Advertising|Video,0.0
categorical__primary_category_Advertising|Social Media Marketing,0.0
categorical__primary_category_Advertising|Social Media|Social Network Media,0.0
categorical__primary_category_Advertising|Social Media|Software,0.0
categorical__primary_category_Advertising|Social Media|Television|Video,0.0
categorical__primary_category_Advertising|Software,0.0
categorical__primary_category_Advertising|Subscription Businesses,0.0
categorical__primary_category_Advertising|Technology,0.0
categorical__primary_category_Advertising|Video,0.0
categorical__primary_category_Advertising|Video|Video Streaming,0.0
categorical__primary_category_Advertising|Virtual Goods,0.0
categorical__primary_category_Advertising|Web CMS,0.0
categorical__primary_category_Advertising|Web Design|Web Development,0.0
categorical__primary_category_Advertising|Web Tools,0.0
categorical__primary_category_Advice|Android|Fashion|iOS|Mobile|Photography|Social Media,0.0
categorical__primary_category_Advice|Babies|Communities|Content|Digital Media|E-Commerce|Fashion|Kids|Parenting|Toys,0.0
categorical__primary_category_Advice|Business Services|Consumers|Curated Web|Direct Marketing|Estimation and Quoting|Local,0.0
categorical__primary_category_Advice|Education|Knowledge Management,0.0
categorical__primary_category_Advice|Finance|Internet,0.0
categorical__primary_category_Advice|Games|Internet|Mobile|Parenting|Social Games|Women,0.0
categorical__primary_category_Advice|Internet Marketing|Marketing Automation,0.0
categorical__primary_category_Advice|Law Enforcement|Mobile|Opinions|Polling|Surveys,0.0
categorical__primary_category_Advice|Law Enforcement|Polling|Public Relations|Social Network Media|Surveys,0.0
categorical__primary_category_Aerospace|Analytics|Drones|Hardware + Software|Open Source|SaaS,0.0
categorical__primary_category_Aerospace|Big Data,0.0
categorical__primary_category_Aerospace|Big Data|Internet|Real Time|Technology,0.0
categorical__primary_category_Aerospace|Cyber Security|Defense|Space Travel,0.0
categorical__primary_category_Aerospace|Defense|Services|Technology,0.0
categorical__primary_category_Aerospace|Drones|Robotics,0.0
categorical__primary_category_Aerospace|Industrial|New Technologies,0.0
categorical__primary_category_Aerospace|Manufacturing|Transportation,0.0
categorical__primary_category_Agriculture|Automotive|Business Services|Investment Management,0.0
categorical__primary_category_Agriculture|Biotechnology,0.0
categorical__primary_category_Agriculture|Biotechnology|Pharmaceuticals,0.0
categorical__primary_category_Agriculture|Business Services|Farming,0.0
categorical__primary_category_Agriculture|Clean Energy|Life Sciences,0.0
categorical__primary_category_Agriculture|Consumer Goods,0.0
categorical__primary_category_Agriculture|Development Platforms|Technology,0.0
categorical__primary_category_Agriculture|Finance|FinTech|News|Risk Management,0.0
categorical__primary_category_Agriculture|Software,0.0
categorical__primary_category_Algorithms|Curated Web|Postal and Courier Services,0.0
categorical__primary_category_Algorithms|Databases|Software,0.0
categorical__primary_category_Algorithms|Fashion|Lifestyle,0.0
categorical__primary_category_Algorithms|Office Space|Professional Services,0.0
categorical__primary_category_Algorithms|Oil and Gas|Service Providers|Software,0.0
categorical__primary_category_All Markets|Android|Curated Web|iPad|Navigation,0.0
categorical__primary_category_All Markets|Auctions|Business Services|E-Commerce|Internet|Search,0.0
categorical__primary_category_All Markets|Consumer Electronics|Hardware + Software|Semiconductors|Wireless,0.0
categorical__primary_category_All Students|Charter Schools|Education|Teachers,0.0
categorical__primary_category_All Students|Collaboration|Education,0.0
categorical__primary_category_All Students|Collaboration|Education|High Schools|Teachers|Video,0.0
categorical__primary_category_All Students|Colleges|Communities|Identity|Social Media,0.0
categorical__primary_category_All Students|Colleges|Information Technology|Messaging|Social Media|Universities|Web Tools,0.0
categorical__primary_category_All Students|Colleges|Restaurants,0.0
categorical__primary_category_All Students|Document Management|Education|Social Network Media,0.0
categorical__primary_category_All Students|E-Commerce|Shopping|Social Buying|Textbooks,0.0
categorical__primary_category_All Students|EdTech|Education,0.0
categorical__primary_category_All Students|Education|Marketplaces|Social Network Media|Software|Teachers,0.0
categorical__primary_category_All Students|Social Network Media,0.0
categorical__primary_category_Alumni,0.0
categorical__primary_category_Alumni|Colleges|Networking|Social Media,0.0
categorical__primary_category_Alumni|Health Care,0.0
categorical__primary_category_Analytics|Android|Apps|CRM|iOS|Marketing Automation|Mobile|Optimization|Personalization|Software,0.0
categorical__primary_category_Analytics|Android|Apps|Graphics|iPhone|Mobile|Music|RIM|Sales and Marketing|Shopping,0.0
categorical__primary_category_Analytics|Android|Data Security|Digital Rights Management|iOS|Security|Video on Demand|Video Streaming,0.0
categorical__primary_category_Analytics|App Marketing|Mobile Shopping,0.0
categorical__primary_category_Analytics|Application Performance Monitoring|Cloud Computing|SaaS|Software,0.0
categorical__primary_category_Analytics|Apps|Banking|Financial Services|FinTech|Games|Gamification|Health Care|Law Enforcement|Legal|Pharmaceuticals|Risk Management|Training,0.0
categorical__primary_category_Analytics|Apps|Big Data|Developer Tools|E-Commerce|Enterprise Software|Mobile|Online Shopping|Retail|SaaS|Software|Web Development,0.0
categorical__primary_category_Analytics|Apps|Location Based Services|Media|Mobile|Software|Technology,0.0
categorical__primary_category_Analytics|Apps|Mobile,0.0
categorical__primary_category_Analytics|Artificial Intelligence|Automotive|Big Data|Business Intelligence,0.0
categorical__primary_category_Analytics|Artificial Intelligence|Business Intelligence|Consulting|Machine Learning,0.0
categorical__primary_category_Analytics|Augmented Reality|Computer Vision|Mobile|Photography|Video,0.0
categorical__primary_category_Analytics|Automotive|Cars|Transportation,0.0
categorical__primary_category_Analytics|Auto|Distribution,0.0
categorical__primary_category_Analytics|B2B|Brand Marketing|Lead Generation|Lead Management|Optimization|Software,0.0
categorical__primary_category_Analytics|B2B|Contact Management|Lead Generation,0.0
categorical__primary_category_Analytics|B2B|Lead Generation|Real Time,0.0
categorical__primary_category_Analytics|Banking|Big Data|Retail|SaaS|Sales and Marketing|Software,0.0
categorical__primary_category_Analytics|Big Data,0.0
categorical__primary_category_Analytics|Big Data Analytics|Cloud Computing|Machine Learning|SaaS,0.0
categorical__primary_category_Analytics|Big Data Analytics|Demographies|Developer APIs|Facebook Applications|Social Media|Software|Tracking|Twitter Applications|Video Streaming,0.0
categorical__primary_category_Analytics|Big Data Analytics|Enterprise Software|Marketing Automation|Predictive Analytics|SaaS,0.0
categorical__primary_category_Analytics|Big Data Analytics|IT and Cybersecurity,0.0
categorical__primary_category_Analytics|Big Data Analytics|Journalism|Media|News|Opinions|Psychology|Reputation|Semantic Search|Startups|Text Analytics,0.0
categorical__primary_category_Analytics|Big Data Analytics|Media|Music|Software|Television|Video Streaming,0.0
categorical__primary_category_Analytics|Big Data Analytics|Photography|Photo Sharing|Search|Social Media Marketing|Video,0.0
categorical__primary_category_Analytics|Big Data|Big Data Analytics|Business Intelligence|Software,0.0
categorical__primary_category_Analytics|Big Data|Big Data Analytics|Business Intelligence|Visualization,0.0
categorical__primary_category_Analytics|Big Data|Business Intelligence,0.0
categorical__primary_category_Analytics|Big Data|Business Intelligence|Cloud Management|Data Center Automation|Data Integration|Enterprise Software|IaaS|Identity Management|Information Security|Internet of Things|Mobile Enterprise|Network Security|Predictive Analytics|Risk Management|SaaS|Unifed Communications,0.0
categorical__primary_category_Analytics|Big Data|Business Intelligence|Collaboration|Databases|Software|Video,0.0
categorical__primary_category_Analytics|Big Data|Business Intelligence|Data Integration|Data Visualization|Open Source|Predictive Analytics,0.0
categorical__primary_category_Analytics|Big Data|Business Intelligence|Databases|Real Time,0.0
categorical__primary_category_Analytics|Big Data|Cloud Computing,0.0
categorical__primary_category_Analytics|Big Data|Cloud Data Services|Development Platforms,0.0
categorical__primary_category_Analytics|Big Data|Consulting|Software,0.0
categorical__primary_category_Analytics|Big Data|Databases|Enterprise Software|Storage,0.0
categorical__primary_category_Analytics|Big Data|Databases|Software,0.0
categorical__primary_category_Analytics|Big Data|Enterprise Software|Real Time|Software,0.0
categorical__primary_category_Analytics|Big Data|Gamification|Incentives|Loyalty Programs|SaaS,0.0
categorical__primary_category_Analytics|Big Data|Insurance,0.0
categorical__primary_category_Analytics|Big Data|Internet|Media|SaaS,0.0
categorical__primary_category_Analytics|Big Data|Lead Generation|Marketing Automation,0.0
categorical__primary_category_Analytics|Big Data|Software,0.0
categorical__primary_category_Analytics|Big Data|iPad|Real Time|Social Media|Visualization,0.0
categorical__primary_category_Analytics|Bioinformatics|Biotechnology,0.0
categorical__primary_category_Analytics|Biotechnology,0.0
categorical__primary_category_Analytics|Brand Marketing|Loyalty Programs|Marketing Automation|Messaging|Mobile|Mobile Coupons|Mobile Shopping|Promotional|SMS,0.0
categorical__primary_category_Analytics|Business Analytics|Business Intelligence,0.0
categorical__primary_category_Analytics|Business Intelligence|Cloud Computing|Cloud Management|Software|Web Development,0.0
categorical__primary_category_Analytics|Business Intelligence|Cloud Computing|SaaS,0.0
categorical__primary_category_Analytics|Business Intelligence|Customer Service|Enterprise Software,0.0
categorical__primary_category_Analytics|Business Intelligence|Data Visualization|Social Media|Social Network Media|Software,0.0
categorical__primary_category_Analytics|Business Intelligence|Development Platforms|Software,0.0
categorical__primary_category_Analytics|Business Intelligence|Enterprise Software,0.0
categorical__primary_category_Analytics|Business Intelligence|Enterprise Software|SaaS,0.0
categorical__primary_category_Analytics|Business Intelligence|Enterprise Software|Search,0.0
categorical__primary_category_Analytics|Business Intelligence|Gadget|Graphics|Music|Visualization|Web Development|Web Tools,0.0
categorical__primary_category_Analytics|Business Intelligence|Open Source|Software|Web Development,0.0
categorical__primary_category_Analytics|Business Intelligence|SaaS|Software,0.0
categorical__primary_category_Analytics|Business Services|Finance|FinTech|Reviews and Recommendations|SEO|Social Media,0.0
categorical__primary_category_Analytics|Career Management|Enterprise Software,0.0
categorical__primary_category_Analytics|Career Management|Finance|Hedge Funds|Risk Management,0.0
categorical__primary_category_Analytics|Cloud Computing|Cloud Data Services,0.0
categorical__primary_category_Analytics|Cloud Computing|Media|SaaS|Software|Startups|Usability|User Experience Design,0.0
categorical__primary_category_Analytics|Cloud Security|Linux,0.0
categorical__primary_category_Analytics|Communications Infrastructure|Computers|Technology,0.0
categorical__primary_category_Analytics|Computer Vision|Market Research,0.0
categorical__primary_category_Analytics|Consulting|Enterprise Software|SaaS,0.0
categorical__primary_category_Analytics|Consumer Behavior|News,0.0
categorical__primary_category_Analytics|Consumer Electronics|Software,0.0
categorical__primary_category_Analytics|Consumers|Real Time,0.0
categorical__primary_category_Analytics|Consumers|Software,0.0
categorical__primary_category_Analytics|Contact Management|Data Security|Development Platforms|Information Security|Mobile Commerce|Mobile Enterprise|Mobile Security|Mobility|Software,0.0
categorical__primary_category_Analytics|Content Syndication|E-Commerce Platforms|Publishing|SaaS|Sales and Marketing|Software,0.0
categorical__primary_category_Analytics|Crowdsourcing|Location Based Services,0.0
categorical__primary_category_Analytics|Curated Web,0.0
categorical__primary_category_Analytics|Curated Web|Internet|Optimization|Social Media Marketing,0.0
categorical__primary_category_Analytics|Customer Service|Debt Collecting|Financial Services,0.0
categorical__primary_category_Analytics|Customer Service|E-Commerce|Loyalty Programs,0.0
categorical__primary_category_Analytics|Customer Service|Lead Management|Mobile,0.0
categorical__primary_category_Analytics|Customer Service|Software,0.0
categorical__primary_category_Analytics|Cyber Security|Visualization,0.0
categorical__primary_category_Analytics|Data Mining|Health Care|Health Diagnostics|Image Recognition,0.0
categorical__primary_category_Analytics|Data Mining|Software,0.0
categorical__primary_category_Analytics|Databases,0.0
categorical__primary_category_Analytics|Databases|Enterprises|Enterprise Software,0.0
categorical__primary_category_Analytics|Databases|Services,0.0
categorical__primary_category_Analytics|Databases|Social Media,0.0
categorical__primary_category_Analytics|Developer APIs|Enterprises|Enterprise Software|SaaS|Services,0.0
categorical__primary_category_Analytics|Developer APIs|Finance|FinTech|Services,0.0
categorical__primary_category_Analytics|Developer APIs|Finance|Social Media|Software,0.0
categorical__primary_category_Analytics|Developer APIs|Software|Web Development|Web Tools,0.0
categorical__primary_category_Analytics|E-Books|Publishing|Textbooks|Writers,0.0
categorical__primary_category_Analytics|E-Commerce,0.0
categorical__primary_category_Analytics|E-Commerce|Optimization,0.0
categorical__primary_category_Analytics|E-Commerce|Software,0.0
categorical__primary_category_Analytics|E-Commerce|Supply Chain Management,0.0
categorical__primary_category_Analytics|Ediscovery|Local|Search,0.0
categorical__primary_category_Analytics|Electronics|Technology,0.0
categorical__primary_category_Analytics|Email Marketing|Lead Management|Marketing Automation|Mobile Advertising|Performance Marketing|Search Marketing|Social Media Marketing,0.0
categorical__primary_category_Analytics|Energy Efficiency,0.0
categorical__primary_category_Analytics|Enterprise Software|Health Care,0.0
categorical__primary_category_Analytics|Enterprise Software|Internet Marketing|Optimization|Personalization|Sales and Marketing,0.0
categorical__primary_category_Analytics|Enterprise Software|Marketing Automation|Sales and Marketing,0.0
categorical__primary_category_Analytics|Enterprise Software|Social Media Monitoring,0.0
categorical__primary_category_Analytics|Enterprise Software|Technology|Video,0.0
categorical__primary_category_Analytics|Enterprises,0.0
categorical__primary_category_Analytics|Enterprises|Enterprise Software,0.0
categorical__primary_category_Analytics|Enterprises|Enterprise Software|Gamification|Incentives|SaaS|Sales and Marketing,0.0
categorical__primary_category_Analytics|Enterprises|Enterprise Software|Services,0.0
categorical__primary_category_Analytics|Enterprises|Enterprise Software|Social Media,0.0
categorical__primary_category_Analytics|Finance,0.0
categorical__primary_category_Analytics|Finance Technology|FinTech|Risk Management,0.0
categorical__primary_category_Analytics|Finance|FinTech,0.0
categorical__primary_category_Analytics|Finance|FinTech|Information Services|Internet|Risk Management,0.0
categorical__primary_category_Analytics|Finance|Internet Marketing,0.0
categorical__primary_category_Analytics|Finance|Music,0.0
categorical__primary_category_Analytics|Finance|Politics,0.0
categorical__primary_category_Analytics|Financial Services|Governments|Law Enforcement,0.0
categorical__primary_category_Analytics|Fitness|Medical,0.0
categorical__primary_category_Analytics|Fraud Detection|Security|Software,0.0
categorical__primary_category_Analytics|Graphic Design|Internet|Web Presence Management,0.0
categorical__primary_category_Analytics|Hardware + Software|Training,0.0
categorical__primary_category_Analytics|Health Care|Payments,0.0
categorical__primary_category_Analytics|Health Diagnostics|Information Services|Monetization,0.0
categorical__primary_category_Analytics|Health Diagnostics|Medical,0.0
categorical__primary_category_Analytics|Incentives,0.0
categorical__primary_category_Analytics|Information Services|Information Technology|Mobile,0.0
categorical__primary_category_Analytics|Internet Marketing|Social Media|Software,0.0
categorical__primary_category_Analytics|Internet of Things,0.0
categorical__primary_category_Analytics|Internet|Services,0.0
categorical__primary_category_Analytics|Internet|Sports,0.0
categorical__primary_category_Analytics|Location Based Services,0.0
categorical__primary_category_Analytics|Location Based Services|Mobile|Retail|Shopping|Web Development|Wireless,0.0
categorical__primary_category_Analytics|Manufacturing|Market Research,0.0
categorical__primary_category_Analytics|Manufacturing|Test and Measurement,0.0
categorical__primary_category_Analytics|Market Research|Mobile|Mobile Software Tools,0.0
categorical__primary_category_Analytics|Marketplaces|Market Research,0.0
categorical__primary_category_Analytics|Mobile Security|SaaS,0.0
categorical__primary_category_Analytics|Mobile|SaaS,0.0
categorical__primary_category_Analytics|Network Security|Software,0.0
categorical__primary_category_Analytics|Networking|Recruiting|Social Media,0.0
categorical__primary_category_Analytics|News|Social Television|Television,0.0
categorical__primary_category_Analytics|Online Gaming,0.0
categorical__primary_category_Analytics|Optimization,0.0
categorical__primary_category_Analytics|Optimization|Personalization|Reviews and Recommendations|Software|Testing,0.0
categorical__primary_category_Analytics|Optimization|Social Media,0.0
categorical__primary_category_Analytics|Optimization|Water,0.0
categorical__primary_category_Analytics|Outsourcing|Professional Services|Surveys,0.0
categorical__primary_category_Analytics|Performance Marketing|Social Media,0.0
categorical__primary_category_Analytics|Politics|Social Media|Software,0.0
categorical__primary_category_Analytics|Predictive Analytics|Social Search,0.0
categorical__primary_category_Analytics|Productivity Software|Task Management,0.0
categorical__primary_category_Analytics|Real Time|Search|Social Media|Twitter Applications,0.0
categorical__primary_category_Analytics|Retail,0.0
categorical__primary_category_Analytics|Retail|Retail Technology,0.0
categorical__primary_category_Analytics|Retail|SaaS|Sales and Marketing|Software|Web Development,0.0
categorical__primary_category_Analytics|Reviews and Recommendations,0.0
categorical__primary_category_Analytics|Reviews and Recommendations|Social Commerce|Software,0.0
categorical__primary_category_Analytics|SaaS|Sales and Marketing|Software,0.0
categorical__primary_category_Analytics|SaaS|Software,0.0
categorical__primary_category_Analytics|Services|Software,0.0
categorical__primary_category_Analytics|Social Media,0.0
categorical__primary_category_Analytics|Social Media|Social Media Marketing|Social Media Monitoring,0.0
categorical__primary_category_Analytics|Social Media|Software,0.0
categorical__primary_category_Analytics|Social Media|Test and Measurement,0.0
categorical__primary_category_Analytics|Software,0.0
categorical__primary_category_Android|App Marketing|CRM|iPhone|Mobile Commerce|Software,0.0
categorical__primary_category_Android|App Marketing|Location Based Services|Mobile,0.0
categorical__primary_category_Android|App Marketing|iPhone|Mobile|Software,0.0
categorical__primary_category_Android|App Stores|Enterprise Software|iOS|iPad|iPhone|Mobile,0.0
categorical__primary_category_Android|App Stores|Mobile|Wireless,0.0
categorical__primary_category_Android|Application Platforms|Security,0.0
categorical__primary_category_Android|Apps|Automotive|iOS|iPad|iPhone|Mobile|Real Time,0.0
categorical__primary_category_Android|Apps|Chat|Communities|Entertainment|Games|Internet|Messaging|Mobile|Software,0.0
categorical__primary_category_Android|Apps|Cloud Computing|Collaboration|Email|Finance|Home & Garden|Internet|iOS|iPad|iPhone|Mac|Productivity Software|Software|Synchronization|Task Management|Web Development,0.0
categorical__primary_category_Android|Apps|Cloud Computing|Internet|iOS|iPhone|Mac|Mobility|Software|Web Development,0.0
categorical__primary_category_Android|Apps|Consumer Internet|Events|iPad|iPhone|Mobile,0.0
categorical__primary_category_Android|Apps|Crowdfunding|Finance|FinTech|iPhone|Mobile,0.0
categorical__primary_category_Android|Apps|Developer APIs|iPhone|iPod Touch|Location Based Services|Mobile|Photo Sharing|Search|Web Tools,0.0
categorical__primary_category_Android|Apps|EdTech|Education|Facebook Applications|iPhone|Mobile,0.0
categorical__primary_category_Android|Apps|Facebook Applications|Mobile|Social Media,0.0
categorical__primary_category_Android|Apps|File Sharing|iPhone|Mobile|Video,0.0
categorical__primary_category_Android|Apps|Hotels|iPhone|Mobile|Tourism,0.0
categorical__primary_category_Android|Apps|Identity|iOS|Messaging|Mobile|Social Media,0.0
categorical__primary_category_Android|Apps|Internet|Messaging|Mobile|Social Media|Unifed Communications|User Experience Design,0.0
categorical__primary_category_Android|Apps|Internet|iPhone|Mobile|Sales and Marketing|Software|Web Development|Web Tools,0.0
categorical__primary_category_Android|Apps|Internet|iPhone|Mobile|Technology,0.0
categorical__primary_category_Android|Apps|Messaging|Mobile|Peer-to-Peer|Video,0.0
categorical__primary_category_Android|Apps|Mobile,0.0
categorical__primary_category_Android|Apps|Software,0.0
categorical__primary_category_Android|Apps|iOS|Mobile,0.0
categorical__primary_category_Android|Apps|iOS|Mobile|Services|Web Development,0.0
categorical__primary_category_Android|Apps|iOS|Mobile|Testing,0.0
categorical__primary_category_Android|Apps|iPad|iPhone|Mobile|Software|Web CMS|Web Development,0.0
categorical__primary_category_Android|Apps|iPhone|Mobile|Productivity Software,0.0
categorical__primary_category_Android|Apps|iPhone|Mobile|Publishing,0.0
categorical__primary_category_Android|Apps|iPhone|Mobile|Real Time|Sports,0.0
categorical__primary_category_Android|Artificial Intelligence|iOS|Mobile|Natural Language Processing|Neuroscience|Search|Virtual Workforces|Windows Phone 7,0.0
categorical__primary_category_Android|B2B|Blogging Platforms|Coupons|Discounts|Hotels|Information Technology|iPhone|Local|Mobile|Public Relations|Sales and Marketing|Tourism|Travel,0.0
categorical__primary_category_Android|Big Data Analytics|iPhone|Mobile|Mobile Payments,0.0
categorical__primary_category_Android|Big Data|Mobile|Sensors,0.0
categorical__primary_category_Android|Brand Marketing|Browser Extensions|CRM|Curated Web|Facebook Applications|Marketplaces|Messaging|Social Media|Twitter Applications|Windows Phone 7,0.0
categorical__primary_category_Android|Business Services|Contact Management|Crowdsourcing|iPhone|Mobile,0.0
categorical__primary_category_Android|Chat|Finance|Gps|iPhone|Local|Location Based Services|Maps|Mobile|Social Media|Social Network Media,0.0
categorical__primary_category_Android|Chat|Messaging|Mobile|Productivity Software|SMS,0.0
categorical__primary_category_Android|Cloud Data Services|iPhone|Mobile|Natural Language Processing|Neuroscience|Software,0.0
categorical__primary_category_Android|Consulting|Enterprise Software|iPad|iPhone|Mobile|Mobility|Software,0.0
categorical__primary_category_Android|Consulting|iOS|Mobile,0.0
categorical__primary_category_Android|Consumer Internet|Email|Enterprise Software|iOS|Mobile|Mobile Security|SaaS,0.0
categorical__primary_category_Android|Cooking|Curated Web|Ediscovery|iPhone|Productivity Software|Recipes|Startups|Weddings,0.0
categorical__primary_category_Android|Cyber Security|iOS|Mobile|SaaS|Testing,0.0
categorical__primary_category_Android|Data Integration|Demographies|Facebook Applications|iPhone|Mobile|Twitter Applications,0.0
categorical__primary_category_Android|Databases|Games|Mobile|Software,0.0
categorical__primary_category_Android|Design|Facebook Applications|Outsourcing|Software,0.0
categorical__primary_category_Android|E-Commerce|Hospitality|iOS|iPhone|Mobile|Mobile Commerce|Restaurants|Sales and Marketing,0.0
categorical__primary_category_Android|E-Commerce|iPhone|Local|Location Based Services|Mobile|Peer-to-Peer|Ticketing,0.0
categorical__primary_category_Android|Enterprise Software|iOS|iPad|iPhone|Mobile|Mobile Devices|Telecommunications,0.0
categorical__primary_category_Android|Enterprises|Mobile,0.0
categorical__primary_category_Android|Entertainment|Facebook Applications|Finance|Games|iPhone|Mobile|Social Media|Software,0.0
categorical__primary_category_Android|Events|iPhone|Location Based Services|Mobile|Mobile Commerce|Social Media|Web Development,0.0
categorical__primary_category_Android|Exercise|Fitness|Gps|Health and Wellness|iPhone|Mobile|Nutrition|Social Network Media|Sports|Startups|Technology|Tracking,0.0
categorical__primary_category_Android|Facebook Applications|Gambling|Game|Games|iPhone|Social Media,0.0
categorical__primary_category_Android|Finance|Mobile,0.0
categorical__primary_category_Android|Fitness|Health and Wellness|iPhone|Sports,0.0
categorical__primary_category_Android|FreetoPlay Gaming|Games|iOS|Mobile Games|Social Games,0.0
categorical__primary_category_Android|Games,0.0
categorical__primary_category_Android|Games|Social Games,0.0
categorical__primary_category_Android|Games|iOS|Mobile Games,0.0
categorical__primary_category_Android|Games|iOS|Visualization,0.0
categorical__primary_category_Android|Games|iOS|iPhone|Location Based Services|Mobile,0.0
categorical__primary_category_Android|Image Recognition|iPhone|Mobile|Publishing|QR Codes|Sales and Marketing|Search|Visual Search,0.0
categorical__primary_category_Android|Internet|iOS|Music,0.0
categorical__primary_category_Android|Mobile,0.0
categorical__primary_category_Android|Mobile|Networking|Photo Sharing,0.0
categorical__primary_category_Android|Mobile|Testing,0.0
categorical__primary_category_Android|Navigation|Travel|Web Development,0.0
categorical__primary_category_Android|iOS|Mobile,0.0
categorical__primary_category_Android|iOS|iPad|Music|Software|Tablets,0.0
categorical__primary_category_Android|iPad|iPhone|Mobile|Productivity Software|Synchronization,0.0
categorical__primary_category_Android|iPhone|Loyalty Programs|Mobile,0.0
categorical__primary_category_Android|iPhone|Messaging|VoIP,0.0
categorical__primary_category_Android|iPhone|Mobile,0.0
categorical__primary_category_Android|iPhone|Mobile|Mobile Software Tools,0.0
categorical__primary_category_Android|iPhone|Mobile|Transportation|Travel,0.0
categorical__primary_category_Android|iPhone|Photography|Startups,0.0
categorical__primary_category_Android|iPhone|Productivity Software|Social Media|Task Management,0.0
categorical__primary_category_Angels|Digital Media|Entertainment|Finance|Music|Startups,0.0
categorical__primary_category_Animal Feed|Databases|Security,0.0
categorical__primary_category_Anything Capital Intensive|Finance|Investment Management,0.0
categorical__primary_category_Anything Capital Intensive|News|Trading,0.0
categorical__primary_category_App Marketing|Apps|Coupons|Discounts|E-Commerce|Location Based Services|Mobile|Mobile Commerce|Online Reservations|QR Codes|Retail|Sales and Marketing|Shopping,0.0
categorical__primary_category_App Marketing|Apps|Mobile|Mobile Games,0.0
categorical__primary_category_App Marketing|Baby Accessories|Curated Web|Mobile Shopping,0.0
categorical__primary_category_App Marketing|Coupons|Discounts|Mobile,0.0
categorical__primary_category_App Marketing|Coupons|Location Based Services|Mobile|Reviews and Recommendations|Ticketing,0.0
categorical__primary_category_App Marketing|Email Marketing|Internet Marketing|Software,0.0
categorical__primary_category_App Marketing|Email|Email Marketing|Social Media Marketing|Software,0.0
categorical__primary_category_App Marketing|Internet Marketing|Mobile,0.0
categorical__primary_category_App Marketing|Messaging|Mobile|SMS,0.0
categorical__primary_category_App Stores|Cloud Computing|Cloud Data Services|Enterprise Software|SaaS|Software|Storage,0.0
categorical__primary_category_App Stores|E-Commerce|Enterprise Software|Marketplaces,0.0
categorical__primary_category_App Stores|Email|Enterprise Software|Productivity Software|SaaS,0.0
categorical__primary_category_App Stores|Enterprise Software|Finance|Internet|Twitter Applications,0.0
categorical__primary_category_App Stores|Entertainment|iPhone|Mobile|Shopping,0.0
categorical__primary_category_App Stores|Mobile|Video,0.0
categorical__primary_category_App Stores|iPhone|Mobile,0.0
categorical__primary_category_Application Performance Monitoring|Big Data Analytics|Business Analytics|Software,0.0
categorical__primary_category_Application Performance Monitoring|Film|Media,0.0
categorical__primary_category_Application Platforms,0.0
categorical__primary_category_Application Platforms|Apps|Crowdfunding,0.0
categorical__primary_category_Application Platforms|Apps|Match-Making|Mobile|Networking|Online Dating,0.0
categorical__primary_category_Application Platforms|Apps|Services,0.0
categorical__primary_category_Application Platforms|Bitcoin|Online Identity,0.0
categorical__primary_category_Application Platforms|Business Services|Games,0.0
categorical__primary_category_Application Platforms|Cloud Computing|Enterprise Application|Enterprise Software|Open Source|PaaS|Web Development,0.0
categorical__primary_category_Application Platforms|Cloud Computing|Enterprises,0.0
categorical__primary_category_Application Platforms|Cloud Data Services|Mobile Software Tools|Software,0.0
categorical__primary_category_Application Platforms|Collaboration|Social Media,0.0
categorical__primary_category_Application Platforms|Colleges|Services,0.0
categorical__primary_category_Application Platforms|Communications Infrastructure|Financial Services,0.0
categorical__primary_category_Application Platforms|Consulting|Investment Management,0.0
categorical__primary_category_Application Platforms|Curated Web|Interface Design|Web Hosting,0.0
categorical__primary_category_Application Platforms|Curated Web|Mobile,0.0
categorical__primary_category_Application Platforms|Customer Service|Software,0.0
categorical__primary_category_Application Platforms|Data Center Automation|Data Centers,0.0
categorical__primary_category_Application Platforms|Delivery|Services,0.0
categorical__primary_category_Application Platforms|Development Platforms,0.0
categorical__primary_category_Application Platforms|Development Platforms|Internet,0.0
categorical__primary_category_Application Platforms|Development Platforms|Mobile,0.0
categorical__primary_category_Application Platforms|Development Platforms|Shared Services,0.0
categorical__primary_category_Application Platforms|Development Platforms|Virtual Worlds,0.0
categorical__primary_category_Application Platforms|Education|Services,0.0
categorical__primary_category_Application Platforms|Elder Care|Marketplaces,0.0
categorical__primary_category_Application Platforms|Events|Fantasy Sports,0.0
categorical__primary_category_Application Platforms|Game|Information Services|Information Technology|Software|Web Hosting,0.0
categorical__primary_category_Application Platforms|Health and Wellness|Information Services,0.0
categorical__primary_category_Application Platforms|Information Technology|Service Providers,0.0
categorical__primary_category_Application Platforms|Internet|Services,0.0
categorical__primary_category_Application Platforms|Internet|Software,0.0
categorical__primary_category_Application Platforms|Internet|Software|Video,0.0
categorical__primary_category_Application Platforms|Internet|Web Development,0.0
categorical__primary_category_Application Platforms|Match-Making|Service Providers,0.0
categorical__primary_category_Application Platforms|Medical|Services,0.0
categorical__primary_category_Application Platforms|Messaging|Photo Sharing,0.0
categorical__primary_category_Application Platforms|Mobile|Retail,0.0
categorical__primary_category_Application Platforms|Mobile|Service Providers,0.0
categorical__primary_category_Application Platforms|Mobile|Software,0.0
categorical__primary_category_Application Platforms|Mobile|Web Development,0.0
categorical__primary_category_Application Platforms|Online Rental|Web Hosting,0.0
categorical__primary_category_Application Platforms|Online Reservations|Social Media,0.0
categorical__primary_category_Application Platforms|Professional Services|Project Management,0.0
categorical__primary_category_Application Platforms|Social Games|Social Network Media,0.0
categorical__primary_category_Application Platforms|Social Media,0.0
categorical__primary_category_Application Platforms|Social Media|Sports,0.0
categorical__primary_category_Application Platforms|mHealth|Tracking,0.0
categorical__primary_category_Apps|App Stores|Boating Industry,0.0
categorical__primary_category_Apps|App Stores|Brand Marketing|Consulting|Entertainment|iPhone|Media|Mobile|Music|Sales and Marketing|Social Media,0.0
categorical__primary_category_Apps|App Stores|Developer APIs|Mobile|Publishing|Software,0.0
categorical__primary_category_Apps|App Stores|Education|Games|iPad,0.0
categorical__primary_category_Apps|App Stores|Software,0.0
categorical__primary_category_Apps|App Stores|iPhone|Restaurants|Search,0.0
categorical__primary_category_Apps|Artificial Intelligence|Cooking,0.0
categorical__primary_category_Apps|Artificial Intelligence|Machine Learning|Mobile,0.0
categorical__primary_category_Apps|Audio|Big Data|Language Learning|Mobile|Offline Businesses|Translation,0.0
categorical__primary_category_Apps|Audio|Consumer Electronics|Media|Networking|Software,0.0
categorical__primary_category_Apps|Augmented Reality|Mobile|Music|Nightlife|Software|Startups,0.0
categorical__primary_category_Apps|Augmented Reality|Sports,0.0
categorical__primary_category_Apps|Beauty|Health and Wellness|Marketplaces|Real Time,0.0
categorical__primary_category_Apps|Beauty|Lifestyle,0.0
categorical__primary_category_Apps|Big Data|Mobile,0.0
categorical__primary_category_Apps|Big Data|Mobile|Predictive Analytics,0.0
categorical__primary_category_Apps|Brand Marketing|Games,0.0
categorical__primary_category_Apps|Broadcasting|iPhone|Location Based Services|Music|Social Media,0.0
categorical__primary_category_Apps|Business Services|Information Technology|Software,0.0
categorical__primary_category_Apps|Business Services|Local,0.0
categorical__primary_category_Apps|Cable|Distribution|Software,0.0
categorical__primary_category_Apps|Celebrity|Facebook Applications|News|Video Streaming,0.0
categorical__primary_category_Apps|Chat|Mobile|Online Dating,0.0
categorical__primary_category_Apps|Cloud Computing|Developer Tools|Development Platforms|IaaS|PaaS|Software,0.0
categorical__primary_category_Apps|Cloud Computing|Enterprise Software|Mobile,0.0
categorical__primary_category_Apps|Cloud Computing|Enterprise Software|Open Source|PaaS|Web Hosting,0.0
categorical__primary_category_Apps|Cloud Computing|Enterprise Software|Web Hosting,0.0
categorical__primary_category_Apps|Cloud Computing|Games|Mobile|Portals,0.0
categorical__primary_category_Apps|Cloud Computing|Open Source|Venture Capital|Web Hosting,0.0
categorical__primary_category_Apps|Cloud Computing|PaaS|Software,0.0
categorical__primary_category_Apps|Collaboration|Mobile|Productivity Software,0.0
categorical__primary_category_Apps|Colleges|Curated Web,0.0
categorical__primary_category_Apps|Communities|Mobile,0.0
categorical__primary_category_Apps|Computers|Software,0.0
categorical__primary_category_Apps|Concerts|Ediscovery|Events|Facebook Applications|Mobile|Music|Social Media Marketing,0.0
categorical__primary_category_Apps|Concerts|Ediscovery|iOS|Mobile|Music|Ticketing,0.0
categorical__primary_category_Apps|Consulting|Services,0.0
categorical__primary_category_Apps|Consulting|Technology,0.0
categorical__primary_category_Apps|Consumer Goods|Delivery|Services,0.0
categorical__primary_category_Apps|Consumer Goods|iPhone|Mobile|Online Reservations|Social Network Media|Sports|Wireless,0.0
categorical__primary_category_Apps|Contact Management|Search|Software,0.0
categorical__primary_category_Apps|Corporate Wellness|Mobile,0.0
categorical__primary_category_Apps|Curated Web|Databases|Internet|PaaS|Software|Web Development,0.0
categorical__primary_category_Apps|Curated Web|Internet|Social Network Media,0.0
categorical__primary_category_Apps|Curated Web|iPhone|Location Based Services|Online Reservations,0.0
categorical__primary_category_Apps|Customer Service|Internet|Software,0.0
categorical__primary_category_Apps|Data Integration|Technology,0.0
categorical__primary_category_Apps|Databases|Internet|Personalization,0.0
categorical__primary_category_Apps|Design,0.0
categorical__primary_category_Apps|Design|E-Commerce|Marketplaces,0.0
categorical__primary_category_Apps|Design|Enterprises|Mobile,0.0
categorical__primary_category_Apps|Design|Publishing,0.0
categorical__primary_category_Apps|Design|Web Development,0.0
categorical__primary_category_Apps|Developer APIs|iOS|Mobile Software Tools|Open Source,0.0
categorical__primary_category_Apps|Discounts|Promotional,0.0
categorical__primary_category_Apps|Doctors|Health and Wellness|Health Care|Health Care Information Technology|Medical|Networking|Physicians|Technology,0.0
categorical__primary_category_Apps|E-Books|Education|iPad|Publishing,0.0
categorical__primary_category_Apps|E-Commerce|Mobile|Mobile Commerce,0.0
categorical__primary_category_Apps|E-Commerce|Retail,0.0
categorical__primary_category_Apps|Education,0.0
categorical__primary_category_Apps|Education|Mobile,0.0
categorical__primary_category_Apps|Email|Mobile,0.0
categorical__primary_category_Apps|Enterprise Software|Facebook Applications|Media|SaaS|Social Media|Social Media Marketing|Social Network Media|Software,0.0
categorical__primary_category_Apps|Enterprise Software|IaaS|Infrastructure|PaaS|Virtualization,0.0
categorical__primary_category_Apps|Enterprises|Mobile|Security|Software,0.0
categorical__primary_category_Apps|Entertainment Industry|Music|Video Streaming,0.0
categorical__primary_category_Apps|Entertainment|Games,0.0
categorical__primary_category_Apps|Entertainment|Graphics|Music,0.0
categorical__primary_category_Apps|Entertainment|Internet,0.0
categorical__primary_category_Apps|Entertainment|Kids|Mobile|Publishing,0.0
categorical__primary_category_Apps|Entrepreneur|Location Based Services,0.0
categorical__primary_category_Apps|Exercise|Fitness|Gamification|Online Gaming,0.0
categorical__primary_category_Apps|Facebook Applications|Games|Social Games|Social Network Media|Web Tools,0.0
categorical__primary_category_Apps|Facebook Applications|Mobile|Social Commerce|Social Games|Social Media,0.0
categorical__primary_category_Apps|Facebook Applications|iPhone|Mobile|Social Network Media|Twitter Applications,0.0
categorical__primary_category_Apps|Fashion,0.0
categorical__primary_category_Apps|Finance|Mobile|Sports,0.0
categorical__primary_category_Apps|Fitness|Training,0.0
categorical__primary_category_Apps|Freelancers|Freemium|Recruiting|Search|Skill Assessment|Social Network Media|Social Recruiting,0.0
categorical__primary_category_Apps|Games|Gamification,0.0
categorical__primary_category_Apps|Games|Mobile,0.0
categorical__primary_category_Apps|Games|Mobile|Software,0.0
categorical__primary_category_Apps|Games|Social Media,0.0
categorical__primary_category_Apps|Google Apps|Mobile,0.0
categorical__primary_category_Apps|Health Diagnostics|IT Management|Networking|Software,0.0
categorical__primary_category_Apps|Health and Wellness|Health Care,0.0
categorical__primary_category_Apps|Health and Wellness|Mobile,0.0
categorical__primary_category_Apps|Hotels|Internet|Mobile|Online Reservations|Travel,0.0
categorical__primary_category_Apps|Information Services|Information Technology|Security,0.0
categorical__primary_category_Apps|Intellectual Property|Mobile,0.0
categorical__primary_category_Apps|Interior Design|Mobile,0.0
categorical__primary_category_Apps|Internet,0.0
categorical__primary_category_Apps|Internet|Marketplaces,0.0
categorical__primary_category_Apps|Internet|Messaging,0.0
categorical__primary_category_Apps|Internet|Mobile,0.0
categorical__primary_category_Apps|Internet|Restaurants|Search,0.0
categorical__primary_category_Apps|Internet|Software,0.0
categorical__primary_category_Apps|Internet|Technology,0.0
categorical__primary_category_Apps|Kids|Publishing,0.0
categorical__primary_category_Apps|Local Search|Mobile|Search,0.0
categorical__primary_category_Apps|Loyalty Programs|Mobile,0.0
categorical__primary_category_Apps|Maps|Mobile,0.0
categorical__primary_category_Apps|Marketplaces|Shopping,0.0
categorical__primary_category_Apps|Messaging|Mobile,0.0
categorical__primary_category_Apps|Mobile,0.0
categorical__primary_category_Apps|Mobile Advertising|Mobile Commerce,0.0
categorical__primary_category_Apps|Mobile Shopping|Online Shopping,0.0
categorical__primary_category_Apps|Mobile|Mobile Commerce|Mobile Payments|Web Development,0.0
categorical__primary_category_Apps|Mobile|Mobility|Software,0.0
categorical__primary_category_Apps|Mobile|News,0.0
categorical__primary_category_Apps|Mobile|Online Dating,0.0
categorical__primary_category_Apps|Mobile|Portals|Recruiting,0.0
categorical__primary_category_Apps|Mobile|Religion|Social Network Media,0.0
categorical__primary_category_Apps|Mobile|Search,0.0
categorical__primary_category_Apps|Mobile|Service Providers|Software,0.0
categorical__primary_category_Apps|Mobile|Social Media,0.0
categorical__primary_category_Apps|Mobile|Social Network Media,0.0
categorical__primary_category_Apps|Mobile|Software,0.0
categorical__primary_category_Apps|Mobile|Startups,0.0
categorical__primary_category_Apps|Mobile|Technology|Web Tools,0.0
categorical__primary_category_Apps|Mobile|Ticketing|Training,0.0
categorical__primary_category_Apps|Mobile|Video,0.0
categorical__primary_category_Apps|Mobile|Wireless,0.0
categorical__primary_category_Apps|Online Rental|Real Estate|Rental Housing,0.0
categorical__primary_category_Apps|Online Shopping|Wearables,0.0
categorical__primary_category_Apps|Open Source|Software,0.0
categorical__primary_category_Apps|Operating Systems|Software,0.0
categorical__primary_category_Apps|Photo Sharing|Video,0.0
categorical__primary_category_Apps|Photography|Photo Sharing,0.0
categorical__primary_category_Apps|Photography|Video|Video on Demand,0.0
categorical__primary_category_Apps|Public Transportation,0.0
categorical__primary_category_Apps|Publishing|Social Media|Social Media Marketing,0.0
categorical__primary_category_Apps|Real Time|Video Chat|Video Conferencing,0.0
categorical__primary_category_Apps|Restaurants|Search,0.0
categorical__primary_category_Apps|Services,0.0
categorical__primary_category_Apps|Services|Small and Medium Businesses,0.0
categorical__primary_category_Apps|Services|Social Network Media,0.0
categorical__primary_category_Apps|Social Media,0.0
categorical__primary_category_Apps|Social Media|Social Network Media,0.0
categorical__primary_category_Apps|Software,0.0
categorical__primary_category_Apps|Travel|Travel & Tourism,0.0
categorical__primary_category_Apps|iOS|Shopping,0.0
categorical__primary_category_Apps|iOS|iPad|iPhone|Mobile|SaaS,0.0
categorical__primary_category_Apps|iPhone|Mobile|Mobile Commerce|Retail|Startups,0.0
categorical__primary_category_Apps|iPhone|Mobile|Real Time|Software,0.0
categorical__primary_category_Apps|iPhone|Mobile|Software,0.0
categorical__primary_category_Architecture,0.0
categorical__primary_category_Architecture|Automotive|Mobility,0.0
categorical__primary_category_Architecture|Banking|Finance,0.0
categorical__primary_category_Architecture|Business Intelligence|Software,0.0
categorical__primary_category_Architecture|Commercial Real Estate|Construction|Software,0.0
categorical__primary_category_Architecture|Construction|Design,0.0
categorical__primary_category_Architecture|Construction|Tablets,0.0
categorical__primary_category_Architecture|Market Research|Services,0.0
categorical__primary_category_Architecture|Network Security|Real Time,0.0
categorical__primary_category_Archiving|Business Services|Ediscovery|Enterprises|Enterprise Software|Information Services|Virtualization,0.0
categorical__primary_category_Archiving|Curated Web|Information Technology|Social Media,0.0
categorical__primary_category_Archiving|Messaging|Video Conferencing,0.0
categorical__primary_category_Art,0.0
categorical__primary_category_Artificial Intelligence|Augmented Reality|Computer Vision|Drones|Machine Learning,0.0
categorical__primary_category_Artificial Intelligence|Big Data|Big Data Analytics|Computer Vision|Developer APIs|Enterprise Software|Machine Learning|Natural Language Processing|Text Analytics,0.0
categorical__primary_category_Artificial Intelligence|Big Data|Big Data Analytics|Consumer Goods|Fmcg|Performance Marketing|Predictive Analytics|Software,0.0
categorical__primary_category_Artificial Intelligence|Career Management|Curated Web|Employment|Recruiting,0.0
categorical__primary_category_Artificial Intelligence|Consumers|Curated Web|Developer APIs|Document Management|Internet|Machine Learning|Mobile|Semantic Search|Software,0.0
categorical__primary_category_Artificial Intelligence|Curated Web,0.0
categorical__primary_category_Artificial Intelligence|Design|Interest Graph|Services|Software|Technology|Web Development|Web Tools,0.0
categorical__primary_category_Artificial Intelligence|Design|Trading,0.0
categorical__primary_category_Artificial Intelligence|Games,0.0
categorical__primary_category_Artificial Intelligence|Information Services|Information Technology|Robotics,0.0
categorical__primary_category_Artificial Intelligence|Online Reservations|Restaurants|Search|Startups,0.0
categorical__primary_category_Artificial Intelligence|Opinions|Social Media|Software,0.0
categorical__primary_category_Artificial Intelligence|Reputation|Social Media|Software,0.0
categorical__primary_category_Artificial Intelligence|Services|Sports,0.0
categorical__primary_category_Artificial Intelligence|Social Media,0.0
categorical__primary_category_Artists Globally|Audio|Games|Music,0.0
categorical__primary_category_Artists Globally|Consumer Goods|Games|Identity|Music|Social Media|Social Network Media|Video,0.0
categorical__primary_category_Artists Globally|Music,0.0
categorical__primary_category_Artists Globally|Music|Sales and Marketing|Software,0.0
categorical__primary_category_Artists Globally|Social Media,0.0
categorical__primary_category_Art|Artists Globally|Auctions|Finance|Photography,0.0
categorical__primary_category_Art|Brand Marketing|Design|E-Commerce|Fashion,0.0
categorical__primary_category_Art|Creative|Curated Web|Design,0.0
categorical__primary_category_Art|Creative|Networking,0.0
categorical__primary_category_Art|Curated Web,0.0
categorical__primary_category_Art|Curated Web|Local Businesses,0.0
categorical__primary_category_Art|Curated Web|Photography,0.0
categorical__primary_category_Art|Design|Product Design,0.0
categorical__primary_category_Art|SaaS|Services,0.0
categorical__primary_category_Assisitive Technology|Biotechnology|Clean Technology|Nanotechnology,0.0
categorical__primary_category_Assisitive Technology|Consumer Electronics|Health Care Information Technology|Telecommunications,0.0
categorical__primary_category_Assisitive Technology|DIY|Education|Hardware + Software|Information Technology|Robotics,0.0
categorical__primary_category_Assisitive Technology|Innovation Management|New Product Development,0.0
categorical__primary_category_Assisitive Technology|Manufacturing,0.0
categorical__primary_category_Auctions|Automotive|Marketplaces,0.0
categorical__primary_category_Auctions|Building Products|E-Commerce|Marketplaces|Online Shopping|Optimization|Promotional|Retail Technology|SaaS|Search,0.0
categorical__primary_category_Auctions|Curated Web,0.0
categorical__primary_category_Auctions|Curated Web|E-Commerce,0.0
categorical__primary_category_Auctions|Curated Web|Internet|Social Media|Trading|Web Development,0.0
categorical__primary_category_Auctions|E-Commerce,0.0
categorical__primary_category_Auctions|E-Commerce|Entertainment|Fashion,0.0
categorical__primary_category_Auctions|E-Commerce|Internet,0.0
categorical__primary_category_Auctions|E-Commerce|Shopping,0.0
categorical__primary_category_Auctions|Finance|Governments,0.0
categorical__primary_category_Auctions|Games|Online Dating,0.0
categorical__primary_category_Auctions|Nonprofits,0.0
categorical__primary_category_Audio|Automotive|Mobile|Wearables,0.0
categorical__primary_category_Audio|Blogging Platforms|Mobile,0.0
categorical__primary_category_Audio|Broadcasting|Games|Music,0.0
categorical__primary_category_Audio|Chat|Games|VoIP,0.0
categorical__primary_category_Audio|Cloud Computing|Data Security|SaaS|Software|Video|Web Development,0.0
categorical__primary_category_Audio|Collaboration|Crowdsourcing|Email|Events|iPhone|Mobile|Mobile Emergency&Health|Security|SMS,0.0
categorical__primary_category_Audio|Consumer Electronics|Semiconductors,0.0
categorical__primary_category_Audio|Content|Content Syndication|Distribution|Entertainment|Licensing|Media|Music|News|Product Development Services|Video,0.0
categorical__primary_category_Audio|Databases|Email|Facebook Applications|iPhone|Mobile|SMS|Social Network Media|Software|Twitter Applications|Wireless,0.0
categorical__primary_category_Audio|Developer APIs|Mobile|Telecommunications,0.0
categorical__primary_category_Audio|Developer APIs|SEO|Social Media|Software|Speech Recognition|Video|Video Streaming|Web Development,0.0
categorical__primary_category_Audio|Emerging Markets|Information Technology|Infrastructure|Messaging|Mobile|Networking|SMS|Social Entrepreneurship|Social Media|Software|Technology|Telecommunications|Telephony|Wireless,0.0
categorical__primary_category_Audio|Games|Mobile|Music,0.0
categorical__primary_category_Audio|Games|Search|Video|Video Streaming,0.0
categorical__primary_category_Audio|Hardware + Software|Music|Sports,0.0
categorical__primary_category_Audio|Media|Mobile|News,0.0
categorical__primary_category_Audio|Media|Startups|Video,0.0
categorical__primary_category_Audio|Messaging,0.0
categorical__primary_category_Audio|Messaging|Mobile,0.0
categorical__primary_category_Audio|Messaging|Mobile|Mobile Commerce|Social Media|Social Network Media,0.0
categorical__primary_category_Audio|Messaging|Mobile|Speech Recognition|Telecommunications|Telephony,0.0
categorical__primary_category_Audio|Mobile,0.0
categorical__primary_category_Audio|Mobile|Music,0.0
categorical__primary_category_Audio|Mobile|Music|SMS|Web Tools,0.0
categorical__primary_category_Audio|Mobile|VoIP,0.0
categorical__primary_category_Audio|SaaS|Video,0.0
categorical__primary_category_Audio|Semiconductors,0.0
categorical__primary_category_Audio|Software|Speech Recognition,0.0
categorical__primary_category_Audio|Telecommunications|Video Conferencing,0.0
categorical__primary_category_Audio|Video,0.0
categorical__primary_category_Augmented Reality|Computer Vision|Games|iPad|Mobile,0.0
categorical__primary_category_Augmented Reality|Enterprise Software|Intellectual Asset Management|Maps|Smart Grid,0.0
categorical__primary_category_Augmented Reality|Games|Software|Virtualization,0.0
categorical__primary_category_Augmented Reality|Google Glass|Human Computer Interaction|Internet of Things|Mobile|Software|Wearables,0.0
categorical__primary_category_Augmented Reality|Image Recognition|Photography,0.0
categorical__primary_category_Augmented Reality|Internet of Things|Mobile|User Experience Design|Wearables,0.0
categorical__primary_category_Automated Kiosk|Content|Social Media,0.0
categorical__primary_category_Automated Kiosk|Document Management|Services,0.0
categorical__primary_category_Automated Kiosk|Entertainment|Manufacturing,0.0
categorical__primary_category_Automotive,0.0
categorical__primary_category_Automotive|Business Development|Data Visualization|Mobile|RFID|Software|Systems|Tracking,0.0
categorical__primary_category_Automotive|Business Services|Technology,0.0
categorical__primary_category_Automotive|CRM|Enterprise Software|SaaS,0.0
categorical__primary_category_Automotive|Cars|Curated Web,0.0
categorical__primary_category_Automotive|Cars|E-Commerce,0.0
categorical__primary_category_Automotive|Cars|E-Commerce|Insurance|Internet|Retail|Services,0.0
categorical__primary_category_Automotive|Classifieds|Portals,0.0
categorical__primary_category_Automotive|Clean Energy|Cloud Computing|Internet|Software|Wireless,0.0
categorical__primary_category_Automotive|Clean Technology,0.0
categorical__primary_category_Automotive|Clean Technology|Energy|Technology,0.0
categorical__primary_category_Automotive|Cloud Computing|Cloud Management|Enterprise Software|Software,0.0
categorical__primary_category_Automotive|Cloud Computing|Web Development|Web Hosting,0.0
categorical__primary_category_Automotive|Collaboration|CRM|Email|Lead Management|Project Management|Public Relations|Task Management|Tracking,0.0
categorical__primary_category_Automotive|Collaborative Consumption,0.0
categorical__primary_category_Automotive|Communications Hardware|Mobile|Mobility,0.0
categorical__primary_category_Automotive|Consumer Goods|E-Commerce|Online Shopping,0.0
categorical__primary_category_Automotive|Consumer Internet|Media|Networking,0.0
categorical__primary_category_Automotive|Coupons|Discounts|Group Buying|Retail|Social Commerce|Software,0.0
categorical__primary_category_Automotive|Curated Web|Media|Publishing|Social Media|Video Streaming,0.0
categorical__primary_category_Automotive|Customer Service|Sporting Goods,0.0
categorical__primary_category_Automotive|Data Security|Education|Kids|Portals|Public Relations,0.0
categorical__primary_category_Automotive|Design|Real Time,0.0
categorical__primary_category_Automotive|Distribution|E-Commerce|Travel,0.0
categorical__primary_category_Automotive|Distribution|Manufacturing,0.0
categorical__primary_category_Automotive|E-Commerce,0.0
categorical__primary_category_Automotive|Electrical Distribution|Hardware + Software,0.0
categorical__primary_category_Automotive|Enterprise Software|Shipping|Software|Transportation,0.0
categorical__primary_category_Automotive|Finance|Software,0.0
categorical__primary_category_Automotive|Heavy Industry|Manufacturing,0.0
categorical__primary_category_Automotive|Information Services|Mobile,0.0
categorical__primary_category_Automotive|Innovation Engineering|Technology,0.0
categorical__primary_category_Automotive|Limousines|Public Transportation|Real Time|SEO,0.0
categorical__primary_category_Automotive|Location Based Services|Tracking,0.0
categorical__primary_category_Automotive|Manufacturing|Services,0.0
categorical__primary_category_Automotive|Mobile Commerce|SaaS,0.0
categorical__primary_category_Automotive|Music|Sports|Video,0.0
categorical__primary_category_Automotive|Public Transportation,0.0
categorical__primary_category_Automotive|SaaS|Services,0.0
categorical__primary_category_Automotive|Services|Technology,0.0
categorical__primary_category_Automotive|Social Commerce|Social Media|Social Network Media,0.0
categorical__primary_category_Automotive|Software|Startups,0.0
categorical__primary_category_Automotive|Transportation,0.0
categorical__primary_category_Auto|Automotive|Cars,0.0
categorical__primary_category_Auto|Automotive|Cars|Curated Web,0.0
categorical__primary_category_Auto|Automotive|Cars|Photography|Social Media|Social Network Media|Video,0.0
categorical__primary_category_Auto|Automotive|Cars|Social Network Media,0.0
categorical__primary_category_Auto|Automotive|Technology,0.0
categorical__primary_category_Auto|Business Services|Cars|Consumers|Finance|Legal,0.0
categorical__primary_category_Auto|Cars|Curated Web|Insurance,0.0
categorical__primary_category_B2B Express Delivery|Big Data|Content Delivery|Logistics|Machine Learning|Marketing Automation|Mobile Commerce|Predictive Analytics|Restaurants|Supply Chain Management|Transportation,0.0
categorical__primary_category_B2B Express Delivery|Delivery|Drones|Transportation,0.0
categorical__primary_category_B2B|Big Data|Business Services|Credit|Finance|Financial Services,0.0
categorical__primary_category_B2B|Brand Marketing|Lead Generation|Marketing Automation|Sales and Marketing|Software,0.0
categorical__primary_category_B2B|Business Analytics|Content Discovery|Curated Web,0.0
categorical__primary_category_B2B|Business Services|Enterprises|Governments|M2M|Mobile|Technology,0.0
categorical__primary_category_B2B|Business Services|Finance|Payments,0.0
categorical__primary_category_B2B|Business Services|Services,0.0
categorical__primary_category_B2B|Consulting|Employment|Recruiting|Software,0.0
categorical__primary_category_B2B|Curated Web|Digital Media|News,0.0
categorical__primary_category_B2B|Curated Web|Internet Marketing|Procurement,0.0
categorical__primary_category_B2B|Delivery|Services,0.0
categorical__primary_category_B2B|Distribution|Online Reservations|Tourism|Travel,0.0
categorical__primary_category_B2B|Domains|Entrepreneur|Internet|Sales and Marketing|Small and Medium Businesses|Software|Startups|Web Development,0.0
categorical__primary_category_B2B|E-Commerce|Internet of Things,0.0
categorical__primary_category_B2B|Enterprises|Software,0.0
categorical__primary_category_B2B|Finance|Financial Services|FinTech|Web Development,0.0
categorical__primary_category_B2B|Games|Internet|Networking|Sales and Marketing|Software|Web Development,0.0
categorical__primary_category_B2B|Internet Marketing|Lead Generation|SEO|Software,0.0
categorical__primary_category_B2B|Internet|Media,0.0
categorical__primary_category_B2B|Internet|Portals|Shoes,0.0
categorical__primary_category_B2B|Legal|Real Estate|SaaS,0.0
categorical__primary_category_B2B|Network Security|Software,0.0
categorical__primary_category_B2B|Software|Surveys,0.0
categorical__primary_category_BPO Services|Consulting|Contact Centers|Customer Service|Information Services|Outsourcing,0.0
categorical__primary_category_Babies|Curated Web|Finance|FinTech|Parenting,0.0
categorical__primary_category_Babies|Curated Web|Social Network Media,0.0
categorical__primary_category_Babies|E-Commerce,0.0
categorical__primary_category_Babies|E-Commerce|Fashion|Kids|Startups,0.0
categorical__primary_category_Babies|E-Commerce|Flash Sales|Kids|Retail|Specialty Retail|Women,0.0
categorical__primary_category_Babies|E-Commerce|Kids|Marketplaces,0.0
categorical__primary_category_Babies|E-Commerce|Shopping,0.0
categorical__primary_category_Babies|Events|Kids|Mobile|Networking|Online Scheduling|Parenting|Social Network Media,0.0
categorical__primary_category_Babies|Health and Wellness|Internet of Things|Mobile,0.0
categorical__primary_category_Babies|Kids|Parenting|Photography|Video,0.0
categorical__primary_category_Baby Accessories|Home Decor|Online Shopping|Shopping,0.0
categorical__primary_category_Baby Boomers|Elder Care|Local Based Services|Media|Senior Health,0.0
categorical__primary_category_Baby Safety|Big Data|Elder Care|Health and Wellness|Home Automation|Insurance Companies|Physical Security|Public Safety,0.0
categorical__primary_category_Baby Safety|Professional Services|Service Providers,0.0
categorical__primary_category_Banking,0.0
categorical__primary_category_Banking|Big Data|Credit Cards|Finance|FinTech|Personal Finance,0.0
categorical__primary_category_Banking|Consumer Internet|Finance|Finance Technology|FinTech,0.0
categorical__primary_category_Banking|Content|E-Commerce|Music|Payments|Social Games|Virtual Goods,0.0
categorical__primary_category_Banking|Credit Cards|Curated Web|Personal Finance,0.0
categorical__primary_category_Banking|Credit|Finance,0.0
categorical__primary_category_Banking|Credit|Finance|Internet|Risk Management|SaaS|Software|Startups|Web Development,0.0
categorical__primary_category_Banking|Curated Web,0.0
categorical__primary_category_Banking|Curated Web|Financial Services,0.0
categorical__primary_category_Banking|Customer Service|Finance|Financial Services,0.0
categorical__primary_category_Banking|E-Commerce|Financial Services|FinTech|Payments|Sales and Marketing|Security,0.0
categorical__primary_category_Banking|E-Commerce|Non Profit,0.0
categorical__primary_category_Banking|Enterprise Software|Finance,0.0
categorical__primary_category_Banking|Enterprise Software|Financial Services|Payments|Software,0.0
categorical__primary_category_Banking|Enterprise Software|Games|Governments|Health Care|Hospitality|Insurance|Services,0.0
categorical__primary_category_Banking|Finance,0.0
categorical__primary_category_Banking|Finance|Financial Services,0.0
categorical__primary_category_Banking|Finance|Investment Management,0.0
categorical__primary_category_Banking|Finance|Mobile|Payments|Peer-to-Peer,0.0
categorical__primary_category_Banking|Financial Services|Internet,0.0
categorical__primary_category_Banking|Security,0.0
categorical__primary_category_Batteries|Clean Technology|Energy Storage|Mobile,0.0
categorical__primary_category_Batteries|Manufacturing|Services,0.0
categorical__primary_category_Batteries|Services,0.0
categorical__primary_category_Beauty,0.0
categorical__primary_category_Beauty|Bridging Online and Offline|E-Commerce|Online Reservations,0.0
categorical__primary_category_Beauty|Business Services|Curated Web|Enterprises|Health and Wellness|Sales and Marketing|Services,0.0
categorical__primary_category_Beauty|Consumer Goods|Video Games,0.0
categorical__primary_category_Beauty|Consumer Goods|Women,0.0
categorical__primary_category_Beauty|Cosmetics|Curated Web|Social Media,0.0
categorical__primary_category_Beauty|Cosmetics|E-Commerce|Internet|Online Reservations|Social Media|Specialty Retail,0.0
categorical__primary_category_Beauty|Cosmetics|E-Commerce|Internet|Online Shopping,0.0
categorical__primary_category_Beauty|Cosmetics|E-Commerce|Subscription Businesses,0.0
categorical__primary_category_Beauty|Curated Web|Fitness|Health and Wellness|Spas,0.0
categorical__primary_category_Beauty|Developer APIs|Health and Wellness|Online Reservations|Online Scheduling|Point of Sale|SaaS|Software|Spas,0.0
categorical__primary_category_Beauty|Digital Media|E-Commerce|Fashion|Internet|Lifestyle|News|Publishing|Social Media|Technology,0.0
categorical__primary_category_Beauty|Discounts|E-Commerce|Internet,0.0
categorical__primary_category_Beauty|E-Commerce,0.0
categorical__primary_category_Beauty|E-Commerce|Personalization|Price Comparison|Social Media,0.0
categorical__primary_category_Beauty|Fashion|Jewelry|Online Shopping|Shoes|Toys,0.0
categorical__primary_category_Beauty|Fashion|Reviews and Recommendations|Search,0.0
categorical__primary_category_Beauty|Healthcare Services|Marketplaces,0.0
categorical__primary_category_Beauty|Internet|Online Scheduling|SaaS|Software|Startups,0.0
categorical__primary_category_Beauty|Kids,0.0
categorical__primary_category_Beauty|Lifestyle|Lifestyle Products,0.0
categorical__primary_category_Beauty|Lifestyle|Online Reservations,0.0
categorical__primary_category_Beauty|Location Based Services|Online Reservations|SaaS|Software,0.0
categorical__primary_category_Beauty|Services|Women,0.0
categorical__primary_category_Bicycles|Internet|iPhone|Sports|Video|Video on Demand,0.0
categorical__primary_category_Big Data,0.0
categorical__primary_category_Big Data Analytics|Brand Marketing|Social Media,0.0
categorical__primary_category_Big Data Analytics|Business Intelligence|Business Services|Enterprise Software,0.0
categorical__primary_category_Big Data Analytics|Business Intelligence|Data Visualization|Enterprise Software,0.0
categorical__primary_category_Big Data Analytics|Business Intelligence|Databases|Enterprise Software|Search,0.0
categorical__primary_category_Big Data Analytics|Business Intelligence|SaaS|Software|Startups,0.0
categorical__primary_category_Big Data Analytics|Business Services,0.0
categorical__primary_category_Big Data Analytics|Cloud-Based Music|E-Commerce|Email|Information Technology|Mobile Search|Mobile Software Tools|Portals|Search|Software,0.0
categorical__primary_category_Big Data Analytics|Data Integration|Software,0.0
categorical__primary_category_Big Data Analytics|Data Mining|Data Visualization|Machine Learning|Predictive Analytics,0.0
categorical__primary_category_Big Data Analytics|Data Visualization|Software,0.0
categorical__primary_category_Big Data Analytics|Databases|Information Services,0.0
categorical__primary_category_Big Data Analytics|Digital Media|E-Commerce|Marketing Automation|Search Marketing,0.0
categorical__primary_category_Big Data Analytics|Health Care Information Technology|SaaS,0.0
categorical__primary_category_Big Data Analytics|Information Security|IT and Cybersecurity|Machine Learning,0.0
categorical__primary_category_Big Data Analytics|Information Technology|Internet of Things|Software,0.0
categorical__primary_category_Big Data Analytics|Natural Language Processing,0.0
categorical__primary_category_Big Data Analytics|Real Time|SaaS,0.0
categorical__primary_category_Big Data Analytics|Software,0.0
categorical__primary_category_Big Data|Big Data Analytics|Business Analytics|Cloud Data Services|Consulting|Finance Technology|FinTech|Logistics|SaaS|Software|Supply Chain Management,0.0
categorical__primary_category_Big Data|Big Data Analytics|Data Visualization|Enterprise Software,0.0
categorical__primary_category_Big Data|Big Data Analytics|Finance Technology|Stock Exchanges,0.0
categorical__primary_category_Big Data|Big Data Analytics|Hardware + Software,0.0
categorical__primary_category_Big Data|Big Data Analytics|Machine Learning|Match-Making|Mobile|Real Estate,0.0
categorical__primary_category_Big Data|Brand Marketing|Digital Media|Internet Marketing|Mobile|Social Media Marketing|Technology|Video,0.0
categorical__primary_category_Big Data|Business Intelligence|Finance|Financial Services|FinTech|Investment Management|Venture Capital,0.0
categorical__primary_category_Big Data|Cloud Computing|Cloud Infrastructure|Consulting|Information Security|Training,0.0
categorical__primary_category_Big Data|Cloud Computing|Cloud Management|Software,0.0
categorical__primary_category_Big Data|Cloud Computing|Consulting|Engineering Firms|Information Technology,0.0
categorical__primary_category_Big Data|Cloud Computing|Content|Design|E-Commerce|Game|Mobile|Mobile Social|Software,0.0
categorical__primary_category_Big Data|Cloud Computing|Databases|Enterprise Software,0.0
categorical__primary_category_Big Data|Cloud Computing|Finance|FinTech|Open Source|PaaS|Software,0.0
categorical__primary_category_Big Data|Cloud Computing|Semiconductors,0.0
categorical__primary_category_Big Data|Cloud Data Services|E-Commerce|SaaS,0.0
categorical__primary_category_Big Data|Communities|Finance|Polling|Software,0.0
categorical__primary_category_Big Data|Consulting|SaaS,0.0
categorical__primary_category_Big Data|Curated Web|Location Based Services|Real Estate,0.0
categorical__primary_category_Big Data|Curated Web|Polling|Social Media,0.0
categorical__primary_category_Big Data|Data Integration|Enterprise Software|Software,0.0
categorical__primary_category_Big Data|Data Visualization|Information Technology,0.0
categorical__primary_category_Big Data|Data Visualization|Predictive Analytics|Public Safety,0.0
categorical__primary_category_Big Data|E-Commerce|Marketplaces,0.0
categorical__primary_category_Big Data|Email Marketing|Enterprises|Enterprise Software|Social Media,0.0
categorical__primary_category_Big Data|Enterprise Software|Predictive Analytics|Software,0.0
categorical__primary_category_Big Data|Finance Technology|Small and Medium Businesses,0.0
categorical__primary_category_Big Data|Financial Services|FinTech|Peer-to-Peer,0.0
categorical__primary_category_Big Data|Open Source|Software,0.0
categorical__primary_category_Big Data|Opinions|Sports,0.0
categorical__primary_category_Big Data|Predictive Analytics|Software,0.0
categorical__primary_category_Big Data|Social Media,0.0
categorical__primary_category_Big Data|Storage|Technology,0.0
categorical__primary_category_Billing|Business Services|E-Commerce|SaaS|Software|Web Design|Web Development,0.0
categorical__primary_category_Billing|Business Services|Financial Services,0.0
categorical__primary_category_Billing|Consulting|Medical,0.0
categorical__primary_category_Billing|Curated Web|Health and Wellness|Health Care|Medical|Portals|SaaS|Services|Software,0.0
categorical__primary_category_Billing|E-Commerce|Mobile Payments|Payments,0.0
categorical__primary_category_Billing|Field Support Services|Fleet Management|Mobile Payments,0.0
categorical__primary_category_Billing|Financial Services|Service Providers,0.0
categorical__primary_category_Billing|Software,0.0
categorical__primary_category_Bio-Pharm,0.0
categorical__primary_category_Bio-Pharm|Biotechnology,0.0
categorical__primary_category_Bio-Pharm|Biotechnology|Clinical Trials,0.0
categorical__primary_category_Bio-Pharm|Biotechnology|Health Care,0.0
categorical__primary_category_Bio-Pharm|Biotechnology|Medical,0.0
categorical__primary_category_Bio-Pharm|Biotechnology|Nanotechnology,0.0
categorical__primary_category_Bio-Pharm|Biotechnology|Pharmaceuticals,0.0
categorical__primary_category_Bio-Pharm|Biotechnology|Therapeutics,0.0
categorical__primary_category_Bio-Pharm|Clinical Trials|Health Care,0.0
categorical__primary_category_Bio-Pharm|Clinical Trials|Health Care Information Technology|Social Innovation|Testing,0.0
categorical__primary_category_Bio-Pharm|Health Care|Medical,0.0
categorical__primary_category_Bio-Pharm|Health Care|Medical|Pharmaceuticals,0.0
categorical__primary_category_Bio-Pharm|Health Diagnostics|Medical,0.0
categorical__primary_category_Bio-Pharm|Health and Wellness|Health Care|Neuroscience,0.0
categorical__primary_category_Bio-Pharm|Medical|Pharmaceuticals,0.0
categorical__primary_category_Bio-Pharm|Pharmaceuticals|Technology,0.0
categorical__primary_category_Bioinformatics|Biotechnology,0.0
categorical__primary_category_Bioinformatics|Education|Internet,0.0
categorical__primary_category_Biometrics,0.0
categorical__primary_category_Biometrics|Enterprise Software,0.0
categorical__primary_category_Biometrics|Hardware + Software|Network Security|Security,0.0
categorical__primary_category_Biometrics|Marketing Automation|Payments,0.0
categorical__primary_category_Biotechnology|Business Services|Pharmaceuticals,0.0
categorical__primary_category_Biotechnology|Chemicals|Clean Technology,0.0
categorical__primary_category_Biotechnology|Chemicals|Clean Technology|Renewable Energies,0.0
categorical__primary_category_Biotechnology|Chemicals|Sensors,0.0
categorical__primary_category_Biotechnology|Clean Energy|Renewable Energies,0.0
categorical__primary_category_Biotechnology|Clean Technology,0.0
categorical__primary_category_Biotechnology|Clinical Trials|Genetic Testing|Health Care,0.0
categorical__primary_category_Biotechnology|Clinical Trials|Health and Wellness,0.0
categorical__primary_category_Biotechnology|Clinical Trials|Life Sciences,0.0
categorical__primary_category_Biotechnology|Consumers,0.0
categorical__primary_category_Biotechnology|Customer Service|Medical Devices,0.0
categorical__primary_category_Biotechnology|Diabetes|Fitness|Health and Wellness,0.0
categorical__primary_category_Biotechnology|Diagnostics|Fitness|Health and Wellness|Health Care|Health Diagnostics,0.0
categorical__primary_category_Biotechnology|Diagnostics|Health Care,0.0
categorical__primary_category_Biotechnology|Diagnostics|Health Diagnostics|Medical,0.0
categorical__primary_category_Biotechnology|Diagnostics|Health Diagnostics|Medical Devices|Technology,0.0
categorical__primary_category_Biotechnology|EdTech|Education|Pharmaceuticals,0.0
categorical__primary_category_Biotechnology|Finance|Stock Exchanges,0.0
categorical__primary_category_Biotechnology|Genetic Testing|Medical,0.0
categorical__primary_category_Biotechnology|Hardware,0.0
categorical__primary_category_Biotechnology|Hardware + Software,0.0
categorical__primary_category_Biotechnology|Hardware|Medical,0.0
categorical__primary_category_Biotechnology|Health Care Information Technology|Medical,0.0
categorical__primary_category_Biotechnology|Health Care|Health Diagnostics,0.0
categorical__primary_category_Biotechnology|Health Care|Hospitals,0.0
categorical__primary_category_Biotechnology|Health Care|Innovation Management|Market Research,0.0
categorical__primary_category_Biotechnology|Health Care|Medical,0.0
categorical__primary_category_Biotechnology|Health Care|Medical Devices,0.0
categorical__primary_category_Biotechnology|Health Care|Medical|Pharmaceuticals,0.0
categorical__primary_category_Biotechnology|Health Care|Medical|Storage|Transportation,0.0
categorical__primary_category_Biotechnology|Health Care|Medical|Therapeutics,0.0
categorical__primary_category_Biotechnology|Health Care|New Technologies,0.0
categorical__primary_category_Biotechnology|Health Care|Pharmaceuticals,0.0
categorical__primary_category_Biotechnology|Health Care|Therapeutics,0.0
categorical__primary_category_Biotechnology|Health Diagnostics|Pharmaceuticals,0.0
categorical__primary_category_Biotechnology|Health Services Industry,0.0
categorical__primary_category_Biotechnology|Health and Wellness,0.0
categorical__primary_category_Biotechnology|Health and Wellness|Health Care,0.0
categorical__primary_category_Biotechnology|Health and Wellness|Health Care|Health Diagnostics,0.0
categorical__primary_category_Biotechnology|Health and Wellness|Health Care|Medical|Pharmaceuticals,0.0
categorical__primary_category_Biotechnology|Health and Wellness|Health Care|Pharmaceuticals,0.0
categorical__primary_category_Biotechnology|Health and Wellness|Health Diagnostics,0.0
categorical__primary_category_Biotechnology|Health and Wellness|Healthcare Services,0.0
categorical__primary_category_Biotechnology|Health and Wellness|Life Sciences|Medical,0.0
categorical__primary_category_Biotechnology|Health and Wellness|Medical,0.0
categorical__primary_category_Biotechnology|Health and Wellness|Medical Devices|Technology,0.0
categorical__primary_category_Biotechnology|Health and Wellness|Medical|Pharmaceuticals,0.0
categorical__primary_category_Biotechnology|Health and Wellness|Medical|Venture Capital,0.0
categorical__primary_category_Biotechnology|Health and Wellness|Pharmaceuticals,0.0
categorical__primary_category_Biotechnology|Healthcare Services,0.0
categorical__primary_category_Biotechnology|Hospitality,0.0
categorical__primary_category_Biotechnology|Hospitals,0.0
categorical__primary_category_Biotechnology|Hospitals|Medical,0.0
categorical__primary_category_Biotechnology|Information Technology|Pharmaceuticals|Services,0.0
categorical__primary_category_Biotechnology|Life Sciences,0.0
categorical__primary_category_Biotechnology|Life Sciences|Medical,0.0
categorical__primary_category_Biotechnology|Life Sciences|Pharmaceuticals,0.0
categorical__primary_category_Biotechnology|Manufacturing|Medical,0.0
categorical__primary_category_Biotechnology|Media|Technology,0.0
categorical__primary_category_Biotechnology|Medical,0.0
categorical__primary_category_Biotechnology|Medical Devices,0.0
categorical__primary_category_Biotechnology|Medical Devices|Nanotechnology,0.0
categorical__primary_category_Biotechnology|Medical|Pharmaceuticals,0.0
categorical__primary_category_Biotechnology|Medical|Services,0.0
categorical__primary_category_Biotechnology|Medical|Technology,0.0
categorical__primary_category_Biotechnology|Nanotechnology,0.0
categorical__primary_category_Biotechnology|New Product Development|Product Design,0.0
categorical__primary_category_Biotechnology|Software,0.0
categorical__primary_category_Biotechnology|Technology,0.0
categorical__primary_category_Bitcoin,0.0
categorical__primary_category_Bitcoin|Credit|Credit Cards,0.0
categorical__primary_category_Bitcoin|E-Commerce,0.0
categorical__primary_category_Bitcoin|Mobile Payments|Payments,0.0
categorical__primary_category_Bitcoin|Payments|Real Time,0.0
categorical__primary_category_Bitcoin|Software,0.0
categorical__primary_category_Blogging Platforms,0.0
categorical__primary_category_Blogging Platforms|Cloud Computing|Mobile|Video Streaming,0.0
categorical__primary_category_Blogging Platforms|Cloud Data Services|Mobile|Networking|Photography|Video,0.0
categorical__primary_category_Blogging Platforms|Collaboration|Forums|Networking|Photography|SEO|Software|Web Development,0.0
categorical__primary_category_Blogging Platforms|Communities|Curated Web|Monetization|Web Development|Web Tools,0.0
categorical__primary_category_Blogging Platforms|Consumer Electronics|Electronics|Gadget|Hardware + Software,0.0
categorical__primary_category_Blogging Platforms|Consumer Electronics|Electronics|Gadget|Hardware + Software|Reviews and Recommendations|Search|Semantic Web|Shopping|Tech Field Support,0.0
categorical__primary_category_Blogging Platforms|Content|Education|Knowledge Management|SaaS,0.0
categorical__primary_category_Blogging Platforms|Cooking|Publishing|Recipes|Social Media|Social Network Media,0.0
categorical__primary_category_Blogging Platforms|Curated Web,0.0
categorical__primary_category_Blogging Platforms|Curated Web|Events,0.0
categorical__primary_category_Blogging Platforms|Curated Web|File Sharing|iPhone|MicroBlogging|Mobile|Networking|Software|Storage|Web Tools,0.0
categorical__primary_category_Blogging Platforms|Curated Web|Finance|FinTech|Local|Reviews and Recommendations|Social Travel,0.0
categorical__primary_category_Blogging Platforms|Curated Web|Finance|FinTech|Opinions|Reputation,0.0
categorical__primary_category_Blogging Platforms|Curated Web|Forums,0.0
categorical__primary_category_Blogging Platforms|Curated Web|Journalism|Media|Publishing|Real Time|Social Media|Social Network Media,0.0
categorical__primary_category_Blogging Platforms|Curated Web|News|Social Media|Software,0.0
categorical__primary_category_Blogging Platforms|Curated Web|Opinions,0.0
categorical__primary_category_Blogging Platforms|Curated Web|Web CMS,0.0
categorical__primary_category_Blogging Platforms|E-Books|Software,0.0
categorical__primary_category_Blogging Platforms|Entertainment|Games|Tracking,0.0
categorical__primary_category_Blogging Platforms|Fashion|Utilities,0.0
categorical__primary_category_Blogging Platforms|Media|Social Network Media,0.0
categorical__primary_category_Blogging Platforms|Social Media|Social Network Media,0.0
categorical__primary_category_Blogging Platforms|Software,0.0
categorical__primary_category_Boating Industry|Manufacturing,0.0
categorical__primary_category_Boating Industry|Ride Sharing|Transportation,0.0
categorical__primary_category_Brand Marketing|Business Services|Design|Graphics|Identity|Internet|Public Relations,0.0
categorical__primary_category_Brand Marketing|Celebrity|Promotional,0.0
categorical__primary_category_Brand Marketing|Content Creators|Content Delivery|Enterprise Software|Media|Publishing|Software,0.0
categorical__primary_category_Brand Marketing|Content Syndication|Curated Web|Software,0.0
categorical__primary_category_Brand Marketing|Coupons|Loyalty Programs|Mobile|Shopping,0.0
categorical__primary_category_Brand Marketing|Creative|Curated Web|Design|Events|File Sharing|Promotional|Sales and Marketing|Social Media|Testing|Web Design,0.0
categorical__primary_category_Brand Marketing|Crowdfunding|Crowdsourcing|E-Commerce|Finance|Internet|Life Sciences|Sales and Marketing,0.0
categorical__primary_category_Brand Marketing|Design|Licensing|Marketplaces,0.0
categorical__primary_category_Brand Marketing|E-Commerce|Fashion|Shoes,0.0
categorical__primary_category_Brand Marketing|E-Commerce|Retail|Women,0.0
categorical__primary_category_Brand Marketing|Enterprise Software|Fraud Detection|Social Media,0.0
categorical__primary_category_Brand Marketing|Enterprise Software|Search|Social Media|Tracking,0.0
categorical__primary_category_Brand Marketing|Internet Marketing|Services,0.0
categorical__primary_category_Brand Marketing|Internet|Media,0.0
categorical__primary_category_Brand Marketing|Mobile,0.0
categorical__primary_category_Brand Marketing|Mobile|Mobile Advertising,0.0
categorical__primary_category_Brand Marketing|Monetization|Personal Branding|Social Media,0.0
categorical__primary_category_Brand Marketing|Social Media|Social Media Marketing,0.0
categorical__primary_category_Brewing|Craft Beer,0.0
categorical__primary_category_Brewing|Craft Beer|Lifestyle Products,0.0
categorical__primary_category_Bridging Online and Offline|Collaborative Consumption|Social Media|Transportation|Travel,0.0
categorical__primary_category_Bridging Online and Offline|Consumer Goods|Search,0.0
categorical__primary_category_Bridging Online and Offline|Developer APIs|Peer-to-Peer,0.0
categorical__primary_category_Bridging Online and Offline|E-Commerce|Mobile Commerce|Mobile Payments,0.0
categorical__primary_category_Bridging Online and Offline|Online Shopping|Service Providers,0.0
categorical__primary_category_Broadcasting,0.0
categorical__primary_category_Broadcasting|Chat|Games,0.0
categorical__primary_category_Broadcasting|Cloud Data Services|E-Commerce|Payments|Retail,0.0
categorical__primary_category_Broadcasting|Content Creators|Digital Media|Face Recognition|Video Conferencing|Virtual Worlds,0.0
categorical__primary_category_Broadcasting|Delivery|Media,0.0
categorical__primary_category_Broadcasting|Design|Systems,0.0
categorical__primary_category_Broadcasting|Digital Media,0.0
categorical__primary_category_Broadcasting|Distribution|Media,0.0
categorical__primary_category_Broadcasting|Entertainment|Television,0.0
categorical__primary_category_Broadcasting|Games,0.0
categorical__primary_category_Broadcasting|Internet Radio Market|Manufacturing|Semiconductors,0.0
categorical__primary_category_Broadcasting|Media|News|Publishing|Television,0.0
categorical__primary_category_Broadcasting|Media|Professional Services|Training,0.0
categorical__primary_category_Broadcasting|Music|Video Streaming,0.0
categorical__primary_category_Broadcasting|Photography,0.0
categorical__primary_category_Broadcasting|Social Media|Video|Video Games|Video Streaming,0.0
categorical__primary_category_Broadcasting|Software|Technology,0.0
categorical__primary_category_Broadcasting|Software|Telecommunications|Video,0.0
categorical__primary_category_Broadcasting|Technology|Web Hosting,0.0
categorical__primary_category_Brokers|Finance,0.0
categorical__primary_category_Brokers|Finance|Financial Exchanges|Financial Services,0.0
categorical__primary_category_Brokers|Finance|Financial Services|Software,0.0
categorical__primary_category_Brokers|Finance|Lead Generation|Online Scheduling|Real Estate|Real Time,0.0
categorical__primary_category_Browser Extensions|Curated Web|E-Commerce|Retail|Shopping|Social Buying|Social Media|Telecommunications,0.0
categorical__primary_category_Browser Extensions|Curated Web|Image Recognition|Photography,0.0
categorical__primary_category_Browser Extensions|Mobile,0.0
categorical__primary_category_Browser Extensions|Music|Search|Web Browsers,0.0
categorical__primary_category_Browser Extensions|Personalization|Security|Software|Web Design|Web Tools,0.0
categorical__primary_category_Browser Extensions|Search,0.0
categorical__primary_category_Browser Extensions|Social Media|Software,0.0
categorical__primary_category_Building Products,0.0
categorical__primary_category_Building Products|Commercial Real Estate|Services,0.0
categorical__primary_category_Building Products|Manufacturing|Service Providers,0.0
categorical__primary_category_Business Analytics,0.0
categorical__primary_category_Business Analytics|Consulting|Product Design,0.0
categorical__primary_category_Business Analytics|Contact Management|Information Technology|Mobile|Services|Software,0.0
categorical__primary_category_Business Development|Business Intelligence|Collaboration|Document Management|Finance|FinTech|Security|Software,0.0
categorical__primary_category_Business Development|Business Services|Development Platforms,0.0
categorical__primary_category_Business Development|Business Services|Finance Technology|FinTech,0.0
categorical__primary_category_Business Development|Cloud Computing|Enterprise Software|Google Apps|PaaS|SaaS,0.0
categorical__primary_category_Business Development|Consumer Behavior|Market Research,0.0
categorical__primary_category_Business Development|Data Integration|PaaS|SaaS|Software,0.0
categorical__primary_category_Business Development|Design|Startups,0.0
categorical__primary_category_Business Development|Energy Efficiency|Software,0.0
categorical__primary_category_Business Development|Enterprise Software,0.0
categorical__primary_category_Business Development|PaaS|SaaS|Software|Web Tools,0.0
categorical__primary_category_Business Development|Private Corrections|Professional Services,0.0
categorical__primary_category_Business Development|Software,0.0
categorical__primary_category_Business Development|Software|Venture Capital,0.0
categorical__primary_category_Business Development|Travel|Water,0.0
categorical__primary_category_Business Intelligence|Business Travelers|Travel,0.0
categorical__primary_category_Business Intelligence|Cloud Computing|Enterprise Software|SaaS,0.0
categorical__primary_category_Business Intelligence|Cloud Computing|Predictive Analytics|SaaS|Software,0.0
categorical__primary_category_Business Intelligence|Consulting|Outsourcing,0.0
categorical__primary_category_Business Intelligence|Enterprises|Information Services,0.0
categorical__primary_category_Business Intelligence|Legal,0.0
categorical__primary_category_Business Intelligence|Market Research|Product Development Services,0.0
categorical__primary_category_Business Intelligence|Medical|Services,0.0
categorical__primary_category_Business Intelligence|Mobile,0.0
categorical__primary_category_Business Intelligence|SaaS|Software|Web Development,0.0
categorical__primary_category_Business Intelligence|Services,0.0
categorical__primary_category_Business Intelligence|Software,0.0
categorical__primary_category_Business Productivity,0.0
categorical__primary_category_Business Productivity|Document Management|Productivity Software,0.0
categorical__primary_category_Business Productivity|Financial Services|Web Tools,0.0
categorical__primary_category_Business Productivity|Fuels,0.0
categorical__primary_category_Business Productivity|Mobile|SaaS,0.0
categorical__primary_category_Business Productivity|Productivity Software,0.0
categorical__primary_category_Business Productivity|Productivity Software|Software,0.0
categorical__primary_category_Business Services,0.0
categorical__primary_category_Business Services|Cloud Computing|Computers|Databases|Lighting|Linux|Networking|Software|Web Development|Wireless,0.0
categorical__primary_category_Business Services|Cloud Computing|Service Providers,0.0
categorical__primary_category_Business Services|Collaboration|Hotels|Internet|Online Travel|Ticketing|Transportation|Travel,0.0
categorical__primary_category_Business Services|Collaboration|Productivity Software|Software,0.0
categorical__primary_category_Business Services|Communications Infrastructure|Customer Service,0.0
categorical__primary_category_Business Services|Communications Infrastructure|Service Providers,0.0
categorical__primary_category_Business Services|Communities|Local|Search,0.0
categorical__primary_category_Business Services|Computers|Productivity Software,0.0
categorical__primary_category_Business Services|Consulting,0.0
categorical__primary_category_Business Services|Consulting|Enterprise Software|Marketplaces,0.0
categorical__primary_category_Business Services|Consulting|Facebook Applications|Sales and Marketing|Services|Social Media|Social Media Marketing,0.0
categorical__primary_category_Business Services|Consulting|Incubators|Startups|Venture Capital,0.0
categorical__primary_category_Business Services|Consulting|Outsourcing,0.0
categorical__primary_category_Business Services|Consulting|Risk Management,0.0
categorical__primary_category_Business Services|Consulting|Technology,0.0
categorical__primary_category_Business Services|Consumer Electronics|Electronics,0.0
categorical__primary_category_Business Services|Contact Management|Networking|Social Media,0.0
categorical__primary_category_Business Services|Content,0.0
categorical__primary_category_Business Services|Coupons|Employment|Facebook Applications|Location Based Services|Search|Social Media|Transportation,0.0
categorical__primary_category_Business Services|Creative|Services,0.0
categorical__primary_category_Business Services|Credit Cards|E-Commerce|Online Shopping,0.0
categorical__primary_category_Business Services|Curated Web,0.0
categorical__primary_category_Business Services|Curated Web|Employment,0.0
categorical__primary_category_Business Services|Curated Web|Facebook Applications|Social Media|Twitter Applications,0.0
categorical__primary_category_Business Services|Curated Web|Internet|Opinions|Politics|Polling|Social Media,0.0
categorical__primary_category_Business Services|Curated Web|Local Businesses|Small and Medium Businesses,0.0
categorical__primary_category_Business Services|Curated Web|Local|Reviews and Recommendations,0.0
categorical__primary_category_Business Services|Customer Service|Internet Marketing,0.0
categorical__primary_category_Business Services|Data Centers|Homeland Security|Infrastructure|SaaS|Services|Virtualization|Web Hosting,0.0
categorical__primary_category_Business Services|Data Visualization|SaaS|Sales Automation|Software,0.0
categorical__primary_category_Business Services|Data Visualization|Services,0.0
categorical__primary_category_Business Services|E-Commerce,0.0
categorical__primary_category_Business Services|E-Commerce|Education|Gift Card|Weddings,0.0
categorical__primary_category_Business Services|E-Commerce|Software,0.0
categorical__primary_category_Business Services|Email Marketing|SaaS,0.0
categorical__primary_category_Business Services|Energy|Oil|Professional Services,0.0
categorical__primary_category_Business Services|Enterprise Software,0.0
categorical__primary_category_Business Services|Entertainment|Games|Online Gaming,0.0
categorical__primary_category_Business Services|Events|Services,0.0
categorical__primary_category_Business Services|Finance,0.0
categorical__primary_category_Business Services|Finance|FinTech,0.0
categorical__primary_category_Business Services|Finance|Technology,0.0
categorical__primary_category_Business Services|Financial Services|Risk Management|Software,0.0
categorical__primary_category_Business Services|Flash Storage|Software,0.0
categorical__primary_category_Business Services|Games,0.0
categorical__primary_category_Business Services|Hardware|Hardware + Software|Mobile,0.0
categorical__primary_category_Business Services|Health and Wellness,0.0
categorical__primary_category_Business Services|Hospitality,0.0
categorical__primary_category_Business Services|Information Technology|Software,0.0
categorical__primary_category_Business Services|Insurance|Insurance Companies,0.0
categorical__primary_category_Business Services|Internet|Personalization,0.0
categorical__primary_category_Business Services|Market Research|Search Marketing,0.0
categorical__primary_category_Business Services|Market Research|Social Media,0.0
categorical__primary_category_Business Services|Marketing Automation|Media,0.0
categorical__primary_category_Business Services|Marketplaces|Real Estate,0.0
categorical__primary_category_Business Services|Mobile,0.0
categorical__primary_category_Business Services|Mobile|Software|Telecommunications|Training|Web Hosting,0.0
categorical__primary_category_Business Services|Networking|Services,0.0
categorical__primary_category_Business Services|Networking|Social Media|Social Network Media,0.0
categorical__primary_category_Business Services|Online Auctions|Proximity Internet|Real Estate,0.0
categorical__primary_category_Business Services|Professional Services|Trading,0.0
categorical__primary_category_Business Services|Real Time|Services,0.0
categorical__primary_category_Business Services|Security|Services,0.0
categorical__primary_category_Business Services|Security|Technology,0.0
categorical__primary_category_Business Services|Social Media|Tourism|Travel,0.0
categorical__primary_category_Business Services|Software,0.0
categorical__primary_category_Business Services|Software|Technology,0.0
categorical__primary_category_Business Services|Telecommunications|Wireless,0.0
categorical__primary_category_Business Services|Transaction Processing,0.0
categorical__primary_category_Business Services|Travel,0.0
categorical__primary_category_Business Services|Video Games,0.0
categorical__primary_category_CRM|Curated Web|Social Media Marketing|Social Media Monitoring,0.0
categorical__primary_category_CRM|Customer Service|Customer Support Tools|Enterprise Software|SaaS|Tech Field Support,0.0
categorical__primary_category_CRM|Customer Service|SaaS|Search|Software,0.0
categorical__primary_category_CRM|Customer Service|SaaS|Software,0.0
categorical__primary_category_CRM|Data Integration|Email|Enterprise Software|Google Apps|Sales and Marketing|Services|Tech Field Support,0.0
categorical__primary_category_CRM|E-Commerce|Local|Local Based Services|Small and Medium Businesses,0.0
categorical__primary_category_CRM|Electronic Health Records|Enterprise Software|FinTech|Wealth Management,0.0
categorical__primary_category_CRM|Enterprise Software,0.0
categorical__primary_category_CRM|Enterprise Software|File Sharing|Social Network Media|Web Development,0.0
categorical__primary_category_CRM|Enterprises|Events|iOS|iPhone|Meeting Software|Mobile|Productivity Software|Professional Services|Task Management|Travel,0.0
categorical__primary_category_CRM|Media|Mobile|Publishing|QR Codes|Sales and Marketing|Web CMS,0.0
categorical__primary_category_CRM|Networking|Software,0.0
categorical__primary_category_CRM|Social Media|Software,0.0
categorical__primary_category_Cable|Colleges|Sports,0.0
categorical__primary_category_Cable|Entertainment,0.0
categorical__primary_category_Cable|Hotels|Television,0.0
categorical__primary_category_Cable|Mobile|Public Relations|Service Providers|Wireless,0.0
categorical__primary_category_Cable|Networking|Software|Telecommunications,0.0
categorical__primary_category_Cable|Video|Video on Demand,0.0
categorical__primary_category_Carbon|Clean Energy|Open Source|Software|Sustainability,0.0
categorical__primary_category_Career Management|Clean Technology|Human Resources|Public Transportation|Transportation,0.0
categorical__primary_category_Career Management|Colleges|Education|Health Care|Legal,0.0
categorical__primary_category_Career Management|Consulting|Employment|Human Resources|Office Space,0.0
categorical__primary_category_Career Management|Consumer Internet|Data Mining|Human Resources|Marketplaces|Recruiting|SaaS|Software,0.0
categorical__primary_category_Career Management|Curated Web,0.0
categorical__primary_category_Career Management|Curated Web|Employment|Facebook Applications|Internet|Networking|Payments|Reviews and Recommendations|Social Network Media|Twitter Applications,0.0
categorical__primary_category_Career Management|Curated Web|Employment|Networking|Search|Social Network Media,0.0
categorical__primary_category_Career Management|Curated Web|Freelancers|Human Resources|Recruiting|Staffing Firms,0.0
categorical__primary_category_Career Management|E-Commerce|Human Resources,0.0
categorical__primary_category_Career Management|Education|Identity,0.0
categorical__primary_category_Career Management|Education|Skill Assessment|Software,0.0
categorical__primary_category_Career Management|Email|Fitness|Health and Wellness|Messaging|Mobile|Wine And Spirits,0.0
categorical__primary_category_Career Management|Employment|Enterprise Software|Human Resources|Networking|Search,0.0
categorical__primary_category_Career Management|Enterprises|Enterprise Software|SaaS,0.0
categorical__primary_category_Career Management|Human Resources|Recruiting|Social Recruiting,0.0
categorical__primary_category_Career Management|Human Resources|SaaS|Software|Systems,0.0
categorical__primary_category_Career Management|Music|Promotional,0.0
categorical__primary_category_Career Management|Recruiting|Software,0.0
categorical__primary_category_Career Management|Reviews and Recommendations|Skill Assessment|Social Media|Social Media Agent|Social Network Media,0.0
categorical__primary_category_Career Management|Software,0.0
categorical__primary_category_Career Planning|Collaboration|Curated Web|Events|Finance|Private Social Networking|Productivity Software|Project Management|Small and Medium Businesses,0.0
categorical__primary_category_Career Planning|Curated Web|Events|Social Network Media,0.0
categorical__primary_category_Career Planning|Curated Web|Transportation|Travel,0.0
categorical__primary_category_Career Planning|Curated Web|Travel,0.0
categorical__primary_category_Career Planning|Events|Internet|Social Media|Software,0.0
categorical__primary_category_Career Planning|Events|Mobile|Networking|Real Time,0.0
categorical__primary_category_Career Planning|Social Media|Travel,0.0
categorical__primary_category_Career Planning|Startups|Travel,0.0
categorical__primary_category_Career Planning|Travel,0.0
categorical__primary_category_Cars|Classifieds|Employment|Home & Garden|Search|Vertical Search,0.0
categorical__primary_category_Cars|Clean Technology|E-Commerce|Electric Vehicles|Environmental Innovation|Hardware + Software|Innovation Engineering,0.0
categorical__primary_category_Cars|Curated Web|iPhone,0.0
categorical__primary_category_Cars|Insurance|Risk Management,0.0
categorical__primary_category_Cars|Mobile,0.0
categorical__primary_category_Cars|Online Rental|Portals,0.0
categorical__primary_category_Cars|Service Providers|Services,0.0
categorical__primary_category_Cars|Social Media|Social Network Media,0.0
categorical__primary_category_Cars|Telecommunications|Wireless,0.0
categorical__primary_category_Celebrity|Charity|E-Commerce|Lifestyle,0.0
categorical__primary_category_Celebrity|Entertainment|Games|Interest Graph|Media|Politics|Social Media|Social Network Media|Sports|Virtual Currency,0.0
categorical__primary_category_Certification Test|Cyber Security|Infrastructure,0.0
categorical__primary_category_Certification Test|Education|Games|Kids|MMO Games|Testing,0.0
categorical__primary_category_Charity|Curated Web|Social Network Media,0.0
categorical__primary_category_Charity|Entertainment|Humanitarian|Social Media|Social Network Media,0.0
categorical__primary_category_Charity|Internet|Non Profit,0.0
categorical__primary_category_Charity|Messaging|Mobile|Nonprofits|SMS,0.0
categorical__primary_category_Charter Schools|Education|High Schools|Software|Teachers,0.0
categorical__primary_category_Chat|Collaboration|Enterprises|Messaging,0.0
categorical__primary_category_Chat|Collaboration|Information Technology|Internet|Messaging|Productivity Software|Real Time|SaaS|Software,0.0
categorical__primary_category_Chat|Curated Web|Internet|Messaging|Social Network Media|Web Development,0.0
categorical__primary_category_Chat|Curated Web|Startups,0.0
categorical__primary_category_Chat|Customer Service|Lead Generation|Productivity Software|SaaS|Sales and Marketing|Software|Startups|Web Tools,0.0
categorical__primary_category_Chat|DOD/Military|Games|Twitter Applications|Video,0.0
categorical__primary_category_Chat|E-Commerce|Messaging,0.0
categorical__primary_category_Chat|Enterprise Software|Video,0.0
categorical__primary_category_Chat|Events|Facebook Applications|Social Media,0.0
categorical__primary_category_Chat|Facebook Applications|Messaging|Real Time|Video,0.0
categorical__primary_category_Chat|Fashion|Music|Social Media|Social Network Media|Television|Video|Video Streaming,0.0
categorical__primary_category_Chat|File Sharing|Media|Mobile|Social Media,0.0
categorical__primary_category_Chat|Games|Messaging|Social Games|Virtual Worlds,0.0
categorical__primary_category_Chat|Hardware|Messaging|SaaS|Video Chat,0.0
categorical__primary_category_Chat|Messaging|Mobile,0.0
categorical__primary_category_Chat|Messaging|Mobile|VoIP,0.0
categorical__primary_category_Chat|Mobile,0.0
categorical__primary_category_Chat|Mobile|Social Media,0.0
categorical__primary_category_Chat|Services,0.0
categorical__primary_category_Chat|Social Media|Social Network Media,0.0
categorical__primary_category_Chat|Software|Text Analytics,0.0
categorical__primary_category_Chat|VoIP|Web Hosting,0.0
categorical__primary_category_Chat|iPhone|Messaging|Mobile|Networking,0.0
categorical__primary_category_Chemicals,0.0
categorical__primary_category_Chemicals|Clean Technology,0.0
categorical__primary_category_Chemicals|Distribution|Life Sciences|Marketplaces|Sales and Marketing,0.0
categorical__primary_category_Chemicals|Services|Specialty Chemicals,0.0
categorical__primary_category_Classifieds|Curated Web|Video,0.0
categorical__primary_category_Classifieds|E-Commerce,0.0
categorical__primary_category_Classifieds|E-Commerce|Networking,0.0
categorical__primary_category_Classifieds|Music,0.0
categorical__primary_category_Clean Energy|Clean Technology,0.0
categorical__primary_category_Clean Energy|Clean Technology|Energy Efficiency|Software,0.0
categorical__primary_category_Clean Energy|Clean Technology|Energy Efficiency|Wireless,0.0
categorical__primary_category_Clean Energy|Clean Technology|Green|Renewable Energies|Solar,0.0
categorical__primary_category_Clean Energy|Clean Technology|Lighting,0.0
categorical__primary_category_Clean Energy|Clean Technology|Residential Solar|Solar,0.0
categorical__primary_category_Clean Energy|Clean Technology|Services,0.0
categorical__primary_category_Clean Energy|Clean Technology|Solar,0.0
categorical__primary_category_Clean Energy|Crowdfunding|Education|Enterprise Software|Entrepreneur|Environmental Innovation|Humanitarian|Networking|Nonprofits|Social Media,0.0
categorical__primary_category_Clean Energy|Curated Web|Energy Efficiency|Incentives,0.0
categorical__primary_category_Clean Energy|Direct Sales|Marketplaces,0.0
categorical__primary_category_Clean Energy|Electrical Distribution|Energy|Industrial Energy Efficiency|Rural Energy,0.0
categorical__primary_category_Clean Energy|Energy,0.0
categorical__primary_category_Clean Technology|Construction,0.0
categorical__primary_category_Clean Technology|Consumer Goods|Manufacturing,0.0
categorical__primary_category_Clean Technology|Curated Web|EdTech|Education|Employment|Environmental Innovation|Green|High Schools|Internet|Sustainability,0.0
categorical__primary_category_Clean Technology|Data Centers|Green|Sensors|Web Hosting|Wireless,0.0
categorical__primary_category_Clean Technology|Design|Innovation Management,0.0
categorical__primary_category_Clean Technology|E-Commerce|Enterprise Software|Organic|Sustainability,0.0
categorical__primary_category_Clean Technology|Electronics|Technology,0.0
categorical__primary_category_Clean Technology|Energy,0.0
categorical__primary_category_Clean Technology|Energy Efficiency,0.0
categorical__primary_category_Clean Technology|Energy Efficiency|Manufacturing,0.0
categorical__primary_category_Clean Technology|Energy Efficiency|SaaS|Smart Grid|Software,0.0
categorical__primary_category_Clean Technology|Energy Management|Sustainability,0.0
categorical__primary_category_Clean Technology|Energy|Renewable Energies,0.0
categorical__primary_category_Clean Technology|Energy|Solar,0.0
categorical__primary_category_Clean Technology|Environmental Innovation|Green,0.0
categorical__primary_category_Clean Technology|Environmental Innovation|Toys,0.0
categorical__primary_category_Clean Technology|Environmental Innovation|Waste Management|Water Purification,0.0
categorical__primary_category_Clean Technology|Farming,0.0
categorical__primary_category_Clean Technology|Gas|Oil|Transportation,0.0
categorical__primary_category_Clean Technology|Hardware,0.0
categorical__primary_category_Clean Technology|Lighting|Security|Semiconductors,0.0
categorical__primary_category_Clean Technology|Manufacturing|Solar,0.0
categorical__primary_category_Clean Technology|Mobile|Smart Grid|Software,0.0
categorical__primary_category_Clean Technology|Oil,0.0
categorical__primary_category_Clean Technology|Renewable Energies|Solar,0.0
categorical__primary_category_Clean Technology|Semiconductors,0.0
categorical__primary_category_Clean Technology|Services|Waste Management,0.0
categorical__primary_category_Clean Technology|Software,0.0
categorical__primary_category_Clean Technology|Technology,0.0
categorical__primary_category_Clean Technology|Water|Water Purification,0.0
categorical__primary_category_Clinical Trials,0.0
categorical__primary_category_Clinical Trials|Curated Web,0.0
categorical__primary_category_Clinical Trials|Health Care|Medical,0.0
categorical__primary_category_Clinical Trials|Life Sciences|Medical Devices,0.0
categorical__primary_category_Cloud Computing,0.0
categorical__primary_category_Cloud Computing|Cloud Data Services|Cloud Management|Enterprise Software,0.0
categorical__primary_category_Cloud Computing|Cloud Data Services|Cloud Security|Contact Centers|Customer Service|VoIP|Web Hosting,0.0
categorical__primary_category_Cloud Computing|Cloud Data Services|Collaboration|Consulting|Google Apps|Identity|Identity Management|Search,0.0
categorical__primary_category_Cloud Computing|Cloud Data Services|Consumers|Video Streaming,0.0
categorical__primary_category_Cloud Computing|Cloud Data Services|Real Time,0.0
categorical__primary_category_Cloud Computing|Cloud Data Services|Services,0.0
categorical__primary_category_Cloud Computing|Cloud Data Services|Software,0.0
categorical__primary_category_Cloud Computing|Cloud Data Services|Storage|Web Hosting,0.0
categorical__primary_category_Cloud Computing|Cloud Infrastructure|Data Center Infrastructure|Data Centers|Services|Web Hosting,0.0
categorical__primary_category_Cloud Computing|Cloud Infrastructure|Recruiting,0.0
categorical__primary_category_Cloud Computing|Cloud Infrastructure|Web Hosting,0.0
categorical__primary_category_Cloud Computing|Cloud Management|Data Centers|Enterprise Software|Networking|SaaS|Virtualization,0.0
categorical__primary_category_Cloud Computing|Cloud Management|Enterprise Software,0.0
categorical__primary_category_Cloud Computing|Cloud Management|Enterprise Software|IaaS,0.0
categorical__primary_category_Cloud Computing|Cloud Management|Enterprise Software|Infrastructure|Open Source,0.0
categorical__primary_category_Cloud Computing|Cloud Management|Enterprise Software|PaaS,0.0
categorical__primary_category_Cloud Computing|Cloud Management|Enterprise Software|Security,0.0
categorical__primary_category_Cloud Computing|Cloud Management|IaaS|Open Source|Software,0.0
categorical__primary_category_Cloud Computing|Cloud Management|Web Hosting,0.0
categorical__primary_category_Cloud Computing|Collaboration|Enterprise Software|Internet|SaaS,0.0
categorical__primary_category_Cloud Computing|Communications Hardware|Hardware|Networking|Optimization|Security|SEO|Technology|Virtualization|Web Hosting,0.0
categorical__primary_category_Cloud Computing|Consulting|IT Management,0.0
categorical__primary_category_Cloud Computing|Consulting|Recruiting,0.0
categorical__primary_category_Cloud Computing|Consumer Electronics|Developer APIs|Internet|SaaS|Software,0.0
categorical__primary_category_Cloud Computing|Consumers|Storage|Web Hosting,0.0
categorical__primary_category_Cloud Computing|Content|Email|Enterprise Software|SaaS|Sales and Marketing|Small and Medium Businesses|Startups,0.0
categorical__primary_category_Cloud Computing|Credit|Finance,0.0
categorical__primary_category_Cloud Computing|Crowdsourcing|Enterprise Software,0.0
categorical__primary_category_Cloud Computing|Curated Web,0.0
categorical__primary_category_Cloud Computing|Curated Web|Social Television|Television|Video,0.0
categorical__primary_category_Cloud Computing|Data Centers|Information Technology|Networking|Virtualization|Web Hosting,0.0
categorical__primary_category_Cloud Computing|Data Integration|Enterprises|Software|Synchronization|Web CMS,0.0
categorical__primary_category_Cloud Computing|Data Security|Enterprise Software|Internet|Mobile|Services|Small and Medium Businesses|Software|Technology|Telecommunications|Web Hosting|Wireless,0.0
categorical__primary_category_Cloud Computing|Data Security|Privacy|Security,0.0
categorical__primary_category_Cloud Computing|Databases|Developer APIs|Enterprises|Enterprise Software|Software,0.0
categorical__primary_category_Cloud Computing|Databases|Enterprises|Internet|Search|Software|Storage,0.0
categorical__primary_category_Cloud Computing|Databases|Networking|Web Hosting,0.0
categorical__primary_category_Cloud Computing|Developer APIs|Mobile|PaaS|SaaS,0.0
categorical__primary_category_Cloud Computing|Document Management|Enterprise Software|Internet,0.0
categorical__primary_category_Cloud Computing|E-Commerce|Employer Benefits Programs|Human Resources|SaaS,0.0
categorical__primary_category_Cloud Computing|E-Commerce|Enterprise Software,0.0
categorical__primary_category_Cloud Computing|E-Commerce|SaaS|Sports|Travel|Twin-Tip Skis,0.0
categorical__primary_category_Cloud Computing|Education|Social Network Media|Systems,0.0
categorical__primary_category_Cloud Computing|Electronic Health Records|SaaS|Software|Web Development,0.0
categorical__primary_category_Cloud Computing|Employer Benefits Programs|Human Resources,0.0
categorical__primary_category_Cloud Computing|Enterprise 2.0|Enterprise Software|MicroBlogging|Social Business,0.0
categorical__primary_category_Cloud Computing|Enterprise Software,0.0
categorical__primary_category_Cloud Computing|Enterprise Software|Finance|IaaS|PaaS|SaaS|Software|Virtualization,0.0
categorical__primary_category_Cloud Computing|Enterprise Software|Finance|News|Online Scheduling|Video on Demand,0.0
categorical__primary_category_Cloud Computing|Enterprise Software|Finance|Web Development,0.0
categorical__primary_category_Cloud Computing|Enterprise Software|Hardware,0.0
categorical__primary_category_Cloud Computing|Enterprise Software|Homeland Security|IaaS|Infrastructure,0.0
categorical__primary_category_Cloud Computing|Enterprise Software|Homeland Security|Network Security,0.0
categorical__primary_category_Cloud Computing|Enterprise Software|IaaS|PaaS,0.0
categorical__primary_category_Cloud Computing|Enterprise Software|IaaS|SaaS,0.0
categorical__primary_category_Cloud Computing|Enterprise Software|Identity Management|SaaS,0.0
categorical__primary_category_Cloud Computing|Enterprise Software|Identity|Identity Management|SaaS,0.0
categorical__primary_category_Cloud Computing|Enterprise Software|Information Services|SaaS|Virtualization,0.0
categorical__primary_category_Cloud Computing|Enterprise Software|Infrastructure|Virtualization,0.0
categorical__primary_category_Cloud Computing|Enterprise Software|Mobile|PaaS|SaaS|Web Development,0.0
categorical__primary_category_Cloud Computing|Enterprise Software|Mobile|Security,0.0
categorical__primary_category_Cloud Computing|Enterprise Software|Networking|Venture Capital,0.0
categorical__primary_category_Cloud Computing|Enterprise Software|Open Source|Software|Storage|Web Hosting,0.0
categorical__primary_category_Cloud Computing|Enterprise Software|PaaS,0.0
categorical__primary_category_Cloud Computing|Enterprise Software|PaaS|SaaS|Security|Software,0.0
categorical__primary_category_Cloud Computing|Enterprise Software|Printing,0.0
categorical__primary_category_Cloud Computing|Enterprise Software|SaaS|Sales Automation,0.0
categorical__primary_category_Cloud Computing|Enterprise Software|SaaS|Virtualization,0.0
categorical__primary_category_Cloud Computing|Enterprise Software|Security,0.0
categorical__primary_category_Cloud Computing|Enterprise Software|Web Development,0.0
categorical__primary_category_Cloud Computing|Enterprise Software|WebOS,0.0
categorical__primary_category_Cloud Computing|Enterprises|Enterprise Software|IaaS|Infrastructure|PaaS|SaaS,0.0
categorical__primary_category_Cloud Computing|Enterprises|Mobile|Mobile Devices|Security,0.0
categorical__primary_category_Cloud Computing|Enterprises|Sales and Marketing,0.0
categorical__primary_category_Cloud Computing|Enterprises|Software|Web Development,0.0
categorical__primary_category_Cloud Computing|File Sharing|Finance|FinTech|Messaging|Productivity Software|Web Hosting,0.0
categorical__primary_category_Cloud Computing|File Sharing|Flash Storage|SaaS|Storage|Web Hosting,0.0
categorical__primary_category_Cloud Computing|File Sharing|Games|Media|Mobile|Music|Photography|Video,0.0
categorical__primary_category_Cloud Computing|Flash Storage|Mobile|Photography|Storage|Synchronization|Video|Web Hosting,0.0
categorical__primary_category_Cloud Computing|Freelancers|Monetization|Payments|Software,0.0
categorical__primary_category_Cloud Computing|Games,0.0
categorical__primary_category_Cloud Computing|Games|Home & Garden|SaaS|Software,0.0
categorical__primary_category_Cloud Computing|Green|Software|Virtualization,0.0
categorical__primary_category_Cloud Computing|IT and Cybersecurity|Security|Software,0.0
categorical__primary_category_Cloud Computing|IaaS|Software|Web Hosting,0.0
categorical__primary_category_Cloud Computing|Information Technology|Outsourcing|SaaS,0.0
categorical__primary_category_Cloud Computing|Information Technology|Small and Medium Businesses|Web Hosting,0.0
categorical__primary_category_Cloud Computing|Internet of Things|Social Media|Social Network Media|Software,0.0
categorical__primary_category_Cloud Computing|Mobile|PaaS|SaaS|Services|Software,0.0
categorical__primary_category_Cloud Computing|Mobile|Publishing|SaaS,0.0
categorical__primary_category_Cloud Computing|Mobile|Software|Supply Chain Management|Transportation,0.0
categorical__primary_category_Cloud Computing|Monetization|Web Hosting,0.0
categorical__primary_category_Cloud Computing|Networking|Software|Virtualization|Web Hosting,0.0
categorical__primary_category_Cloud Computing|Open Source|Software,0.0
categorical__primary_category_Cloud Computing|Outsourcing|SaaS|Software|Web Development,0.0
categorical__primary_category_Cloud Computing|PaaS|Software|Venture Capital,0.0
categorical__primary_category_Cloud Computing|Printing|Software,0.0
categorical__primary_category_Cloud Computing|Real Time|Transaction Processing,0.0
categorical__primary_category_Cloud Computing|SaaS|Software,0.0
categorical__primary_category_Cloud Computing|Software|Storage|Virtualization,0.0
categorical__primary_category_Cloud Computing|Software|Storage|Web Hosting,0.0
categorical__primary_category_Cloud Computing|Software|Utilities,0.0
categorical__primary_category_Cloud Computing|Software|Virtualization,0.0
categorical__primary_category_Cloud Computing|Software|Web Development,0.0
categorical__primary_category_Cloud Computing|Storage|Web Hosting,0.0
categorical__primary_category_Cloud Computing|Web Hosting,0.0
categorical__primary_category_Cloud Data Services,0.0
categorical__primary_category_Cloud Data Services|Cloud Management|Cloud Security|Data Security|Information Security|Mobile Security|Telecommunications,0.0
categorical__primary_category_Cloud Data Services|Curated Web|File Sharing|Networking|Peer-to-Peer|Real Time|Social Media|Social Network Media|Startups,0.0
categorical__primary_category_Cloud Data Services|Curated Web|P2P Money Transfer|Payments|Sales and Marketing|Social Media,0.0
categorical__primary_category_Cloud Data Services|Data Centers|Data Visualization,0.0
categorical__primary_category_Cloud Data Services|Data Centers|Telecommunications,0.0
categorical__primary_category_Cloud Data Services|Databases,0.0
categorical__primary_category_Cloud Data Services|E-Books|E-Commerce|E-Commerce Platforms|Financial Services|Incentives|Mobile Commerce|Online Education|SaaS|Software|Storage,0.0
categorical__primary_category_Cloud Data Services|Embedded Hardware and Software|Productivity Software|Software,0.0
categorical__primary_category_Cloud Data Services|Enterprise Software,0.0
categorical__primary_category_Cloud Data Services|Entertainment|Messaging|Music|Opinions|Twitter Applications|Video,0.0
categorical__primary_category_Cloud Data Services|Film Distribution,0.0
categorical__primary_category_Cloud Data Services|Information Technology,0.0
categorical__primary_category_Cloud Data Services|Internet|Small and Medium Businesses,0.0
categorical__primary_category_Cloud Data Services|Services|Software,0.0
categorical__primary_category_Cloud Data Services|Software,0.0
categorical__primary_category_Cloud Data Services|Television|Video Streaming,0.0
categorical__primary_category_Cloud Infrastructure|Diagnostics|Health Care|Health Diagnostics|Medical Professionals,0.0
categorical__primary_category_Cloud Infrastructure|E-Commerce|SaaS,0.0
categorical__primary_category_Cloud Infrastructure|Networking|Software|Visualization,0.0
categorical__primary_category_Cloud Infrastructure|Service Providers,0.0
categorical__primary_category_Cloud Management|Enterprise Software,0.0
categorical__primary_category_Cloud Management|Software,0.0
categorical__primary_category_Cloud Management|Software|Technology|Travel,0.0
categorical__primary_category_Cloud Security|CRM|Enterprise Software|IaaS|PaaS|SaaS,0.0
categorical__primary_category_Cloud Security|Enterprise Software|Mobile Commerce|Productivity Software,0.0
categorical__primary_category_Cloud Security|Fraud Detection|Mobile,0.0
categorical__primary_category_Cloud Security|SaaS|Software|Technology,0.0
categorical__primary_category_Cloud Security|Software,0.0
categorical__primary_category_Coffee|Hospitality,0.0
categorical__primary_category_Collaboration|Consulting|Technology,0.0
categorical__primary_category_Collaboration|Crowdsourcing|Curated Web,0.0
categorical__primary_category_Collaboration|Crowdsourcing|Curated Web|File Sharing|Internet,0.0
categorical__primary_category_Collaboration|Crowdsourcing|Design|Market Research|Services|Social Media|Software,0.0
categorical__primary_category_Collaboration|Curated Web|EdTech|Education|Health and Wellness,0.0
categorical__primary_category_Collaboration|Curated Web|Meeting Software|Online Scheduling,0.0
categorical__primary_category_Collaboration|Curated Web|Real Time|Software|Web Development,0.0
categorical__primary_category_Collaboration|Design,0.0
categorical__primary_category_Collaboration|E-Commerce|SaaS,0.0
categorical__primary_category_Collaboration|Email|Productivity Software|Software|Web Development,0.0
categorical__primary_category_Collaboration|Enterprise 2.0|Enterprises|Forums|SaaS|Social Network Media|Software,0.0
categorical__primary_category_Collaboration|Enterprise Application|Enterprise Software|SaaS|Software|Video Conferencing,0.0
categorical__primary_category_Collaboration|Enterprise Software,0.0
categorical__primary_category_Collaboration|Enterprise Software|Internet|Reviews and Recommendations|Video,0.0
categorical__primary_category_Collaboration|Enterprise Software|Knowledge Management|Software,0.0
categorical__primary_category_Collaboration|Enterprise Software|Networking|Web Tools,0.0
categorical__primary_category_Collaboration|Enterprise Software|Productivity Software,0.0
categorical__primary_category_Collaboration|Enterprise Software|Project Management|Social Media,0.0
categorical__primary_category_Collaboration|Enterprises|Enterprise Software|Finance,0.0
categorical__primary_category_Collaboration|Enterprises|Messaging|Mobile,0.0
categorical__primary_category_Collaboration|Enterprises|Networking|Social Media|Social Network Media,0.0
categorical__primary_category_Collaboration|Enterprises|Real Time|Software,0.0
categorical__primary_category_Collaboration|File Sharing|Messaging,0.0
categorical__primary_category_Collaboration|File Sharing|Software,0.0
categorical__primary_category_Collaboration|Health Care Information Technology|Software|Telecommunications|Video Chat|Video Conferencing,0.0
categorical__primary_category_Collaboration|Hotels|Mobile|News|Real Time|Social Media|Travel,0.0
categorical__primary_category_Collaboration|Human Resources|Lead Management|Productivity Software|Reviews and Recommendations|Software|Teachers|Weddings,0.0
categorical__primary_category_Collaboration|Information Technology|Services,0.0
categorical__primary_category_Collaboration|Information Technology|Software,0.0
categorical__primary_category_Collaboration|Media|Shared Services,0.0
categorical__primary_category_Collaboration|Messaging|Presentations|Publishing|Software,0.0
categorical__primary_category_Collaboration|Mobile|Transportation,0.0
categorical__primary_category_Collaboration|Music,0.0
categorical__primary_category_Collaboration|Networking|Project Management|SaaS|Software|Task Management,0.0
categorical__primary_category_Collaboration|Productivity Software|Project Management|Software|Task Management,0.0
categorical__primary_category_Collaboration|Project Management|SaaS|Software,0.0
categorical__primary_category_Collaboration|Project Management|Software,0.0
categorical__primary_category_Collaboration|Public Relations,0.0
categorical__primary_category_Collaboration|Real Time|Virtual Workforces|Web Browsers,0.0
categorical__primary_category_Collaboration|Recycling|Waste Management,0.0
categorical__primary_category_Collaboration|SaaS|Social Games|Social Media|Software,0.0
categorical__primary_category_Collaboration|Social Media|Video,0.0
categorical__primary_category_Collaboration|Software,0.0
categorical__primary_category_Collaboration|iOS|iPad|Mobile|SaaS|Security|Software,0.0
categorical__primary_category_Collaborative Consumption|Curated Web|File Sharing|Local Based Services|Marketplaces|Networking|Peer-to-Peer,0.0
categorical__primary_category_Collaborative Consumption|Curated Web|Finance|Local|Marketplaces,0.0
categorical__primary_category_Collaborative Consumption|E-Commerce|Marketplaces|Tourism|Travel,0.0
categorical__primary_category_Collaborative Consumption|E-Commerce|Professional Services|Virtual Workforces,0.0
categorical__primary_category_Collaborative Consumption|Film Production|Marketplaces|Shared Services,0.0
categorical__primary_category_Collaborative Consumption|Mobile,0.0
categorical__primary_category_Collaborative Consumption|Real Estate|Travel|Vacation Rentals,0.0
categorical__primary_category_Collectibles|Curated Web|Leisure|Social Network Media|Sports,0.0
categorical__primary_category_College Campuses|Colleges|Networking|Professional Networking|Social Media|Social Network Media,0.0
categorical__primary_category_Colleges|CRM|Enterprise Software|Event Management|Marketing Automation|Networking|SaaS,0.0
categorical__primary_category_Colleges|CRM|Enterprise Software|Nonprofits,0.0
categorical__primary_category_Colleges|Crowdfunding|Education|Health and Wellness|Nonprofits|Payments|Politics|Social Fundraising|Social Media|Software,0.0
categorical__primary_category_Colleges|Curated Web,0.0
categorical__primary_category_Colleges|Curated Web|Employment|Human Resources|Recruiting,0.0
categorical__primary_category_Colleges|E-Commerce|Fashion|Finance|Marketplaces|Shopping,0.0
categorical__primary_category_Colleges|EdTech|Education|Enterprise Software|High Schools|Software,0.0
categorical__primary_category_Colleges|EdTech|Education|Enterprise Software|SaaS|Technology,0.0
categorical__primary_category_Colleges|Education|Employment|Identity|Recruiting,0.0
categorical__primary_category_Colleges|Education|Mobile,0.0
categorical__primary_category_Colleges|Enterprise Software|Finance|FinTech|Human Resources|SaaS|Technology|Web Development,0.0
categorical__primary_category_Colleges|Events|Facebook Applications|Private Social Networking|Social Media,0.0
categorical__primary_category_Colleges|Games|Risk Management,0.0
categorical__primary_category_Colleges|Games|Video,0.0
categorical__primary_category_Colleges|Mobile|Networking|Universities,0.0
categorical__primary_category_Colleges|Travel,0.0
categorical__primary_category_Comics|E-Commerce|Entertainment|Games|Social Media|Television|Video|Video Games,0.0
categorical__primary_category_Comics|E-Commerce|Entertainment|Life Sciences|News|Publishing,0.0
categorical__primary_category_Comics|Games,0.0
categorical__primary_category_Commercial Real Estate,0.0
categorical__primary_category_Commercial Real Estate|Internet|Online Shopping|Real Estate,0.0
categorical__primary_category_Commercial Real Estate|Parking|Real Estate,0.0
categorical__primary_category_Commercial Real Estate|Real Estate|Real Estate Investors,0.0
categorical__primary_category_Commercial Real Estate|Real Estate|Technology,0.0
categorical__primary_category_Commodities|Consumer Goods|Groceries|Service Industries,0.0
categorical__primary_category_Commodities|Enterprise Software|Startups,0.0
categorical__primary_category_Communications Hardware|Computers|Data Security|Enterprise Security|Information Security|Mobile Security|Network Security|Wireless,0.0
categorical__primary_category_Communications Hardware|Computers|Enterprise Software|Mobility|Wireless,0.0
categorical__primary_category_Communications Hardware|Computers|Network Security|Security,0.0
categorical__primary_category_Communications Hardware|Computers|Security,0.0
categorical__primary_category_Communications Hardware|Data Security|Service Providers,0.0
categorical__primary_category_Communications Hardware|Enterprise Software|VoIP,0.0
categorical__primary_category_Communications Hardware|Families|Hardware + Software,0.0
categorical__primary_category_Communications Hardware|Hardware|Storage,0.0
categorical__primary_category_Communications Hardware|Manufacturing,0.0
categorical__primary_category_Communications Hardware|Manufacturing|Telecommunications,0.0
categorical__primary_category_Communications Hardware|Messaging|Mobile|Office Space|Technology|VoIP,0.0
categorical__primary_category_Communications Hardware|Mobile|Technology,0.0
categorical__primary_category_Communications Hardware|Mobile|Telecommunications,0.0
categorical__primary_category_Communications Hardware|Mobile|Telecommunications|VoIP,0.0
categorical__primary_category_Communications Hardware|Telecommunications|Wireless,0.0
categorical__primary_category_Communications Hardware|Web Hosting,0.0
categorical__primary_category_Communications Infrastructure,0.0
categorical__primary_category_Communications Infrastructure|Content Delivery|Networking|Video on Demand|Video Streaming,0.0
categorical__primary_category_Communications Infrastructure|Data Center Infrastructure|Hardware|Networking|Software,0.0
categorical__primary_category_Communications Infrastructure|Development Platforms|Systems,0.0
categorical__primary_category_Communications Infrastructure|Information Technology|Mobile,0.0
categorical__primary_category_Communications Infrastructure|Media|Social Network Media,0.0
categorical__primary_category_Communications Infrastructure|Media|Telecommunications,0.0
categorical__primary_category_Communications Infrastructure|Mobile|Public Relations,0.0
categorical__primary_category_Communications Infrastructure|Networking|Software,0.0
categorical__primary_category_Communications Infrastructure|Networking|VoIP,0.0
categorical__primary_category_Communications Infrastructure|Online Reservations|Travel & Tourism,0.0
categorical__primary_category_Communications Infrastructure|Professional Services,0.0
categorical__primary_category_Communications Infrastructure|Service Providers|Services,0.0
categorical__primary_category_Communications Infrastructure|Service Providers|Subscription Businesses,0.0
categorical__primary_category_Communications Infrastructure|Service Providers|Telecommunications,0.0
categorical__primary_category_Communications Infrastructure|Services|Telecommunications,0.0
categorical__primary_category_Communications Infrastructure|Wireless,0.0
categorical__primary_category_Communities|Curated Web|Home & Garden|Local|Local Businesses|Professional Services|Project Management,0.0
categorical__primary_category_Communities|Curated Web|Local|News,0.0
categorical__primary_category_Communities|Enterprise Software,0.0
categorical__primary_category_Communities|Events|Social Media|Virtual Workforces,0.0
categorical__primary_category_Communities|Gamification|Service Providers,0.0
categorical__primary_category_Communities|Governments|Social Commerce,0.0
categorical__primary_category_Communities|Local|Social Media|Social Network Media,0.0
categorical__primary_category_Communities|Marketplaces|Online Shopping,0.0
categorical__primary_category_Communities|Marketplaces|Travel,0.0
categorical__primary_category_Communities|Medical|Services,0.0
categorical__primary_category_Communities|Music|Musicians,0.0
categorical__primary_category_Communities|Services|Trading,0.0
categorical__primary_category_Communities|Social Media|Social Network Media,0.0
categorical__primary_category_Comparison Shopping|Coupons|Curated Web|Groceries,0.0
categorical__primary_category_Comparison Shopping|Coupons|E-Commerce|Outdoors,0.0
categorical__primary_category_Comparison Shopping|Curated Web,0.0
categorical__primary_category_Comparison Shopping|Curated Web|Search|Social Buying,0.0
categorical__primary_category_Computer Vision|Manufacturing|Software,0.0
categorical__primary_category_Computer Vision|Search|Visual Search,0.0
categorical__primary_category_Computers|Consumer Electronics|Electronics|Hardware + Software|Retail,0.0
categorical__primary_category_Computers|Consumer Electronics|Hardware,0.0
categorical__primary_category_Computers|Cyber Security|Information Technology|Software,0.0
categorical__primary_category_Computers|Data Centers|Networking|Storage|Web Hosting,0.0
categorical__primary_category_Computers|Data Security|Network Security|Security,0.0
categorical__primary_category_Computers|Design|Hardware|Manufacturing,0.0
categorical__primary_category_Computers|Design|Innovation Management,0.0
categorical__primary_category_Computers|Design|Internet Service Providers,0.0
categorical__primary_category_Computers|Developer APIs|Technology,0.0
categorical__primary_category_Computers|Discounts|Services,0.0
categorical__primary_category_Computers|EdTech|Education,0.0
categorical__primary_category_Computers|Enterprise Software|Information Technology|Services,0.0
categorical__primary_category_Computers|Entertainment|Games|Networking,0.0
categorical__primary_category_Computers|Hardware|Hardware + Software|Tech Field Support,0.0
categorical__primary_category_Computers|Hardware|Technology,0.0
categorical__primary_category_Computers|Information Services|Software,0.0
categorical__primary_category_Computers|Information Technology|Networking,0.0
categorical__primary_category_Computers|Information Technology|Software,0.0
categorical__primary_category_Computers|Intelligent Systems|Tracking,0.0
categorical__primary_category_Computers|Internet|Networking,0.0
categorical__primary_category_Computers|Internet|Software,0.0
categorical__primary_category_Computers|Internet|Software Compliance,0.0
categorical__primary_category_Computers|Manufacturing|Software,0.0
categorical__primary_category_Computers|Messaging|Mobile|Music,0.0
categorical__primary_category_Computers|Network Security,0.0
categorical__primary_category_Computers|Network Security|Security,0.0
categorical__primary_category_Computers|Network Security|Security|Services,0.0
categorical__primary_category_Computers|Network Security|Security|Testing,0.0
categorical__primary_category_Computers|Networking|Services|VoIP,0.0
categorical__primary_category_Computers|Networking|Software|Storage|Virtualization,0.0
categorical__primary_category_Computers|Security|Software,0.0
categorical__primary_category_Computers|Services|Software,0.0
categorical__primary_category_Computers|Software,0.0
categorical__primary_category_Computers|Telecommunications|Wireless,0.0
categorical__primary_category_Concentrated Solar Power|Manufacturing|Solar,0.0
categorical__primary_category_Concerts|Curated Web|Entertainment|Events|Kids|Music|Nightlife|Restaurants|Social Media|Ticketing,0.0
categorical__primary_category_Concerts|Curated Web|Entertainment|Music|Ticketing,0.0
categorical__primary_category_Concerts|E-Commerce|Hardware|Search|Sports|Ticketing,0.0
categorical__primary_category_Construction|Design,0.0
categorical__primary_category_Construction|Design|Manufacturing|Testing,0.0
categorical__primary_category_Construction|Industrial Automation|Technology,0.0
categorical__primary_category_Construction|Industrial|Information Technology|Services,0.0
categorical__primary_category_Construction|Services,0.0
categorical__primary_category_Construction|iPad|Mobile|Software,0.0
categorical__primary_category_Construction|iPad|Software,0.0
categorical__primary_category_Consulting|CRM|SaaS,0.0
categorical__primary_category_Consulting|CRM|Services,0.0
categorical__primary_category_Consulting|Consumer Goods|Sales and Marketing,0.0
categorical__primary_category_Consulting|Content|Project Management,0.0
categorical__primary_category_Consulting|Creative|Crowdsourcing|Sales and Marketing,0.0
categorical__primary_category_Consulting|Databases|Human Resources|Intellectual Property,0.0
categorical__primary_category_Consulting|Distribution|Software|Tech Field Support|Training,0.0
categorical__primary_category_Consulting|Document Management|Service Providers,0.0
categorical__primary_category_Consulting|E-Commerce|Retail|Shopping|Software|Technology,0.0
categorical__primary_category_Consulting|Enterprise Software,0.0
categorical__primary_category_Consulting|Enterprise Software|Marketplaces,0.0
categorical__primary_category_Consulting|Facebook Applications|News|Social Media|Twitter Applications,0.0
categorical__primary_category_Consulting|Graphics|Venture Capital,0.0
categorical__primary_category_Consulting|High Tech,0.0
categorical__primary_category_Consulting|Information Technology|Software,0.0
categorical__primary_category_Consulting|Infrastructure|Software,0.0
categorical__primary_category_Consulting|Mobile|Outsourcing,0.0
categorical__primary_category_Consulting|Recruiting,0.0
categorical__primary_category_Consulting|Sales and Marketing|Training,0.0
categorical__primary_category_Consulting|Search,0.0
categorical__primary_category_Consulting|Semiconductors,0.0
categorical__primary_category_Consulting|Services,0.0
categorical__primary_category_Consulting|Services|Software,0.0
categorical__primary_category_Consulting|Services|Technology,0.0
categorical__primary_category_Consulting|Software,0.0
categorical__primary_category_Consulting|Software|Telecommunications|Web Tools,0.0
categorical__primary_category_Consulting|Technology,0.0
categorical__primary_category_Consulting|Transportation,0.0
categorical__primary_category_Consulting|Video,0.0
categorical__primary_category_Consulting|Web Design,0.0
categorical__primary_category_Consulting|Web Design|Web Development,0.0
categorical__primary_category_Consumer Behavior|Employer Benefits Programs,0.0
categorical__primary_category_Consumer Behavior|Mobile Advertising|Predictive Analytics,0.0
categorical__primary_category_Consumer Electronics,0.0
categorical__primary_category_Consumer Electronics|Coupons|E-Commerce|iPad|iPhone,0.0
categorical__primary_category_Consumer Electronics|Curated Web|E-Commerce|Machine Learning|Search|Shopping,0.0
categorical__primary_category_Consumer Electronics|Customer Service,0.0
categorical__primary_category_Consumer Electronics|Databases|Hardware + Software|Open Source|PaaS|SaaS|Software,0.0
categorical__primary_category_Consumer Electronics|Design|Manufacturing,0.0
categorical__primary_category_Consumer Electronics|Distribution|Manufacturing|Mobile,0.0
categorical__primary_category_Consumer Electronics|E-Commerce,0.0
categorical__primary_category_Consumer Electronics|E-Commerce|Electronics|Furniture|Home & Garden|Tablets|Video,0.0
categorical__primary_category_Consumer Electronics|E-Commerce|Hardware|Hardware + Software,0.0
categorical__primary_category_Consumer Electronics|E-Commerce|Home Automation,0.0
categorical__primary_category_Consumer Electronics|Ediscovery|Games|Search|Services,0.0
categorical__primary_category_Consumer Electronics|Electrical Distribution|Energy Efficiency|Health Care|Semiconductors,0.0
categorical__primary_category_Consumer Electronics|Electronic Health Records|Health Care|iPad|Software,0.0
categorical__primary_category_Consumer Electronics|Electronics|Manufacturing,0.0
categorical__primary_category_Consumer Electronics|Fashion|Internet|Media|Pharmaceuticals|Supply Chain Management,0.0
categorical__primary_category_Consumer Electronics|Finance|iOS|Mobile|Mobile Coupons|Wireless,0.0
categorical__primary_category_Consumer Electronics|Gift Card|Software|Tablets,0.0
categorical__primary_category_Consumer Electronics|Gps|Location Based Services|Mobile,0.0
categorical__primary_category_Consumer Electronics|Hardware + Software,0.0
categorical__primary_category_Consumer Electronics|Hardware + Software|Television,0.0
categorical__primary_category_Consumer Electronics|Hardware + Software|Video Games|Virtualization|Wearables,0.0
categorical__primary_category_Consumer Electronics|Internet of Things|Services,0.0
categorical__primary_category_Consumer Electronics|Mobile Commerce,0.0
categorical__primary_category_Consumer Electronics|Mobile|Security|Sensors,0.0
categorical__primary_category_Consumer Electronics|Mobile|Sports,0.0
categorical__primary_category_Consumer Electronics|Motors,0.0
categorical__primary_category_Consumer Electronics|Public Relations|Security|Services,0.0
categorical__primary_category_Consumer Electronics|iPhone|Software|Virtualization,0.0
categorical__primary_category_Consumer Electronics|iPhone|iPod Touch|Mobile|Music,0.0
categorical__primary_category_Consumer Goods,0.0
categorical__primary_category_Consumer Goods|Cooking|Food Processing,0.0
categorical__primary_category_Consumer Goods|Cooking|Internet,0.0
categorical__primary_category_Consumer Goods|Curated Web|Messaging|Photography|Social Media,0.0
categorical__primary_category_Consumer Goods|Design,0.0
categorical__primary_category_Consumer Goods|Design|E-Commerce|Internet,0.0
categorical__primary_category_Consumer Goods|Design|Retail,0.0
categorical__primary_category_Consumer Goods|Distribution|Food Processing,0.0
categorical__primary_category_Consumer Goods|E-Commerce Platforms|Online Shopping,0.0
categorical__primary_category_Consumer Goods|E-Commerce|Online Shopping,0.0
categorical__primary_category_Consumer Goods|E-Commerce|Services,0.0
categorical__primary_category_Consumer Goods|E-Commerce|Specialty Foods,0.0
categorical__primary_category_Consumer Goods|Electronics|Lifestyle Products,0.0
categorical__primary_category_Consumer Goods|Energy|Fitness,0.0
categorical__primary_category_Consumer Goods|Fitness|Specialty Foods,0.0
categorical__primary_category_Consumer Goods|Food Processing|Specialty Foods,0.0
categorical__primary_category_Consumer Goods|Internet|Marketplaces,0.0
categorical__primary_category_Consumer Goods|Manufacturing|Specialty Foods,0.0
categorical__primary_category_Consumer Goods|Nutrition|Sporting Goods,0.0
categorical__primary_category_Consumer Goods|Pets|Subscription Service,0.0
categorical__primary_category_Consumer Goods|Restaurants|Services,0.0
categorical__primary_category_Consumer Goods|Service Providers,0.0
categorical__primary_category_Consumer Goods|Services,0.0
categorical__primary_category_Consumer Goods|Specialty Foods,0.0
categorical__primary_category_Consumer Internet,0.0
categorical__primary_category_Consumer Internet|Curated Web|Social Media,0.0
categorical__primary_category_Consumer Internet|Data Visualization|Online Rental|Real Estate|Reviews and Recommendations,0.0
categorical__primary_category_Consumer Internet|Enterprise Software|IT Management,0.0
categorical__primary_category_Consumer Internet|Enterprise Software|Mobile,0.0
categorical__primary_category_Consumer Internet|Events|Hospitality|Restaurants|Social Media,0.0
categorical__primary_category_Consumer Lending|Financial Services|P2P Money Transfer,0.0
categorical__primary_category_Consumers,0.0
categorical__primary_category_Consumers|Curated Web|Discounts|Shopping|Social Media,0.0
categorical__primary_category_Consumers|Curated Web|Enterprises|Lead Generation,0.0
categorical__primary_category_Consumers|Curated Web|Events|Networking|Web Development,0.0
categorical__primary_category_Consumers|E-Commerce,0.0
categorical__primary_category_Consumers|E-Commerce|Marketplaces|Peer-to-Peer|Travel,0.0
categorical__primary_category_Consumers|E-Commerce|Retail,0.0
categorical__primary_category_Consumers|Education|Online Rental|Textbooks,0.0
categorical__primary_category_Consumers|Education|Training,0.0
categorical__primary_category_Consumers|Franchises|Services,0.0
categorical__primary_category_Consumers|Games,0.0
categorical__primary_category_Consumers|Health Care|Health Care Information Technology,0.0
categorical__primary_category_Consumers|Home Owners|SaaS,0.0
categorical__primary_category_Consumers|Internet|Services,0.0
categorical__primary_category_Consumers|Media|News|Sports,0.0
categorical__primary_category_Consumers|Social Media|Software|Web Tools,0.0
categorical__primary_category_Contact Centers|Customer Service|Public Relations|VoIP,0.0
categorical__primary_category_Contact Centers|Telecommunications|Unifed Communications|Video Conferencing,0.0
categorical__primary_category_Contact Management|CRM|Email|Email Marketing|SaaS|Sales and Marketing|Social Media|Software,0.0
categorical__primary_category_Contact Management|Curated Web,0.0
categorical__primary_category_Contact Management|Curated Web|File Sharing|Privacy,0.0
categorical__primary_category_Contact Management|Curated Web|Networking|Social Media,0.0
categorical__primary_category_Contact Management|Databases|Enterprise Software|Mobile|Social CRM|Synchronization,0.0
categorical__primary_category_Contact Management|Databases|Mobile|Synchronization,0.0
categorical__primary_category_Contact Management|Lead Generation|SaaS|Software,0.0
categorical__primary_category_Contact Management|Mobile|Networking,0.0
categorical__primary_category_Contact Management|NFC|Software,0.0
categorical__primary_category_Contact Management|Social Media,0.0
categorical__primary_category_Content,0.0
categorical__primary_category_Content Creators|Content Delivery|Crowdsourcing,0.0
categorical__primary_category_Content Creators|Content Delivery|Licensing|Music|Music Services|Technology,0.0
categorical__primary_category_Content Creators|Content Discovery|Mobile|Mobile Advertising,0.0
categorical__primary_category_Content Delivery|Curated Web,0.0
categorical__primary_category_Content Delivery|Fantasy Sports|Messaging|Mobile Games,0.0
categorical__primary_category_Content Delivery|Games|Peer-to-Peer|Video Streaming,0.0
categorical__primary_category_Content Delivery|Games|Peer-to-Peer|Video|Video Streaming,0.0
categorical__primary_category_Content Delivery|Games|Video,0.0
categorical__primary_category_Content Delivery|Software,0.0
categorical__primary_category_Content Delivery|Software|Video Streaming,0.0
categorical__primary_category_Content Discovery|E-Commerce|Fashion|Lifestyle|Retail|Social Commerce,0.0
categorical__primary_category_Content Discovery|Games|Mobile|Music,0.0
categorical__primary_category_Content Discovery|Machine Learning|Mobile|Personalization,0.0
categorical__primary_category_Content Syndication|Hardware + Software,0.0
categorical__primary_category_Content|Crowdsourcing|Guides|Mobile|Software|Travel,0.0
categorical__primary_category_Content|Curated Web|Hospitality|Restaurants|Reviews and Recommendations|Social Media|Web Development|Web Presence Management,0.0
categorical__primary_category_Content|Curated Web|Networking|Social Media|Social Network Media,0.0
categorical__primary_category_Content|Curated Web|Real Time|Social Media,0.0
categorical__primary_category_Content|Curated Web|Search,0.0
categorical__primary_category_Content|Curated Web|Tutoring,0.0
categorical__primary_category_Content|Curated Web|Web Tools,0.0
categorical__primary_category_Content|DOD/Military|Networking|Social Media,0.0
categorical__primary_category_Content|Data Integration|Games|Incentives|Information Technology|Loyalty Programs|Media|Technology,0.0
categorical__primary_category_Content|Design|Visual Search,0.0
categorical__primary_category_Content|Digital Media,0.0
categorical__primary_category_Content|Digital Media|Services,0.0
categorical__primary_category_Content|Digital Media|Software,0.0
categorical__primary_category_Content|E-Commerce|Education|Social Media,0.0
categorical__primary_category_Content|E-Commerce|Internet|Networking|Reviews and Recommendations|SaaS|Social Commerce|Social Media|Software,0.0
categorical__primary_category_Content|E-Commerce|Internet|Social Media,0.0
categorical__primary_category_Content|E-Commerce|Lifestyle|Sports,0.0
categorical__primary_category_Content|E-Commerce|Technology,0.0
categorical__primary_category_Content|Ediscovery|File Sharing|News|Real Time,0.0
categorical__primary_category_Content|Ediscovery|Marketplaces|Peer-to-Peer|Travel,0.0
categorical__primary_category_Content|Enterprise Software|SaaS,0.0
categorical__primary_category_Content|Enterprise Software|Services,0.0
categorical__primary_category_Content|Enterprise Software|Web Hosting,0.0
categorical__primary_category_Content|Entertainment|Gadget|Games|Music|News|Publishing|Software|Sports|Television|Video|Video Streaming|Web Development|Web Tools,0.0
categorical__primary_category_Content|Events|Lifestyle|Sales and Marketing|Social Media,0.0
categorical__primary_category_Content|Games,0.0
categorical__primary_category_Content|Games|Internet,0.0
categorical__primary_category_Content|Games|Internet|Software|Video,0.0
categorical__primary_category_Content|Games|Internet|Television|Video,0.0
categorical__primary_category_Content|Games|Mobile|Portals,0.0
categorical__primary_category_Content|Games|Peer-to-Peer|Social Network Media,0.0
categorical__primary_category_Content|Games|Television|Video,0.0
categorical__primary_category_Content|Governments|Linux|Mobile Social|Open Source|Software|Web Design|Web Tools,0.0
categorical__primary_category_Content|Information Services|Visualization,0.0
categorical__primary_category_Content|Lifestyle|News|Video,0.0
categorical__primary_category_Content|Local|Mobile|Monetization|Public Transportation|Video on Demand|Web Development,0.0
categorical__primary_category_Content|Media|Publishing,0.0
categorical__primary_category_Content|Mobile|Search|SMS,0.0
categorical__primary_category_Content|Mobile|Services,0.0
categorical__primary_category_Content|News|Opinions|Social Media,0.0
categorical__primary_category_Content|SaaS|Software|Video,0.0
categorical__primary_category_Content|Search|Security|Social Media,0.0
categorical__primary_category_Content|Security,0.0
categorical__primary_category_Content|Social Media,0.0
categorical__primary_category_Content|Software,0.0
categorical__primary_category_Content|Software|Sports,0.0
categorical__primary_category_Content|Software|Web CMS,0.0
categorical__primary_category_Cooking|E-Commerce|Health and Wellness|Recipes|Services,0.0
categorical__primary_category_Cooking|Hospitality,0.0
categorical__primary_category_Cooking|Hospitality|Recipes,0.0
categorical__primary_category_Cooking|Portals|Recipes|Social Network Media|Software,0.0
categorical__primary_category_Corporate Training,0.0
categorical__primary_category_Corporate Training|Services,0.0
categorical__primary_category_Corporate Wellness|Internet|Social Commerce,0.0
categorical__primary_category_Cosmetics,0.0
categorical__primary_category_Cosmetics|E-Commerce,0.0
categorical__primary_category_Cosmetics|Pharmaceuticals|Services,0.0
categorical__primary_category_Coupons|Curated Web,0.0
categorical__primary_category_Coupons|Curated Web|Discounts,0.0
categorical__primary_category_Coupons|Curated Web|Discounts|E-Commerce|Local|Sales and Marketing,0.0
categorical__primary_category_Coupons|Curated Web|Discounts|Local,0.0
categorical__primary_category_Coupons|Curated Web|E-Commerce,0.0
categorical__primary_category_Coupons|Curated Web|E-Commerce|Retail,0.0
categorical__primary_category_Coupons|Curated Web|Group Buying|Marketplaces,0.0
categorical__primary_category_Coupons|Curated Web|Lifestyle|Loyalty Programs|Online Shopping|Travel,0.0
categorical__primary_category_Coupons|Curated Web|Local|Shopping,0.0
categorical__primary_category_Coupons|Curated Web|Location Based Services|Reviews and Recommendations,0.0
categorical__primary_category_Coupons|Discounts|E-Commerce|Group Buying|Startups,0.0
categorical__primary_category_Coupons|Discounts|Enterprise Application,0.0
categorical__primary_category_Coupons|E-Commerce|Group Buying,0.0
categorical__primary_category_Coupons|E-Commerce|Group Buying|Hospitality|Nightclubs,0.0
categorical__primary_category_Coupons|E-Commerce|Lifestyle Products|Local|Mobile|Online Shopping|Search|Shopping,0.0
categorical__primary_category_Coupons|Facebook Applications|Flash Sales|Games|Gamification|Retail|Social Buying,0.0
categorical__primary_category_Coupons|Finance|Hotels|Internet|Mobile|News|Social Media|Social Network Media|Technology,0.0
categorical__primary_category_Coupons|Online Shopping|Payments|Retail Technology,0.0
categorical__primary_category_Creative|Crowdsourcing|Curated Web|Design,0.0
categorical__primary_category_Creative|Curated Web|Design|E-Commerce|Franchises|Image Recognition|Internet|Marketplaces|Photography|Sales and Marketing|Search|Stock Exchanges|Web Development,0.0
categorical__primary_category_Creative|Design|Marketplaces|Public Relations,0.0
categorical__primary_category_Creative|Design|Software,0.0
categorical__primary_category_Creative|Digital Media,0.0
categorical__primary_category_Creative|New Technologies|Writers,0.0
categorical__primary_category_Creative|Services|Virtual Worlds,0.0
categorical__primary_category_Credit Cards|Curated Web,0.0
categorical__primary_category_Credit Cards|Curated Web|Discounts,0.0
categorical__primary_category_Credit Cards|E-Commerce|Online Shopping|Payments,0.0
categorical__primary_category_Credit Cards|Education|Finance|Financial Services|Networking|Peer-to-Peer,0.0
categorical__primary_category_Credit Cards|Finance|Financial Services|Personal Finance|Search,0.0
categorical__primary_category_Credit Cards|Fraud Detection|Security,0.0
categorical__primary_category_Credit Cards|Gift Card|Payments,0.0
categorical__primary_category_Credit|Enterprises|Finance,0.0
categorical__primary_category_Credit|Finance,0.0
categorical__primary_category_Credit|Finance|Finance Technology|FinTech|Personal Finance,0.0
categorical__primary_category_Credit|Property Management|Risk Management,0.0
categorical__primary_category_Credit|Risk Management,0.0
categorical__primary_category_Crowdfunding,0.0
categorical__primary_category_Crowdfunding|Crowdsourcing|Entrepreneur|Search|Startups|Venture Capital,0.0
categorical__primary_category_Crowdfunding|Curated Web|Hardware + Software|Social Commerce,0.0
categorical__primary_category_Crowdfunding|Entrepreneur|Finance|Financial Services|Technology|Venture Capital,0.0
categorical__primary_category_Crowdfunding|Events|Incubators|Media|Social Media,0.0
categorical__primary_category_Crowdfunding|Finance|Finance Technology|FinTech|Home Owners|Marketplaces|Peer-to-Peer|Personal Finance|Real Estate|Real Estate Investors,0.0
categorical__primary_category_Crowdfunding|Finance|Finance Technology|FinTech|Peer-to-Peer,0.0
categorical__primary_category_Crowdfunding|Finance|Web Tools,0.0
categorical__primary_category_Crowdsourcing|Curated Web,0.0
categorical__primary_category_Crowdsourcing|Curated Web|Design|Gift Card|Portals,0.0
categorical__primary_category_Crowdsourcing|Curated Web|Gas|Mobile|Oil|Travel,0.0
categorical__primary_category_Crowdsourcing|Curated Web|Internet,0.0
categorical__primary_category_Crowdsourcing|Curated Web|Local Based Services,0.0
categorical__primary_category_Crowdsourcing|Curated Web|Marketplaces|Photography|Video|Video Editing,0.0
categorical__primary_category_Crowdsourcing|E-Commerce,0.0
categorical__primary_category_Crowdsourcing|E-Commerce|Fashion,0.0
categorical__primary_category_Crowdsourcing|E-Commerce|Jewelry,0.0
categorical__primary_category_Crowdsourcing|EdTech|Hardware + Software,0.0
categorical__primary_category_Crowdsourcing|Fashion,0.0
categorical__primary_category_Crowdsourcing|Finance|Mobile|Social Media|Social Network Media,0.0
categorical__primary_category_Crowdsourcing|Games|Music|Social Games|Social Media,0.0
categorical__primary_category_Crowdsourcing|Mobile,0.0
categorical__primary_category_Crowdsourcing|Non Profit|Services,0.0
categorical__primary_category_Crowdsourcing|Software,0.0
categorical__primary_category_Curated Web|Data Integration|Development Platforms|Media,0.0
categorical__primary_category_Curated Web|Data Security|Legal|Privacy|Security,0.0
categorical__primary_category_Curated Web|Data Visualization|Internet|Maps|Music,0.0
categorical__primary_category_Curated Web|Delivery|Hospitality,0.0
categorical__primary_category_Curated Web|Design|File Sharing|User Experience Design|Web Tools,0.0
categorical__primary_category_Curated Web|Design|Freelancers|Recruiting|Search|Writers,0.0
categorical__primary_category_Curated Web|Design|Graphics|News|Printing|Promotional|Sales and Marketing|Web Design,0.0
categorical__primary_category_Curated Web|Design|Interface Design|Music|Photography|User Experience Design|Web Design|Web Development|Web Hosting,0.0
categorical__primary_category_Curated Web|Design|Internet|Software|Web Design|Web Tools,0.0
categorical__primary_category_Curated Web|Developer Tools|Development Platforms,0.0
categorical__primary_category_Curated Web|Digital Media,0.0
categorical__primary_category_Curated Web|Digital Media|E-Commerce|Health and Wellness|Subscription Businesses|Women,0.0
categorical__primary_category_Curated Web|Discounts|Internet|Local Coupons|Promotional,0.0
categorical__primary_category_Curated Web|Discounts|Promotional,0.0
categorical__primary_category_Curated Web|Document Management|Real Time,0.0
categorical__primary_category_Curated Web|Domains,0.0
categorical__primary_category_Curated Web|E-Commerce,0.0
categorical__primary_category_Curated Web|E-Commerce|Ediscovery|Fashion|Retail|Social Buying,0.0
categorical__primary_category_Curated Web|E-Commerce|Ediscovery|Social Media,0.0
categorical__primary_category_Curated Web|E-Commerce|Email,0.0
categorical__primary_category_Curated Web|E-Commerce|Facebook Applications|Peer-to-Peer|Social Commerce|Twitter Applications,0.0
categorical__primary_category_Curated Web|E-Commerce|Fashion|Finance|Retail,0.0
categorical__primary_category_Curated Web|E-Commerce|Fashion|Marketplaces|Startups,0.0
categorical__primary_category_Curated Web|E-Commerce|Fashion|News|Search|Shopping,0.0
categorical__primary_category_Curated Web|E-Commerce|Fashion|Retail,0.0
categorical__primary_category_Curated Web|E-Commerce|File Sharing|Social Commerce|Web Tools,0.0
categorical__primary_category_Curated Web|E-Commerce|Gift Card,0.0
categorical__primary_category_Curated Web|E-Commerce|Parenting,0.0
categorical__primary_category_Curated Web|E-Commerce|Publishing|Reviews and Recommendations|Social Buying,0.0
categorical__primary_category_Curated Web|E-Commerce|Social Buying|Social Network Media|Teenagers,0.0
categorical__primary_category_Curated Web|E-Commerce|Social Commerce,0.0
categorical__primary_category_Curated Web|E-Commerce|Social Commerce|Social Media|Social Network Media,0.0
categorical__primary_category_Curated Web|E-Commerce|Travel,0.0
categorical__primary_category_Curated Web|Ediscovery|Entertainment|Local|Social Media,0.0
categorical__primary_category_Curated Web|Ediscovery|Kids|Mobile|Parenting|Travel,0.0
categorical__primary_category_Curated Web|Ediscovery|Local|Location Based Services|Mobile,0.0
categorical__primary_category_Curated Web|Ediscovery|Location Based Services|Mobile|Reviews and Recommendations,0.0
categorical__primary_category_Curated Web|Ediscovery|Mobile|Music|Social Network Media,0.0
categorical__primary_category_Curated Web|Ediscovery|Reviews and Recommendations,0.0
categorical__primary_category_Curated Web|Ediscovery|Search,0.0
categorical__primary_category_Curated Web|Education,0.0
categorical__primary_category_Curated Web|Education|Internet,0.0
categorical__primary_category_Curated Web|Education|Knowledge Management|Natural Language Processing|Personalization,0.0
categorical__primary_category_Curated Web|Education|Photography,0.0
categorical__primary_category_Curated Web|Education|Search|Training,0.0
categorical__primary_category_Curated Web|Education|Semantic Web|Training|Video Conferencing|Video Streaming,0.0
categorical__primary_category_Curated Web|Education|Software,0.0
categorical__primary_category_Curated Web|Email,0.0
categorical__primary_category_Curated Web|Email Newsletters,0.0
categorical__primary_category_Curated Web|Email|Media,0.0
categorical__primary_category_Curated Web|Email|Messaging|Security,0.0
categorical__primary_category_Curated Web|Email|Photo Sharing|Search|Social Network Media,0.0
categorical__primary_category_Curated Web|Employment|Human Resources|Manufacturing|Social Media,0.0
categorical__primary_category_Curated Web|Employment|Networking|Social Media|Startups,0.0
categorical__primary_category_Curated Web|Employment|Search,0.0
categorical__primary_category_Curated Web|Entertainment,0.0
categorical__primary_category_Curated Web|Entertainment|Gift Card|Private Social Networking|Social Commerce|Social Network Media,0.0
categorical__primary_category_Curated Web|Entertainment|Internet|Internet Marketing|Media|Mobile,0.0
categorical__primary_category_Curated Web|Entertainment|Internet|Publishing|Television,0.0
categorical__primary_category_Curated Web|Entertainment|Media|Television|Video,0.0
categorical__primary_category_Curated Web|Entrepreneur|Finance|Financial Services|Networking|Venture Capital,0.0
categorical__primary_category_Curated Web|Entrepreneur|Startups|Travel,0.0
categorical__primary_category_Curated Web|Event Management|Events,0.0
categorical__primary_category_Curated Web|Events,0.0
categorical__primary_category_Curated Web|Events|Finance|FinTech,0.0
categorical__primary_category_Curated Web|Events|Local|Local Search|Maps|Natural Language Processing|Neuroscience|Web Tools,0.0
categorical__primary_category_Curated Web|Events|Local|Online Shopping|Reviews and Recommendations|Travel,0.0
categorical__primary_category_Curated Web|Events|Local|Search|Social Media,0.0
categorical__primary_category_Curated Web|Events|Social Media,0.0
categorical__primary_category_Curated Web|Events|Sports,0.0
categorical__primary_category_Curated Web|Events|Ticketing,0.0
categorical__primary_category_Curated Web|Events|Web Development,0.0
categorical__primary_category_Curated Web|Facebook Applications|Finance|FinTech,0.0
categorical__primary_category_Curated Web|Facebook Applications|Internet|Match-Making|Online Dating,0.0
categorical__primary_category_Curated Web|Facebook Applications|Local Based Services|Location Based Services|Real Time,0.0
categorical__primary_category_Curated Web|Facebook Applications|MicroBlogging|Social Media|Twitter Applications,0.0
categorical__primary_category_Curated Web|Facebook Applications|Social Media,0.0
categorical__primary_category_Curated Web|Families|Online Travel|Social Travel,0.0
categorical__primary_category_Curated Web|Fantasy Sports|Sports,0.0
categorical__primary_category_Curated Web|Fashion|Lifestyle|Retail,0.0
categorical__primary_category_Curated Web|Fashion|Teenagers,0.0
categorical__primary_category_Curated Web|File Sharing|Finance|Universities,0.0
categorical__primary_category_Curated Web|File Sharing|Lifestyle|Local|News|Social Media|Sports,0.0
categorical__primary_category_Curated Web|File Sharing|Photography,0.0
categorical__primary_category_Curated Web|File Sharing|Social Media|Task Management,0.0
categorical__primary_category_Curated Web|File Sharing|Software,0.0
categorical__primary_category_Curated Web|Finance,0.0
categorical__primary_category_Curated Web|Finance|FinTech|Internet Radio Market|Music|Video Streaming,0.0
categorical__primary_category_Curated Web|Finance|FinTech|Reviews and Recommendations,0.0
categorical__primary_category_Curated Web|Finance|Identity,0.0
categorical__primary_category_Curated Web|Finance|Messaging|Polling|Surveys|Weddings,0.0
categorical__primary_category_Curated Web|Flash Sales,0.0
categorical__primary_category_Curated Web|Forums|Internet|Social Network Media,0.0
categorical__primary_category_Curated Web|Forums|Software|Web Development,0.0
categorical__primary_category_Curated Web|Gambling,0.0
categorical__primary_category_Curated Web|Games|Incentives|Loyalty Programs|Mobile|Social Media,0.0
categorical__primary_category_Curated Web|Games|Internet|Music|Soccer|Sports,0.0
categorical__primary_category_Curated Web|Games|Reviews and Recommendations|Social Media|Technology,0.0
categorical__primary_category_Curated Web|Gift Card,0.0
categorical__primary_category_Curated Web|Gps|Pets,0.0
categorical__primary_category_Curated Web|Guides|Location Based Services|Mobile|Reviews and Recommendations,0.0
categorical__primary_category_Curated Web|Health Care,0.0
categorical__primary_category_Curated Web|Health Care|Health Care Information Technology|Healthcare Services,0.0
categorical__primary_category_Curated Web|Health and Wellness,0.0
categorical__primary_category_Curated Web|Health and Wellness|Health Care|Medical|Twitter Applications,0.0
categorical__primary_category_Curated Web|Health and Wellness|Internet|Manufacturing|Natural Resources,0.0
categorical__primary_category_Curated Web|Health and Wellness|Medical,0.0
categorical__primary_category_Curated Web|Hospitality,0.0
categorical__primary_category_Curated Web|Hotels|Networking|Reviews and Recommendations|Search|Social Media|Software|Travel,0.0
categorical__primary_category_Curated Web|Hotels|Travel,0.0
categorical__primary_category_Curated Web|Human Resources|Information Technology|Networking|Recruiting|Social Network Media,0.0
categorical__primary_category_Curated Web|Human Resources|Recruiting|SaaS|Semantic Search|Staffing Firms,0.0
categorical__primary_category_Curated Web|Identity|Privacy|Security,0.0
categorical__primary_category_Curated Web|Identity|Reputation|Trusted Networks,0.0
categorical__primary_category_Curated Web|Image Recognition|Mobile|Photography|Software|Wireless,0.0
categorical__primary_category_Curated Web|Information Services,0.0
categorical__primary_category_Curated Web|Information Technology|News,0.0
categorical__primary_category_Curated Web|Information Technology|Social Media,0.0
categorical__primary_category_Curated Web|Intellectual Asset Management,0.0
categorical__primary_category_Curated Web|Interior Design|Lifestyle,0.0
categorical__primary_category_Curated Web|Internet,0.0
categorical__primary_category_Curated Web|Internet Marketing|Sales and Marketing|Web Design|Web Development,0.0
categorical__primary_category_Curated Web|Internet TV|Reviews and Recommendations|Social Television|Television,0.0
categorical__primary_category_Curated Web|Internet|Messaging|Mobile|SMS|SNS|Technology,0.0
categorical__primary_category_Curated Web|Internet|Messaging|Social Media,0.0
categorical__primary_category_Curated Web|Internet|Messaging|Social Network Media,0.0
categorical__primary_category_Curated Web|Internet|Networking,0.0
categorical__primary_category_Curated Web|Internet|Online Reservations|Online Scheduling,0.0
categorical__primary_category_Curated Web|Internet|SaaS,0.0
categorical__primary_category_Curated Web|Internet|Social Media,0.0
categorical__primary_category_Curated Web|Internet|Software,0.0
categorical__primary_category_Curated Web|Internet|Technology,0.0
categorical__primary_category_Curated Web|Internet|iPhone|Social Media|Sports,0.0
categorical__primary_category_Curated Web|Journalism|Media|Semantic Web,0.0
categorical__primary_category_Curated Web|Journalism|Networking|News,0.0
categorical__primary_category_Curated Web|Journalism|Publishing,0.0
categorical__primary_category_Curated Web|Language Learning|Lifestyle,0.0
categorical__primary_category_Curated Web|Language Learning|SNS|Social Network Media,0.0
categorical__primary_category_Curated Web|Law Enforcement|News|Social Media,0.0
categorical__primary_category_Curated Web|Law Enforcement|Politics|Social Media,0.0
categorical__primary_category_Curated Web|Lead Generation,0.0
categorical__primary_category_Curated Web|Lead Generation|Payments|Polling|Surveys,0.0
categorical__primary_category_Curated Web|Legal,0.0
categorical__primary_category_Curated Web|Leisure|Marketplaces,0.0
categorical__primary_category_Curated Web|Life Sciences,0.0
categorical__primary_category_Curated Web|Local,0.0
categorical__primary_category_Curated Web|Local Search|Marketplaces|Network Security|SaaS|Service Providers,0.0
categorical__primary_category_Curated Web|Local Search|Photo Sharing|Social Media,0.0
categorical__primary_category_Curated Web|Local Search|Vertical Search,0.0
categorical__primary_category_Curated Web|Local|Local Search|Network Security|Online Scheduling|Service Providers,0.0
categorical__primary_category_Curated Web|Local|Location Based Services,0.0
categorical__primary_category_Curated Web|Local|Marketplaces|Mobile,0.0
categorical__primary_category_Curated Web|Local|Outsourcing|Services,0.0
categorical__primary_category_Curated Web|Local|Reviews and Recommendations,0.0
categorical__primary_category_Curated Web|Local|Search,0.0
categorical__primary_category_Curated Web|Local|Service Providers,0.0
categorical__primary_category_Curated Web|Location Based Services|Maps|Reviews and Recommendations|Social Media|Travel,0.0
categorical__primary_category_Curated Web|Location Based Services|Maps|Social Media,0.0
categorical__primary_category_Curated Web|Location Based Services|Mobile|Online Dating,0.0
categorical__primary_category_Curated Web|Location Based Services|Photography|Private Social Networking|Reviews and Recommendations|Social Media|Travel,0.0
categorical__primary_category_Curated Web|Location Based Services|Reviews and Recommendations,0.0
categorical__primary_category_Curated Web|Marketplaces,0.0
categorical__primary_category_Curated Web|Marketplaces|Music,0.0
categorical__primary_category_Curated Web|Marketplaces|Startups,0.0
categorical__primary_category_Curated Web|Messaging,0.0
categorical__primary_category_Curated Web|Messaging|Mobile,0.0
categorical__primary_category_Curated Web|MicroBlogging,0.0
categorical__primary_category_Curated Web|MicroBlogging|Social Media|Social Network Media,0.0
categorical__primary_category_Curated Web|MicroBlogging|Twitter Applications,0.0
categorical__primary_category_Curated Web|Mobile,0.0
categorical__primary_category_Curated Web|Mobile|Parenting|Social Media,0.0
categorical__primary_category_Curated Web|Mobile|Reviews and Recommendations|Social Commerce|Social Media,0.0
categorical__primary_category_Curated Web|Mobile|Social Media|Startups,0.0
categorical__primary_category_Curated Web|Music,0.0
categorical__primary_category_Curated Web|Music|Networking,0.0
categorical__primary_category_Curated Web|Music|Photography|Video|Video Chat|Video Conferencing,0.0
categorical__primary_category_Curated Web|Natural Language Processing|Neuroscience|Semantic Search|Social Search,0.0
categorical__primary_category_Curated Web|Networking,0.0
categorical__primary_category_Curated Web|Networking|News|Search,0.0
categorical__primary_category_Curated Web|Networking|Photography|Social Network Media|Software,0.0
categorical__primary_category_Curated Web|Networking|Social Recruiting,0.0
categorical__primary_category_Curated Web|News,0.0
categorical__primary_category_Curated Web|News|Social Bookmarking|Social Media,0.0
categorical__primary_category_Curated Web|News|Social Media,0.0
categorical__primary_category_Curated Web|News|Social Network Media,0.0
categorical__primary_category_Curated Web|Nonprofits|Web Development,0.0
categorical__primary_category_Curated Web|Online Dating,0.0
categorical__primary_category_Curated Web|Online Dating|Venture Capital,0.0
categorical__primary_category_Curated Web|Online Reservations,0.0
categorical__primary_category_Curated Web|Online Scheduling|Tracking,0.0
categorical__primary_category_Curated Web|Online Scheduling|Video,0.0
categorical__primary_category_Curated Web|Online Shopping,0.0
categorical__primary_category_Curated Web|Opinions,0.0
categorical__primary_category_Curated Web|Opinions|Polling,0.0
categorical__primary_category_Curated Web|Opinions|Social Media,0.0
categorical__primary_category_Curated Web|Parenting,0.0
categorical__primary_category_Curated Web|Payments,0.0
categorical__primary_category_Curated Web|Personalization,0.0
categorical__primary_category_Curated Web|Photo Sharing|Social Media|Video,0.0
categorical__primary_category_Curated Web|Photo Sharing|Social Network Media,0.0
categorical__primary_category_Curated Web|Photography,0.0
categorical__primary_category_Curated Web|Photography|Photo Sharing,0.0
categorical__primary_category_Curated Web|Photography|Photo Sharing|Software,0.0
categorical__primary_category_Curated Web|Politics,0.0
categorical__primary_category_Curated Web|Polling|Real Time|Web Tools,0.0
categorical__primary_category_Curated Web|Publishing,0.0
categorical__primary_category_Curated Web|Real Estate|Social Media,0.0
categorical__primary_category_Curated Web|Real Time|Reviews and Recommendations|Twitter Applications,0.0
categorical__primary_category_Curated Web|Real Time|Social Media,0.0
categorical__primary_category_Curated Web|Recruiting|Staffing Firms|Tutoring,0.0
categorical__primary_category_Curated Web|Registrars,0.0
categorical__primary_category_Curated Web|Restaurants,0.0
categorical__primary_category_Curated Web|Retail,0.0
categorical__primary_category_Curated Web|Reviews and Recommendations|Search,0.0
categorical__primary_category_Curated Web|Reviews and Recommendations|Startups,0.0
categorical__primary_category_Curated Web|SNS|Social Network Media,0.0
categorical__primary_category_Curated Web|Sales and Marketing,0.0
categorical__primary_category_Curated Web|Search,0.0
categorical__primary_category_Curated Web|Semantic Web,0.0
categorical__primary_category_Curated Web|Services|Web Presence Management,0.0
categorical__primary_category_Curated Web|Social Bookmarking,0.0
categorical__primary_category_Curated Web|Social Bookmarking|Social Media,0.0
categorical__primary_category_Curated Web|Social Bookmarking|Social Media|Web Tools,0.0
categorical__primary_category_Curated Web|Social Commerce,0.0
categorical__primary_category_Curated Web|Social Media,0.0
categorical__primary_category_Curated Web|Social Media|Stock Exchanges,0.0
categorical__primary_category_Curated Web|Social Media|Technology,0.0
categorical__primary_category_Curated Web|Social Network Media,0.0
categorical__primary_category_Curated Web|Social Network Media|Universities,0.0
categorical__primary_category_Curated Web|Software,0.0
categorical__primary_category_Curated Web|Software|Venture Capital,0.0
categorical__primary_category_Curated Web|Sports,0.0
categorical__primary_category_Curated Web|Sports|Weddings,0.0
categorical__primary_category_Curated Web|Storage,0.0
categorical__primary_category_Curated Web|Task Management,0.0
categorical__primary_category_Curated Web|Technology,0.0
categorical__primary_category_Curated Web|Television|Video,0.0
categorical__primary_category_Curated Web|Textbooks,0.0
categorical__primary_category_Curated Web|Tracking,0.0
categorical__primary_category_Curated Web|Training,0.0
categorical__primary_category_Curated Web|Transportation,0.0
categorical__primary_category_Curated Web|Travel|Virtual Worlds,0.0
categorical__primary_category_Curated Web|Tutoring,0.0
categorical__primary_category_Curated Web|Twitter Applications,0.0
categorical__primary_category_Curated Web|Venture Capital,0.0
categorical__primary_category_Curated Web|Video,0.0
categorical__primary_category_Curated Web|Video|Video Streaming,0.0
categorical__primary_category_Curated Web|Virtual Worlds,0.0
categorical__primary_category_Curated Web|Visual Search,0.0
categorical__primary_category_Curated Web|Web Browsers,0.0
categorical__primary_category_Curated Web|Web Design|Web Development,0.0
categorical__primary_category_Curated Web|Web Development,0.0
categorical__primary_category_Curated Web|Web Tools,0.0
categorical__primary_category_Curated Web|Wine And Spirits,0.0
categorical__primary_category_Custom Retail|Home Decor|Retail,0.0
categorical__primary_category_Customer Service|Custom Retail|Delivery|E-Commerce|Internet|Messaging|Online Shopping|Services|Social Network Media,0.0
categorical__primary_category_Customer Service|Customer Support Tools|Enterprise Software|SaaS|Tech Field Support,0.0
categorical__primary_category_Customer Service|Customer Support Tools|Software,0.0
categorical__primary_category_Customer Service|Data Integration,0.0
categorical__primary_category_Customer Service|Design|Services,0.0
categorical__primary_category_Customer Service|E-Commerce,0.0
categorical__primary_category_Customer Service|EdTech|Education,0.0
categorical__primary_category_Customer Service|Education,0.0
categorical__primary_category_Customer Service|Electronics|Solar,0.0
categorical__primary_category_Customer Service|Email Marketing|Reputation|Reviews and Recommendations|Small and Medium Businesses|Software|Surveys|Web Hosting,0.0
categorical__primary_category_Customer Service|Internet|SMS,0.0
categorical__primary_category_Customer Service|Market Research|Service Providers,0.0
categorical__primary_category_Customer Service|Mobile Payments|Payments,0.0
categorical__primary_category_Customer Service|Online Dating|Services,0.0
categorical__primary_category_Customer Service|Postal and Courier Services,0.0
categorical__primary_category_Customer Service|Reviews and Recommendations|Search,0.0
categorical__primary_category_Customer Service|Services|Software,0.0
categorical__primary_category_Customer Service|Social Media|Test and Measurement,0.0
categorical__primary_category_Customer Support Tools|Enterprises|Financial Services,0.0
categorical__primary_category_Customer Support Tools|FreetoPlay Gaming|Games|Social Games,0.0
categorical__primary_category_Cyber Security,0.0
categorical__primary_category_Cyber Security|Data Security|Fraud Detection,0.0
categorical__primary_category_Cyber Security|IT and Cybersecurity|Online Identity,0.0
categorical__primary_category_Cyber Security|Information Security|Security|Software|Software Compliance,0.0
categorical__primary_category_Cyber Security|Information Services|Information Technology|Internet,0.0
categorical__primary_category_Cyber Security|Internet|Services,0.0
categorical__primary_category_Cyber Security|Security,0.0
categorical__primary_category_DIY|Home Decor|Online Shopping,0.0
categorical__primary_category_DIY|Music|P2P Money Transfer,0.0
categorical__primary_category_DOD/Military|EdTech|Education|Employment|Internet|Public Relations|Social Media|Tech Field Support,0.0
categorical__primary_category_DOD/Military|Social Media,0.0
categorical__primary_category_Data Center Automation|Data Integration|Design,0.0
categorical__primary_category_Data Center Automation|Data Visualization|Testing,0.0
categorical__primary_category_Data Centers|Data Integration|Software,0.0
categorical__primary_category_Data Centers|Data Visualization|Services,0.0
categorical__primary_category_Data Centers|Enterprises|Software,0.0
categorical__primary_category_Data Centers|Environmental Innovation|Services|Software,0.0
categorical__primary_category_Data Centers|Geospatial|Space Travel,0.0
categorical__primary_category_Data Centers|Information Technology|Location Based Services|Web Hosting,0.0
categorical__primary_category_Data Centers|Internet|Mobile|Mobile Infrastructure|Telecommunications,0.0
categorical__primary_category_Data Centers|Internet|Networking|SaaS|Web Hosting,0.0
categorical__primary_category_Data Centers|Networking|Software|Virtualization,0.0
categorical__primary_category_Data Centers|Networking|Web Hosting,0.0
categorical__primary_category_Data Centers|Pervasive Computing|Services,0.0
categorical__primary_category_Data Centers|Web Hosting,0.0
categorical__primary_category_Data Integration|Enterprises|Real Time,0.0
categorical__primary_category_Data Integration|M2M|Mobile|Security,0.0
categorical__primary_category_Data Mining,0.0
categorical__primary_category_Data Mining|Developer APIs|Natural Language Processing|Opinions|Small and Medium Businesses|Software|Text Analytics,0.0
categorical__primary_category_Data Mining|Machine Learning|Technology,0.0
categorical__primary_category_Data Mining|Software|Surveys,0.0
categorical__primary_category_Data Privacy|Enterprise Software|Software,0.0
categorical__primary_category_Data Security,0.0
categorical__primary_category_Data Security|Ediscovery|Software,0.0
categorical__primary_category_Data Security|Financial Services|Manufacturing,0.0
categorical__primary_category_Data Security|Flash Storage|Home & Garden|Linux|Open Source|Software,0.0
categorical__primary_category_Data Security|Flash Storage|Home & Garden|Security|Software|Storage,0.0
categorical__primary_category_Data Security|Fleet Management|Gps,0.0
categorical__primary_category_Data Security|Homeland Security|Software|Storage,0.0
categorical__primary_category_Data Security|Identity Management|Information Security|Internet of Things|Network Security|NFC|RFID|SaaS|Security,0.0
categorical__primary_category_Data Security|Information Technology|VoIP,0.0
categorical__primary_category_Data Security|Infrastructure|Service Providers,0.0
categorical__primary_category_Data Security|Security,0.0
categorical__primary_category_Data Security|Services|Software,0.0
categorical__primary_category_Data Security|Software,0.0
categorical__primary_category_Data Visualization,0.0
categorical__primary_category_Data Visualization|Information Services,0.0
categorical__primary_category_Databases|Data Mining|Enterprises|Enterprise Software|Social Network Media|Software,0.0
categorical__primary_category_Databases|Delivery|Storage,0.0
categorical__primary_category_Databases|Design|Wireless,0.0
categorical__primary_category_Databases|E-Commerce|Open Source,0.0
categorical__primary_category_Databases|Electronics|Storage,0.0
categorical__primary_category_Databases|Email Marketing|Software,0.0
categorical__primary_category_Databases|Email|Internet|Mobile|VoIP,0.0
categorical__primary_category_Databases|Enterprise Software,0.0
categorical__primary_category_Databases|Enterprise Software|Lighting|Open Source,0.0
categorical__primary_category_Databases|Enterprise Software|Software,0.0
categorical__primary_category_Databases|Enterprises|Services,0.0
categorical__primary_category_Databases|Entertainment|Games|Messaging,0.0
categorical__primary_category_Databases|Entertainment|Local|Mobile|Networking|Social Search,0.0
categorical__primary_category_Databases|Genetic Testing|Health Care,0.0
categorical__primary_category_Databases|Hardware + Software|Networking|Security,0.0
categorical__primary_category_Databases|Hardware|Hardware + Software|Networking|Storage|Technology,0.0
categorical__primary_category_Databases|Human Resources|Software,0.0
categorical__primary_category_Databases|Information Technology|Software,0.0
categorical__primary_category_Databases|Information Technology|Technology,0.0
categorical__primary_category_Databases|Internet Radio Market|Music,0.0
categorical__primary_category_Databases|Internet Service Providers|Services,0.0
categorical__primary_category_Databases|Local|Location Based Services|Mobile|Navigation|Social Media,0.0
categorical__primary_category_Databases|Mobile|Networking,0.0
categorical__primary_category_Databases|Open Source|Services,0.0
categorical__primary_category_Databases|Photography|Web Hosting,0.0
categorical__primary_category_Databases|Real Estate|Service Providers,0.0
categorical__primary_category_Databases|Real Time|Software,0.0
categorical__primary_category_Databases|Software,0.0
categorical__primary_category_Databases|Web Hosting,0.0
categorical__primary_category_Defense|Design|Security,0.0
categorical__primary_category_Defense|Homeland Security|Public Safety|Sensors,0.0
categorical__primary_category_Defense|Security,0.0
categorical__primary_category_Delivery|E-Commerce|Enterprise Software|Information Technology|Internet Marketing|Logistics|Online Shopping|Retail Technology|Shipping|Web Development,0.0
categorical__primary_category_Delivery|E-Commerce|Fashion,0.0
categorical__primary_category_Delivery|E-Commerce|Hospitality|Internet|Local|Location Based Services|Mobile|Restaurants,0.0
categorical__primary_category_Delivery|E-Commerce|Hospitality|Restaurants,0.0
categorical__primary_category_Delivery|Gift Registries|Retail,0.0
categorical__primary_category_Delivery|Health Care|Medical,0.0
categorical__primary_category_Delivery|Hospitality,0.0
categorical__primary_category_Delivery|Hospitality|Restaurants,0.0
categorical__primary_category_Delivery|Hospitality|Startups,0.0
categorical__primary_category_Delivery|Information Technology|Services|Software,0.0
categorical__primary_category_Delivery|Internet|Local Services,0.0
categorical__primary_category_Delivery|Lighting|Services,0.0
categorical__primary_category_Delivery|Medical|Pharmaceuticals,0.0
categorical__primary_category_Delivery|Networking|Services,0.0
categorical__primary_category_Delivery|Online Reservations|Services,0.0
categorical__primary_category_Delivery|Postal and Courier Services|Transportation,0.0
categorical__primary_category_Delivery|Restaurants|Services,0.0
categorical__primary_category_Delivery|Service Providers|Services,0.0
categorical__primary_category_Delivery|Subscription Service,0.0
categorical__primary_category_Demographies|Mobile|Test and Measurement,0.0
categorical__primary_category_Dental,0.0
categorical__primary_category_Dental|Doctors|Health and Wellness|Health Care|Hospitals|Medical|Physicians,0.0
categorical__primary_category_Dental|Fitness|Medical,0.0
categorical__primary_category_Dental|Health Care|Healthcare Services,0.0
categorical__primary_category_Dental|Health and Wellness|Healthcare Services|Medical,0.0
categorical__primary_category_Dental|Internet|Reviews and Recommendations,0.0
categorical__primary_category_Dental|Medical|Services,0.0
categorical__primary_category_Dental|Medical|Software,0.0
categorical__primary_category_Design,0.0
categorical__primary_category_Designers|Digital Media|Manufacturing|Services,0.0
categorical__primary_category_Designers|E-Commerce|Indoor Positioning|Retail,0.0
categorical__primary_category_Designers|Manufacturing|Services,0.0
categorical__primary_category_Design|Designers|E-Commerce|Fashion,0.0
categorical__primary_category_Design|Developer APIs|Open Source|Service Providers,0.0
categorical__primary_category_Design|Digital Media|Displays|Manufacturing,0.0
categorical__primary_category_Design|Digital Signage|Entertainment,0.0
categorical__primary_category_Design|E-Commerce|E-Commerce Platforms|Fashion|Textiles,0.0
categorical__primary_category_Design|E-Commerce|Environmental Innovation|Startups,0.0
categorical__primary_category_Design|E-Commerce|Fashion|Lifestyle,0.0
categorical__primary_category_Design|E-Commerce|Fashion|Marketplaces,0.0
categorical__primary_category_Design|E-Commerce|Gamification,0.0
categorical__primary_category_Design|E-Commerce|Internet|SEO|Software|Web Development,0.0
categorical__primary_category_Design|E-Commerce|Lifestyle,0.0
categorical__primary_category_Design|EdTech|Education|Finance|FinTech|Health Care|Security|Software Compliance,0.0
categorical__primary_category_Design|Electronics|Energy Storage|Manufacturing|Sales and Marketing,0.0
categorical__primary_category_Design|Electronics|Manufacturing|Service Providers|Telecommunications,0.0
categorical__primary_category_Design|Electronics|Utilities,0.0
categorical__primary_category_Design|Energy|Industrial,0.0
categorical__primary_category_Design|Enterprise Software|Internet|Media|Networking|Services|Software,0.0
categorical__primary_category_Design|Enterprises|Storage,0.0
categorical__primary_category_Design|Fashion|Lingerie,0.0
categorical__primary_category_Design|Fuels|Transportation,0.0
categorical__primary_category_Design|Hardware + Software,0.0
categorical__primary_category_Design|Hardware + Software|Health and Wellness,0.0
categorical__primary_category_Design|Infrastructure|Systems|Web Hosting,0.0
categorical__primary_category_Design|Innovation Management|Mobile|Mobile Commerce,0.0
categorical__primary_category_Design|Intelligent Systems|Services,0.0
categorical__primary_category_Design|Internet|Internet TV|Television,0.0
categorical__primary_category_Design|Lifestyle Products|Pets,0.0
categorical__primary_category_Design|Manufacturing|Security,0.0
categorical__primary_category_Design|Manufacturing|Semiconductors,0.0
categorical__primary_category_Design|Manufacturing|Service Providers,0.0
categorical__primary_category_Design|Manufacturing|Technology,0.0
categorical__primary_category_Design|Manufacturing|Textiles,0.0
categorical__primary_category_Design|Medical Devices|Services,0.0
categorical__primary_category_Design|New Product Development|Product Design,0.0
categorical__primary_category_Design|Optical Communications|Wireless,0.0
categorical__primary_category_Design|Retail Technology|Travel,0.0
categorical__primary_category_Design|Security,0.0
categorical__primary_category_Design|Semiconductors|Startups,0.0
categorical__primary_category_Design|Semiconductors|Technology,0.0
categorical__primary_category_Design|Semiconductors|Telecommunications,0.0
categorical__primary_category_Design|Services|Transportation,0.0
categorical__primary_category_Design|Services|Web Development,0.0
categorical__primary_category_Design|Software|Technology|Web CMS|Web Development,0.0
categorical__primary_category_Design|Technology,0.0
categorical__primary_category_Design|Telecommunications|Wireless,0.0
categorical__primary_category_Design|Web Design,0.0
categorical__primary_category_Developer APIs,0.0
categorical__primary_category_Developer APIs|Ediscovery|Music|Personalization|Reviews and Recommendations|Search,0.0
categorical__primary_category_Developer APIs|Email|Facebook Applications|Messaging|Mobile|Search|Twitter Applications|VoIP|Wireless,0.0
categorical__primary_category_Developer APIs|Enterprise Software|File Sharing|Location Based Services|Open Source,0.0
categorical__primary_category_Developer APIs|Enterprise Software|Finance|Search,0.0
categorical__primary_category_Developer APIs|Enterprise Software|Information Technology,0.0
categorical__primary_category_Developer APIs|Enterprises|Finance|PaaS|Software,0.0
categorical__primary_category_Developer APIs|Facebook Applications|Marketplaces|Mobile,0.0
categorical__primary_category_Developer APIs|Games|Location Based Services|Mobile,0.0
categorical__primary_category_Developer APIs|Internet|Services,0.0
categorical__primary_category_Developer APIs|Restaurants|Technology,0.0
categorical__primary_category_Developer Tools|Enterprise Software|Internet Infrastructure|Real Time,0.0
categorical__primary_category_Developer Tools|Internet|Testing,0.0
categorical__primary_category_Developer Tools|SaaS|Software|Web Development,0.0
categorical__primary_category_Developer Tools|Software,0.0
categorical__primary_category_Developer Tools|Software|Web Development,0.0
categorical__primary_category_Development Platforms,0.0
categorical__primary_category_Development Platforms|Entertainment|Technology,0.0
categorical__primary_category_Development Platforms|Games|Video Games,0.0
categorical__primary_category_Development Platforms|Health Care|Medical Devices,0.0
categorical__primary_category_Development Platforms|Health Care|Software,0.0
categorical__primary_category_Development Platforms|Information Services,0.0
categorical__primary_category_Development Platforms|Information Technology|Software Compliance,0.0
categorical__primary_category_Development Platforms|Intelligent Systems|Systems,0.0
categorical__primary_category_Development Platforms|Internet Marketing|Online Dating,0.0
categorical__primary_category_Development Platforms|Medical|Medical Devices,0.0
categorical__primary_category_Development Platforms|Mobile|PaaS|SaaS,0.0
categorical__primary_category_Development Platforms|Online Gaming|PC Gaming,0.0
categorical__primary_category_Diabetes|Health and Wellness|Interface Design,0.0
categorical__primary_category_Diagnostics,0.0
categorical__primary_category_Diagnostics|Health Care|Health Diagnostics,0.0
categorical__primary_category_Diagnostics|Health Care|Health Diagnostics|Medical Devices,0.0
categorical__primary_category_Diagnostics|Health Care|Medical,0.0
categorical__primary_category_Diagnostics|Health Care|Medical Devices,0.0
categorical__primary_category_Diagnostics|Health Diagnostics|Therapeutics,0.0
categorical__primary_category_Diagnostics|Health and Wellness|Medical,0.0
categorical__primary_category_Diagnostics|Medical Devices|Software,0.0
categorical__primary_category_Diagnostics|Medical|Medical Devices,0.0
categorical__primary_category_Dietary Supplements|Life Sciences|Nutrition,0.0
categorical__primary_category_Digital Media,0.0
categorical__primary_category_Digital Media|Distribution|E-Commerce|Networking|Social Buying|Social Media|Social Media Marketing|Software,0.0
categorical__primary_category_Digital Media|Entertainment|Games|Media|News|Video,0.0
categorical__primary_category_Digital Media|Finance,0.0
categorical__primary_category_Digital Media|Hardware + Software|Technology,0.0
categorical__primary_category_Digital Media|Information Technology|Services,0.0
categorical__primary_category_Digital Media|Internet Marketing|SEO,0.0
categorical__primary_category_Digital Media|Internet|Services,0.0
categorical__primary_category_Digital Media|Marketplaces|Services,0.0
categorical__primary_category_Digital Media|Medical|Therapeutics,0.0
categorical__primary_category_Digital Media|Mobile,0.0
categorical__primary_category_Digital Media|Mobile Commerce,0.0
categorical__primary_category_Digital Media|News,0.0
categorical__primary_category_Digital Media|News|Sports,0.0
categorical__primary_category_Digital Media|Search,0.0
categorical__primary_category_Digital Media|Technology,0.0
categorical__primary_category_Digital Rights Management|Distribution|Games|Video Games,0.0
categorical__primary_category_Digital Rights Management|Security,0.0
categorical__primary_category_Digital Rights Management|Software,0.0
categorical__primary_category_Digital Signage|Hardware + Software,0.0
categorical__primary_category_Digital Signage|Information Technology|IT Management,0.0
categorical__primary_category_Digital Signage|Sales and Marketing|Software,0.0
categorical__primary_category_Digital Signage|Software|Television,0.0
categorical__primary_category_Digital Signage|Sports,0.0
categorical__primary_category_Discounts|E-Commerce,0.0
categorical__primary_category_Discounts|E-Commerce|Retail,0.0
categorical__primary_category_Discounts|Entertainment|Games|Gps|iPhone|iPod Touch|Location Based Services|MMO Games|Mobile|Mobile Games|Online Reservations|Social Games,0.0
categorical__primary_category_Discounts|Hospitality|Internet|Restaurants|Search,0.0
categorical__primary_category_Discounts|Local|Mobile|Sales and Marketing,0.0
categorical__primary_category_Displays|Hardware + Software,0.0
categorical__primary_category_Displays|Hardware + Software|Technology,0.0
categorical__primary_category_Distribution|E-Commerce|Manufacturing|Mobile,0.0
categorical__primary_category_Distribution|Entertainment|Film,0.0
categorical__primary_category_Distribution|Entertainment|Film|Games|Internet|Media|Sales and Marketing|Video,0.0
categorical__primary_category_Distribution|Events|Weddings,0.0
categorical__primary_category_Distribution|Hospitality|Hotels,0.0
categorical__primary_category_Distribution|Information Services|Media,0.0
categorical__primary_category_Distribution|Intellectual Property|Licensing|Services,0.0
categorical__primary_category_Distribution|Legal|Manufacturing,0.0
categorical__primary_category_Distribution|Manufacturing|Mobile Devices|Telecommunications|Wireless,0.0
categorical__primary_category_Distribution|Manufacturing|Women,0.0
categorical__primary_category_Distribution|Mobile,0.0
categorical__primary_category_Distributors,0.0
categorical__primary_category_Distributors|E-Commerce|Manufacturing,0.0
categorical__primary_category_Distributors|Healthcare Services|Insurance,0.0
categorical__primary_category_Distributors|Information Technology|Retail Technology|Software,0.0
categorical__primary_category_Doctors|Health Care|Health Care Information Technology|Video|Video Chat,0.0
categorical__primary_category_Doctors|Health Care|Health Diagnostics,0.0
categorical__primary_category_Doctors|Health and Insurance|Health Care|Hospitals|Medical|Mobile,0.0
categorical__primary_category_Doctors|Health and Wellness|Health Services Industry|Online Scheduling,0.0
categorical__primary_category_Doctors|Medical Professionals|Mobile Commerce,0.0
categorical__primary_category_Document Management,0.0
categorical__primary_category_Document Management|Enterprise Software,0.0
categorical__primary_category_Document Management|Enterprises|Enterprise Software|File Sharing|Realtors|Storage|Transaction Processing,0.0
categorical__primary_category_Document Management|File Sharing|Games|Photography|Publishing|Video,0.0
categorical__primary_category_Document Management|Legal|Software,0.0
categorical__primary_category_Document Management|Outsourcing|Technology,0.0
categorical__primary_category_Document Management|Publishing|Software,0.0
categorical__primary_category_Document Management|Services,0.0
categorical__primary_category_Domains|E-Commerce,0.0
categorical__primary_category_Domains|Internet,0.0
categorical__primary_category_Domains|Networking|SEO|Web Development|Web Hosting,0.0
categorical__primary_category_Domains|Public Relations,0.0
categorical__primary_category_Domains|Registrars,0.0
categorical__primary_category_Domains|Service Providers|Web Hosting,0.0
categorical__primary_category_Domains|Web Design|Web Hosting,0.0
categorical__primary_category_Drones,0.0
categorical__primary_category_E-Books|Entertainment|Media,0.0
categorical__primary_category_E-Books|Games|Social Media|Software,0.0
categorical__primary_category_E-Books|News|Publishing,0.0
categorical__primary_category_E-Commerce Platforms|Employment|Online Rental|Peer-to-Peer|Shared Services,0.0
categorical__primary_category_E-Commerce Platforms|Employment|Recruiting,0.0
categorical__primary_category_E-Commerce Platforms|Industrial,0.0
categorical__primary_category_E-Commerce|E-Commerce Platforms|Mobile|Transportation,0.0
categorical__primary_category_E-Commerce|Education|Textbooks,0.0
categorical__primary_category_E-Commerce|Education|Training,0.0
categorical__primary_category_E-Commerce|Electronics|Furniture|Online Shopping,0.0
categorical__primary_category_E-Commerce|Electronics|Internet|Manufacturing|Marketplaces,0.0
categorical__primary_category_E-Commerce|English-Speaking|Freelancers|Outsourcing,0.0
categorical__primary_category_E-Commerce|Enterprise Software|Logistics|Mobile|Postal and Courier Services|Retail,0.0
categorical__primary_category_E-Commerce|Enterprise Software|Loyalty Programs|Social Media,0.0
categorical__primary_category_E-Commerce|Enterprises|iPhone|Point of Sale,0.0
categorical__primary_category_E-Commerce|Entertainment,0.0
categorical__primary_category_E-Commerce|Entertainment|Facebook Applications|Gift Card|Private Social Networking|Social Commerce|Social Network Media,0.0
categorical__primary_category_E-Commerce|Entrepreneur|Logistics|Postal and Courier Services|Retail|SaaS|Services,0.0
categorical__primary_category_E-Commerce|Facebook Applications,0.0
categorical__primary_category_E-Commerce|Facebook Applications|Finance|Internet|Social Media|Virtual Currency|Virtual Goods,0.0
categorical__primary_category_E-Commerce|Facebook Applications|Marketplaces|Monetization|Shopping,0.0
categorical__primary_category_E-Commerce|Facebook Applications|Services|Shopping,0.0
categorical__primary_category_E-Commerce|Facebook Applications|Social Buying|Social Commerce|Social Media,0.0
categorical__primary_category_E-Commerce|Fashion,0.0
categorical__primary_category_E-Commerce|Fashion|Finance|Social Media,0.0
categorical__primary_category_E-Commerce|Fashion|Flash Sales|Shopping,0.0
categorical__primary_category_E-Commerce|Fashion|Food Processing|Retail,0.0
categorical__primary_category_E-Commerce|Fashion|Internet|Shoes|Virtualization,0.0
categorical__primary_category_E-Commerce|Fashion|Jewelry,0.0
categorical__primary_category_E-Commerce|Fashion|Jewelry|Marketplaces,0.0
categorical__primary_category_E-Commerce|Fashion|Jewelry|Online Shopping,0.0
categorical__primary_category_E-Commerce|Fashion|Kids,0.0
categorical__primary_category_E-Commerce|Fashion|Kids|Software|Toys,0.0
categorical__primary_category_E-Commerce|Fashion|Lifestyle,0.0
categorical__primary_category_E-Commerce|Fashion|Lifestyle|Online Shopping,0.0
categorical__primary_category_E-Commerce|Fashion|Local|Search|Shopping,0.0
categorical__primary_category_E-Commerce|Fashion|Marketplaces,0.0
categorical__primary_category_E-Commerce|Fashion|Mobile Commerce|Social Commerce,0.0
categorical__primary_category_E-Commerce|Fashion|Online Shopping,0.0
categorical__primary_category_E-Commerce|Fashion|Online Shopping|Product Search|Search,0.0
categorical__primary_category_E-Commerce|Fashion|Personalization|Software|Technology,0.0
categorical__primary_category_E-Commerce|Fashion|Retail|Women,0.0
categorical__primary_category_E-Commerce|Fashion|Search|Shopping|Social Commerce,0.0
categorical__primary_category_E-Commerce|Fashion|Shoes,0.0
categorical__primary_category_E-Commerce|Fashion|Shoes|Subscription Businesses,0.0
categorical__primary_category_E-Commerce|Fashion|Shoes|Women,0.0
categorical__primary_category_E-Commerce|Fashion|Shopping,0.0
categorical__primary_category_E-Commerce|Fashion|Social Media,0.0
categorical__primary_category_E-Commerce|Fashion|Women,0.0
categorical__primary_category_E-Commerce|Fashion|iPhone,0.0
categorical__primary_category_E-Commerce|Finance,0.0
categorical__primary_category_E-Commerce|Finance|FinTech,0.0
categorical__primary_category_E-Commerce|Finance|FinTech|Handmade|Local|Marketplaces|Organic Food,0.0
categorical__primary_category_E-Commerce|Finance|FinTech|Mobile Payments|P2P Money Transfer|Payments,0.0
categorical__primary_category_E-Commerce|Finance|Financial Services|P2P Money Transfer,0.0
categorical__primary_category_E-Commerce|Finance|Marketplaces,0.0
categorical__primary_category_E-Commerce|Finance|Personal Finance|Recycling,0.0
categorical__primary_category_E-Commerce|Financial Services|Payments,0.0
categorical__primary_category_E-Commerce|Flash Sales,0.0
categorical__primary_category_E-Commerce|Flash Sales|Wine And Spirits,0.0
categorical__primary_category_E-Commerce|Flowers|Gift Card,0.0
categorical__primary_category_E-Commerce|Furniture,0.0
categorical__primary_category_E-Commerce|Furniture|Internet|Shopping|Utilities,0.0
categorical__primary_category_E-Commerce|Furniture|Retail,0.0
categorical__primary_category_E-Commerce|Gambling|Sports,0.0
categorical__primary_category_E-Commerce|Games,0.0
categorical__primary_category_E-Commerce|Games|Messaging|Mobile|Mobile Games|Social Games|Social Network Media,0.0
categorical__primary_category_E-Commerce|Games|Social Media|Twitter Applications|Virtual Goods,0.0
categorical__primary_category_E-Commerce|Gift Card,0.0
categorical__primary_category_E-Commerce|Gift Card|Mobile|Social Network Media,0.0
categorical__primary_category_E-Commerce|Graphics,0.0
categorical__primary_category_E-Commerce|Green|Marketplaces,0.0
categorical__primary_category_E-Commerce|Green|Organic,0.0
categorical__primary_category_E-Commerce|Groceries,0.0
categorical__primary_category_E-Commerce|Group Buying,0.0
categorical__primary_category_E-Commerce|Group Buying|Social Buying,0.0
categorical__primary_category_E-Commerce|Group Buying|Social Commerce,0.0
categorical__primary_category_E-Commerce|Group Buying|Wine And Spirits,0.0
categorical__primary_category_E-Commerce|Health and Wellness|Marketplaces|Networking|Social Media|Spas|Women,0.0
categorical__primary_category_E-Commerce|Health and Wellness|Mobile|Multi-level Marketing,0.0
categorical__primary_category_E-Commerce|Hospitality,0.0
categorical__primary_category_E-Commerce|Hospitality|Service Providers,0.0
categorical__primary_category_E-Commerce|Hotels|Internet|Privacy|Restaurants|Spas,0.0
categorical__primary_category_E-Commerce|Insurance|Lead Management|Price Comparison,0.0
categorical__primary_category_E-Commerce|Interior Design|Online Shopping,0.0
categorical__primary_category_E-Commerce|Internet,0.0
categorical__primary_category_E-Commerce|Internet Marketing,0.0
categorical__primary_category_E-Commerce|Internet|Marketplaces|Retail|Shopping,0.0
categorical__primary_category_E-Commerce|Internet|Mobile,0.0
categorical__primary_category_E-Commerce|Internet|Mobile Commerce|Online Shopping|SaaS|SEO|Shopping|Social Media|Software,0.0
categorical__primary_category_E-Commerce|Internet|Online Shopping|Small and Medium Businesses|Social Media,0.0
categorical__primary_category_E-Commerce|Internet|Online Shopping|Toys,0.0
categorical__primary_category_E-Commerce|Internet|Portals|Shipping,0.0
categorical__primary_category_E-Commerce|Jewelry,0.0
categorical__primary_category_E-Commerce|Kids|Online Shopping,0.0
categorical__primary_category_E-Commerce|Kids|Parenting,0.0
categorical__primary_category_E-Commerce|Kids|Subscription Businesses,0.0
categorical__primary_category_E-Commerce|Local|Marketplaces|Tourism|Travel,0.0
categorical__primary_category_E-Commerce|Local|Public Transportation|Startups,0.0
categorical__primary_category_E-Commerce|Local|Subscription Businesses,0.0
categorical__primary_category_E-Commerce|Logistics|Shipping,0.0
categorical__primary_category_E-Commerce|Machine Learning,0.0
categorical__primary_category_E-Commerce|Marketplaces,0.0
categorical__primary_category_E-Commerce|Marketplaces|Mobile|Social Media,0.0
categorical__primary_category_E-Commerce|Marketplaces|Monetization|Software|Technology|Television,0.0
categorical__primary_category_E-Commerce|Marketplaces|Online Shopping|Retail,0.0
categorical__primary_category_E-Commerce|Marketplaces|Online Shopping|Shopping|Social Media,0.0
categorical__primary_category_E-Commerce|Marketplaces|Photography,0.0
categorical__primary_category_E-Commerce|Marketplaces|Retail,0.0
categorical__primary_category_E-Commerce|Marketplaces|Services|Social Media,0.0
categorical__primary_category_E-Commerce|Marketplaces|Social Media,0.0
categorical__primary_category_E-Commerce|Media|Mobile Devices|News|Publishing,0.0
categorical__primary_category_E-Commerce|Mobile,0.0
categorical__primary_category_E-Commerce|Mobile Commerce|Mobile Enterprise,0.0
categorical__primary_category_E-Commerce|Mobile Commerce|Mobile Payments|Payments|Technology,0.0
categorical__primary_category_E-Commerce|Mobile Commerce|Specialty Foods|Subscription Businesses,0.0
categorical__primary_category_E-Commerce|Mobile Payments|Payments|Trading,0.0
categorical__primary_category_E-Commerce|Mobile|Social Media,0.0
categorical__primary_category_E-Commerce|Music,0.0
categorical__primary_category_E-Commerce|Networking,0.0
categorical__primary_category_E-Commerce|Networking|Social Commerce|Social Media,0.0
categorical__primary_category_E-Commerce|News,0.0
categorical__primary_category_E-Commerce|News|Textbooks,0.0
categorical__primary_category_E-Commerce|Nonprofits|SaaS|Startups,0.0
categorical__primary_category_E-Commerce|Online Shopping,0.0
categorical__primary_category_E-Commerce|Online Shopping|Price Comparison|Search|Shopping|Social Buying,0.0
categorical__primary_category_E-Commerce|Online Shopping|Retail,0.0
categorical__primary_category_E-Commerce|Online Shopping|Reviews and Recommendations,0.0
categorical__primary_category_E-Commerce|Online Shopping|Sales and Marketing,0.0
categorical__primary_category_E-Commerce|Online Shopping|Shopping|Social Buying|Trading,0.0
categorical__primary_category_E-Commerce|Online Shopping|Social Media,0.0
categorical__primary_category_E-Commerce|Online Travel,0.0
categorical__primary_category_E-Commerce|Open Source|Sports|Ticketing,0.0
categorical__primary_category_E-Commerce|Payments,0.0
categorical__primary_category_E-Commerce|Payments|Real Estate,0.0
categorical__primary_category_E-Commerce|Payments|SaaS|Software,0.0
categorical__primary_category_E-Commerce|Peer-to-Peer,0.0
categorical__primary_category_E-Commerce|Personalization,0.0
categorical__primary_category_E-Commerce|Photography,0.0
categorical__primary_category_E-Commerce|Postal and Courier Services|Shipping,0.0
categorical__primary_category_E-Commerce|Promotional|Video,0.0
categorical__primary_category_E-Commerce|Real Estate|Vacation Rentals,0.0
categorical__primary_category_E-Commerce|Retail,0.0
categorical__primary_category_E-Commerce|Retail|Social Commerce,0.0
categorical__primary_category_E-Commerce|Reviews and Recommendations,0.0
categorical__primary_category_E-Commerce|Reviews and Recommendations|Search|Shopping,0.0
categorical__primary_category_E-Commerce|SaaS,0.0
categorical__primary_category_E-Commerce|SaaS|Search,0.0
categorical__primary_category_E-Commerce|SaaS|Web CMS,0.0
categorical__primary_category_E-Commerce|Search,0.0
categorical__primary_category_E-Commerce|Services|Technology,0.0
categorical__primary_category_E-Commerce|Shopping,0.0
categorical__primary_category_E-Commerce|Shopping|Social Media,0.0
categorical__primary_category_E-Commerce|Shopping|Sunglasses,0.0
categorical__primary_category_E-Commerce|Small and Medium Businesses,0.0
categorical__primary_category_E-Commerce|Social Commerce,0.0
categorical__primary_category_E-Commerce|Social Commerce|Social Media,0.0
categorical__primary_category_E-Commerce|Social Media,0.0
categorical__primary_category_E-Commerce|Social Media Marketing|Twitter Applications,0.0
categorical__primary_category_E-Commerce|Software,0.0
categorical__primary_category_E-Commerce|Software|Telecommunications,0.0
categorical__primary_category_E-Commerce|Subscription Businesses,0.0
categorical__primary_category_E-Commerce|Technology,0.0
categorical__primary_category_E-Commerce|Ticketing,0.0
categorical__primary_category_E-Commerce|Toys,0.0
categorical__primary_category_E-Commerce|Utilities,0.0
categorical__primary_category_E-Commerce|Video|Web Tools,0.0
categorical__primary_category_E-Commerce|Wearables,0.0
categorical__primary_category_EDA Tools|Software,0.0
categorical__primary_category_EdTech|Education,0.0
categorical__primary_category_EdTech|Education|Email|File Sharing|Finance|FinTech|Flash Storage|Mobile,0.0
categorical__primary_category_EdTech|Education|Entertainment|Games|Social Media,0.0
categorical__primary_category_EdTech|Education|Language Learning,0.0
categorical__primary_category_EdTech|Education|Software,0.0
categorical__primary_category_EdTech|Education|Training|Video Chat,0.0
categorical__primary_category_EdTech|Education|Video,0.0
categorical__primary_category_EdTech|Education|Web Development,0.0
categorical__primary_category_Ediscovery|Enterprise Software,0.0
categorical__primary_category_Ediscovery|Enterprises|Enterprise Software|Information Services,0.0
categorical__primary_category_Ediscovery|Entertainment|Games|Hospitality|Identity|Mobile|Music|Music Venues|Nightlife|Real Time|Social Media|Social Network Media,0.0
categorical__primary_category_Ediscovery|Entertainment|iPad|Photography|Video|Video Streaming,0.0
categorical__primary_category_Ediscovery|Games,0.0
categorical__primary_category_Ediscovery|Games|Video,0.0
categorical__primary_category_Ediscovery|Marketplaces|Music,0.0
categorical__primary_category_Education,0.0
categorical__primary_category_Educational Games|Games|Gamification|Technology,0.0
categorical__primary_category_Education|Edutainment|Training,0.0
categorical__primary_category_Education|Electronics|Robotics,0.0
categorical__primary_category_Education|Enterprise Software|Human Resources,0.0
categorical__primary_category_Education|Enterprises|SaaS,0.0
categorical__primary_category_Education|Entertainment|Games|Health and Wellness|Internet|Local|Local Search|Online Rental|Sales and Marketing|Search|Services|Teachers|Training|Tutoring,0.0
categorical__primary_category_Education|Events|Mobile,0.0
categorical__primary_category_Education|Facebook Applications,0.0
categorical__primary_category_Education|Finance,0.0
categorical__primary_category_Education|Finance|Games|iOS|iPad|iPhone|iPod Touch|Mobile|Toys,0.0
categorical__primary_category_Education|Finance|Social Network Media,0.0
categorical__primary_category_Education|Finance|Tutoring,0.0
categorical__primary_category_Education|Games,0.0
categorical__primary_category_Education|Games|Green|Mobile|Skill Assessment,0.0
categorical__primary_category_Education|Games|Video,0.0
categorical__primary_category_Education|Governments|Software,0.0
categorical__primary_category_Education|Health Care|Healthcare Services|Hospitals,0.0
categorical__primary_category_Education|Health and Wellness,0.0
categorical__primary_category_Education|Innovation Management|New Technologies,0.0
categorical__primary_category_Education|Internet|Language Learning,0.0
categorical__primary_category_Education|Internet|Online Education,0.0
categorical__primary_category_Education|Internet|SaaS,0.0
categorical__primary_category_Education|Internet|Services,0.0
categorical__primary_category_Education|Internet|Services|Tutoring,0.0
categorical__primary_category_Education|K-12 Education|Productivity Software,0.0
categorical__primary_category_Education|Kids|Parenting,0.0
categorical__primary_category_Education|Kids|Personal Finance|Task Management|Teaching STEM Concepts,0.0
categorical__primary_category_Education|Machine Learning|Robotics,0.0
categorical__primary_category_Education|Messaging|Networking|Social Media,0.0
categorical__primary_category_Education|Mobile|Online Education|SaaS|Software,0.0
categorical__primary_category_Education|Networking|Systems,0.0
categorical__primary_category_Education|Online Identity|Service Providers,0.0
categorical__primary_category_Education|Publishing|Technology|Toys,0.0
categorical__primary_category_Education|Recruiting|Training,0.0
categorical__primary_category_Education|SaaS,0.0
categorical__primary_category_Education|Services,0.0
categorical__primary_category_Education|Skill Assessment,0.0
categorical__primary_category_Education|Social Network Media,0.0
categorical__primary_category_Education|Software,0.0
categorical__primary_category_Education|Systems,0.0
categorical__primary_category_Education|Teachers,0.0
categorical__primary_category_Education|Testing,0.0
categorical__primary_category_Education|Training,0.0
categorical__primary_category_Education|Tutoring,0.0
categorical__primary_category_Education|iOS|iPad|Mobile|Publishing|Software|Tablets|Textbooks,0.0
categorical__primary_category_Elder Care|Families|Senior Citizens,0.0
categorical__primary_category_Electric Vehicles|Electronics|Information Technology,0.0
categorical__primary_category_Electric Vehicles|Mobility|Ride Sharing,0.0
categorical__primary_category_Electrical Distribution,0.0
categorical__primary_category_Electrical Distribution|Energy|Manufacturing|Service Providers,0.0
categorical__primary_category_Electronic Health Records|Health Care|Hospitals,0.0
categorical__primary_category_Electronic Health Records|Health and Wellness,0.0
categorical__primary_category_Electronics,0.0
categorical__primary_category_Electronics|Engineering Firms|Manufacturing|Networking,0.0
categorical__primary_category_Electronics|Enterprise Software|Flash Storage|Software|Storage|Technology,0.0
categorical__primary_category_Electronics|Finance|Media,0.0
categorical__primary_category_Electronics|Financial Services|Payments,0.0
categorical__primary_category_Electronics|Hardware + Software|Mobile|Wireless,0.0
categorical__primary_category_Electronics|Home & Garden|Shopping,0.0
categorical__primary_category_Electronics|Industrial|Manufacturing,0.0
categorical__primary_category_Electronics|Manufacturing,0.0
categorical__primary_category_Electronics|Manufacturing|Mechanical Solutions,0.0
categorical__primary_category_Electronics|Manufacturing|Semiconductors|Technology,0.0
categorical__primary_category_Electronics|Manufacturing|Software,0.0
categorical__primary_category_Electronics|Medical Devices|Technology,0.0
categorical__primary_category_Electronics|Mobile,0.0
categorical__primary_category_Electronics|Mobile|Optical Communications,0.0
categorical__primary_category_Electronics|Mobile|Software,0.0
categorical__primary_category_Electronics|Optimization|Semiconductors,0.0
categorical__primary_category_Electronics|Semiconductor Manufacturing Equipment|Semiconductors,0.0
categorical__primary_category_Electronics|Semiconductors|Solar,0.0
categorical__primary_category_Electronics|Shopping|Social Buying|Social Media,0.0
categorical__primary_category_Email,0.0
categorical__primary_category_Email Marketing|Marketing Automation|Software,0.0
categorical__primary_category_Email Marketing|Services,0.0
categorical__primary_category_Email Marketing|Software,0.0
categorical__primary_category_Email|Email Marketing|Email Newsletters|Messaging|Social Media Marketing|Surveys,0.0
categorical__primary_category_Email|Email Marketing|Messaging,0.0
categorical__primary_category_Email|Email Marketing|Services,0.0
categorical__primary_category_Email|Enterprise Software|Physical Security|Security,0.0
categorical__primary_category_Email|Events|Facebook Applications|Games|Messaging|Productivity Software|Twitter Applications|Web Development,0.0
categorical__primary_category_Email|Information Technology|Logistics|Software|Supply Chain Management|Tracking,0.0
categorical__primary_category_Email|Internet,0.0
categorical__primary_category_Email|Internet|Messaging|Mobile,0.0
categorical__primary_category_Email|Internet|Photography|Portals|Search|Technology,0.0
categorical__primary_category_Email|Mac|Messaging,0.0
categorical__primary_category_Email|Messaging,0.0
categorical__primary_category_Email|Messaging|Services,0.0
categorical__primary_category_Email|Messaging|Social Media,0.0
categorical__primary_category_Email|Messaging|Twitter Applications,0.0
categorical__primary_category_Email|Security|Software,0.0
categorical__primary_category_Email|Social Media|Social Network Media,0.0
categorical__primary_category_Email|Software,0.0
categorical__primary_category_Email|iPhone|Messaging|Productivity Software|Task Management,0.0
categorical__primary_category_Email|iPhone|Mobile|Search,0.0
categorical__primary_category_Embedded Hardware and Software|Hardware + Software,0.0
categorical__primary_category_Embedded Hardware and Software|Internet of Things|Recycling|Web Development,0.0
categorical__primary_category_Emerging Markets,0.0
categorical__primary_category_Employer Benefits Programs|Health and Insurance,0.0
categorical__primary_category_Employer Benefits Programs|Incentives|Services|Software,0.0
categorical__primary_category_Employment|Entrepreneur|Events|Media|News|Startups|Technology,0.0
categorical__primary_category_Employment|Finance|Identity|Internet|Legal|Licensing|Startups|Taxis|Technology|Venture Capital,0.0
categorical__primary_category_Employment|Human Resources|Portals|Services,0.0
categorical__primary_category_Employment|Human Resources|Recruiting,0.0
categorical__primary_category_Employment|Human Resources|Recruiting|Services,0.0
categorical__primary_category_Employment|Human Resources|Services,0.0
categorical__primary_category_Employment|Recruiting|Search|Services,0.0
categorical__primary_category_Employment|Services|Social Search,0.0
categorical__primary_category_Energy,0.0
categorical__primary_category_Energy Efficiency,0.0
categorical__primary_category_Energy Efficiency|Environmental Innovation|Mining Technologies,0.0
categorical__primary_category_Energy Efficiency|Innovation Management|Solar,0.0
categorical__primary_category_Energy Efficiency|Investment Management|Storage,0.0
categorical__primary_category_Energy Efficiency|Oil & Gas|Renewable Energies,0.0
categorical__primary_category_Energy Efficiency|Solar|Wind,0.0
categorical__primary_category_Energy Management|Oil & Gas|Surveys,0.0
categorical__primary_category_Energy|Energy Management,0.0
categorical__primary_category_Energy|Energy Management|Oil & Gas,0.0
categorical__primary_category_Energy|Engineering Firms|Infrastructure|Technology|Utilities,0.0
categorical__primary_category_Energy|Enterprise Software|Software,0.0
categorical__primary_category_Energy|Gas|Manufacturing|Oil,0.0
categorical__primary_category_Energy|Gas|Natural Gas Uses,0.0
categorical__primary_category_Energy|Gold|Natural Resources,0.0
categorical__primary_category_Energy|Industrial|Innovation Management|Lasers|Manufacturing,0.0
categorical__primary_category_Energy|Innovation Engineering|Services,0.0
categorical__primary_category_Energy|Oil,0.0
categorical__primary_category_Energy|Oil & Gas|Sustainability,0.0
categorical__primary_category_Energy|Oil and Gas|Services,0.0
categorical__primary_category_Energy|Oil and Gas|Startups,0.0
categorical__primary_category_Energy|Oil|Oil & Gas,0.0
categorical__primary_category_Energy|Oil|Oil and Gas,0.0
categorical__primary_category_Energy|Renewable Energies|Solar,0.0
categorical__primary_category_Energy|Utilities|Water,0.0
categorical__primary_category_Engineering Firms|Enterprise Software|Optimization|Testing,0.0
categorical__primary_category_Engineering Firms|Environmental Innovation|Technology,0.0
categorical__primary_category_Engineering Firms|Industrial|Mechanical Solutions,0.0
categorical__primary_category_Engineering Firms|Knowledge Management|Services,0.0
categorical__primary_category_Engineering Firms|Manufacturing|Telecommunications|Tracking,0.0
categorical__primary_category_Engineering Firms|Services,0.0
categorical__primary_category_Enterprise 2.0|Enterprise Software,0.0
categorical__primary_category_Enterprise 2.0|Peer-to-Peer|SaaS|Software|Telecommunications,0.0
categorical__primary_category_Enterprise Resource Planning|Enterprises|Services,0.0
categorical__primary_category_Enterprise Security|Internet of Things|M2M|Security,0.0
categorical__primary_category_Enterprise Security|Mobile Security,0.0
categorical__primary_category_Enterprise Security|Security|Web Development,0.0
categorical__primary_category_Enterprise Software|Entertainment|Games|Meeting Software|Video|Video Games,0.0
categorical__primary_category_Enterprise Software|Finance,0.0
categorical__primary_category_Enterprise Software|Finance Technology,0.0
categorical__primary_category_Enterprise Software|Financial Services,0.0
categorical__primary_category_Enterprise Software|Flash Storage,0.0
categorical__primary_category_Enterprise Software|Flash Storage|Optimization|Storage|Virtualization,0.0
categorical__primary_category_Enterprise Software|Flash Storage|Storage,0.0
categorical__primary_category_Enterprise Software|Games|Internet,0.0
categorical__primary_category_Enterprise Software|Gps|Location Based Services|Mobile,0.0
categorical__primary_category_Enterprise Software|Gps|Mobile,0.0
categorical__primary_category_Enterprise Software|Hardware + Software,0.0
categorical__primary_category_Enterprise Software|Hardware + Software|Information Technology,0.0
categorical__primary_category_Enterprise Software|Hardware + Software|Mobile|Wearables|Wireless,0.0
categorical__primary_category_Enterprise Software|Hardware + Software|Software,0.0
categorical__primary_category_Enterprise Software|Health Care,0.0
categorical__primary_category_Enterprise Software|Health Diagnostics,0.0
categorical__primary_category_Enterprise Software|Health and Wellness|Software,0.0
categorical__primary_category_Enterprise Software|Hotels|Maps|Travel,0.0
categorical__primary_category_Enterprise Software|Human Resources|Online Scheduling|Recruiting,0.0
categorical__primary_category_Enterprise Software|IT and Cybersecurity|Reputation|SaaS|Security|Trusted Networks,0.0
categorical__primary_category_Enterprise Software|Information Services|Information Technology|Software,0.0
categorical__primary_category_Enterprise Software|Information Technology|Marketplaces|Professional Services|Services|Technology,0.0
categorical__primary_category_Enterprise Software|Information Technology|Services,0.0
categorical__primary_category_Enterprise Software|Intellectual Asset Management|Intellectual Property|Internet|Network Security|Security|Software,0.0
categorical__primary_category_Enterprise Software|Internet Marketing,0.0
categorical__primary_category_Enterprise Software|Internet Marketing|Semantic Web|Video Streaming|Web Development,0.0
categorical__primary_category_Enterprise Software|Internet of Things|M2M|Software,0.0
categorical__primary_category_Enterprise Software|Internet|Online Shopping|Restaurants|Services,0.0
categorical__primary_category_Enterprise Software|Internet|Software,0.0
categorical__primary_category_Enterprise Software|Local Search|Reputation,0.0
categorical__primary_category_Enterprise Software|Local|Search|Social Media,0.0
categorical__primary_category_Enterprise Software|Location Based Services,0.0
categorical__primary_category_Enterprise Software|Location Based Services|Mobile|Wireless,0.0
categorical__primary_category_Enterprise Software|Logistics|Security,0.0
categorical__primary_category_Enterprise Software|Logistics|Services,0.0
categorical__primary_category_Enterprise Software|Loyalty Programs|Mobile|NFC|Payments|Social Media,0.0
categorical__primary_category_Enterprise Software|Media|Social Media|Sustainability,0.0
categorical__primary_category_Enterprise Software|Meeting Software,0.0
categorical__primary_category_Enterprise Software|Meeting Software|Online Scheduling|Productivity Software|Task Management,0.0
categorical__primary_category_Enterprise Software|Meeting Software|Photo Sharing,0.0
categorical__primary_category_Enterprise Software|Mobile,0.0
categorical__primary_category_Enterprise Software|Mobile|Unifed Communications|Web Development,0.0
categorical__primary_category_Enterprise Software|Music|Social Media Marketing|Ticketing,0.0
categorical__primary_category_Enterprise Software|Natural Language Processing,0.0
categorical__primary_category_Enterprise Software|Networking,0.0
categorical__primary_category_Enterprise Software|Networking|SEO,0.0
categorical__primary_category_Enterprise Software|Networking|Software,0.0
categorical__primary_category_Enterprise Software|News|Risk Management,0.0
categorical__primary_category_Enterprise Software|Open Source,0.0
categorical__primary_category_Enterprise Software|Portals,0.0
categorical__primary_category_Enterprise Software|Predictive Analytics|Publishing|Social Media Management|Social Media Monitoring,0.0
categorical__primary_category_Enterprise Software|Presentations|Web Development,0.0
categorical__primary_category_Enterprise Software|Real Estate|Social Media Marketing|Social Network Media|Technology,0.0
categorical__primary_category_Enterprise Software|Real Time|Social Network Media|Telecommunications|VoIP,0.0
categorical__primary_category_Enterprise Software|Recruiting|Web Hosting,0.0
categorical__primary_category_Enterprise Software|Risk Management,0.0
categorical__primary_category_Enterprise Software|SMS|Telecommunications,0.0
categorical__primary_category_Enterprise Software|SaaS,0.0
categorical__primary_category_Enterprise Software|SaaS|Software,0.0
categorical__primary_category_Enterprise Software|SaaS|Supply Chain Management,0.0
categorical__primary_category_Enterprise Software|SaaS|Translation,0.0
categorical__primary_category_Enterprise Software|SaaS|Web Development,0.0
categorical__primary_category_Enterprise Software|Security,0.0
categorical__primary_category_Enterprise Software|Security|Software,0.0
categorical__primary_category_Enterprise Software|Services|Software,0.0
categorical__primary_category_Enterprise Software|Small and Medium Businesses,0.0
categorical__primary_category_Enterprise Software|Social Commerce,0.0
categorical__primary_category_Enterprise Software|Software,0.0
categorical__primary_category_Enterprise Software|Software|Supply Chain Management,0.0
categorical__primary_category_Enterprise Software|Software|Technology,0.0
categorical__primary_category_Enterprise Software|Software|Venture Capital,0.0
categorical__primary_category_Enterprise Software|Storage,0.0
categorical__primary_category_Enterprise Software|Storage|Virtualization,0.0
categorical__primary_category_Enterprise Software|Technology,0.0
categorical__primary_category_Enterprise Software|Telecommunications,0.0
categorical__primary_category_Enterprise Software|Telecommunications|Wireless,0.0
categorical__primary_category_Enterprise Software|Venture Capital|Web Development,0.0
categorical__primary_category_Enterprise Software|Video,0.0
categorical__primary_category_Enterprise Software|iPhone|Sales and Marketing,0.0
categorical__primary_category_Enterprises,0.0
categorical__primary_category_Enterprises|Enterprise Software,0.0
categorical__primary_category_Enterprises|Enterprise Software|Facebook Applications|Networking|Social Media|Twitter Applications|Web Development|Web Tools,0.0
categorical__primary_category_Enterprises|Enterprise Software|Networking,0.0
categorical__primary_category_Enterprises|Enterprise Software|Networking|Social Media|Twitter Applications|Web Development,0.0
categorical__primary_category_Enterprises|Enterprise Software|Software,0.0
categorical__primary_category_Enterprises|Enterprise Software|Video,0.0
categorical__primary_category_Enterprises|Enterprise Software|iPad|Presentations|SaaS|Training,0.0
categorical__primary_category_Enterprises|Gamification|SaaS|Software|Tutoring,0.0
categorical__primary_category_Enterprises|Governments|Internet Service Providers,0.0
categorical__primary_category_Enterprises|Manufacturing|Software,0.0
categorical__primary_category_Enterprises|Mobile Security|Mobility|Security,0.0
categorical__primary_category_Enterprises|Mobile|Software,0.0
categorical__primary_category_Enterprises|Networking|Social Media|Software,0.0
categorical__primary_category_Enterprises|Non Profit,0.0
categorical__primary_category_Enterprises|Nonprofits|Travel,0.0
categorical__primary_category_Enterprises|Pets|Retail,0.0
categorical__primary_category_Enterprises|Service Providers|Wireless,0.0
categorical__primary_category_Enterprises|Services|Training,0.0
categorical__primary_category_Enterprises|Software,0.0
categorical__primary_category_Enterprises|Software|Software Compliance,0.0
categorical__primary_category_Entertainment,0.0
categorical__primary_category_Entertainment Industry,0.0
categorical__primary_category_Entertainment Industry|Film Production|Television,0.0
categorical__primary_category_Entertainment|Event Management|Events,0.0
categorical__primary_category_Entertainment|Events|Fashion|Games|Hospitality|Mobile|Nightclubs|Nightlife|SMS|Social Network Media,0.0
categorical__primary_category_Entertainment|Events|Local|Photography,0.0
categorical__primary_category_Entertainment|Events|Marketplaces,0.0
categorical__primary_category_Entertainment|Events|Social Commerce,0.0
categorical__primary_category_Entertainment|Events|Social Media Marketing,0.0
categorical__primary_category_Entertainment|Facebook Applications|Games|Internet|MMO Games|Social Media,0.0
categorical__primary_category_Entertainment|Fantasy Sports|Services,0.0
categorical__primary_category_Entertainment|Film|Film Distribution|Film Production,0.0
categorical__primary_category_Entertainment|Film|Music|Sales and Marketing|Software,0.0
categorical__primary_category_Entertainment|Film|Photography|Private Social Networking,0.0
categorical__primary_category_Entertainment|Film|Video,0.0
categorical__primary_category_Entertainment|Gambling|Games|Mobile|Video Games|Video Streaming,0.0
categorical__primary_category_Entertainment|Games,0.0
categorical__primary_category_Entertainment|Games|Guides|Jewelry|Television|Video,0.0
categorical__primary_category_Entertainment|Games|Hardware + Software,0.0
categorical__primary_category_Entertainment|Games|Internet|Music|Networking,0.0
categorical__primary_category_Entertainment|Games|Music,0.0
categorical__primary_category_Entertainment|Games|Online Rental|Video,0.0
categorical__primary_category_Entertainment|Games|Presentations|Video,0.0
categorical__primary_category_Entertainment|Games|Publishing|Television|Video|Video on Demand,0.0
categorical__primary_category_Entertainment|Games|Reviews and Recommendations|Semantic Web,0.0
categorical__primary_category_Entertainment|Games|Social Games,0.0
categorical__primary_category_Entertainment|Games|Technology,0.0
categorical__primary_category_Entertainment|Games|Video Games,0.0
categorical__primary_category_Entertainment|Games|Virtual Worlds,0.0
categorical__primary_category_Entertainment|Game|Internet,0.0
categorical__primary_category_Entertainment|Gamification|Incentives|Local|Mobile|Organic|Sales and Marketing|Startups|Technology,0.0
categorical__primary_category_Entertainment|Guides|Hospitality|Local|Nightclubs|Nightlife|Restaurants|Theatre,0.0
categorical__primary_category_Entertainment|Hardware + Software|Television,0.0
categorical__primary_category_Entertainment|Internet Radio Market|Location Based Services|Music,0.0
categorical__primary_category_Entertainment|Internet Radio Market|Mobile|News|Sports,0.0
categorical__primary_category_Entertainment|Internet|Media|Personalization,0.0
categorical__primary_category_Entertainment|Internet|Music,0.0
categorical__primary_category_Entertainment|Internet|Software|Television,0.0
categorical__primary_category_Entertainment|Internet|Travel,0.0
categorical__primary_category_Entertainment|Kids|Television|Video,0.0
categorical__primary_category_Entertainment|Language Learning|Technology,0.0
categorical__primary_category_Entertainment|Match-Making|SexTech|Social Media,0.0
categorical__primary_category_Entertainment|Media|Services,0.0
categorical__primary_category_Entertainment|Mobile Games|Online Gaming,0.0
categorical__primary_category_Entertainment|Mobile Games|Services,0.0
categorical__primary_category_Entertainment|Mobile|Music,0.0
categorical__primary_category_Entertainment|Mobile|News|Sports,0.0
categorical__primary_category_Entertainment|Mobile|Real Time|Twitter Applications,0.0
categorical__primary_category_Entertainment|Mobile|SMS|Tourism,0.0
categorical__primary_category_Entertainment|Mobile|Software|Technology|Telecommunications|Video,0.0
categorical__primary_category_Entertainment|Music|Music Services,0.0
categorical__primary_category_Entertainment|Music|Music Venues,0.0
categorical__primary_category_Entertainment|Music|Services,0.0
categorical__primary_category_Entertainment|Music|Video,0.0
categorical__primary_category_Entertainment|Networking|Social Media|Social Network Media|Video Streaming,0.0
categorical__primary_category_Entertainment|News|Politics|Social Media,0.0
categorical__primary_category_Entertainment|Social Media|Social Network Media,0.0
categorical__primary_category_Entertainment|Social Media|Social Network Media|Startups,0.0
categorical__primary_category_Entertainment|Technology,0.0
categorical__primary_category_Entrepreneur|Freelancers|Legal|Mobile|Small and Medium Businesses,0.0
categorical__primary_category_Entrepreneur|Games|iPhone|iPod Touch|Mobile|Music|Software|Startups|Technology|Video Games,0.0
categorical__primary_category_Entrepreneur|Information Security|Information Services,0.0
categorical__primary_category_Entrepreneur|Intellectual Property|Mobile,0.0
categorical__primary_category_Entrepreneur|Telecommunications|VoIP,0.0
categorical__primary_category_Environmental Innovation,0.0
categorical__primary_category_Environmental Innovation|Green Building|Sustainability,0.0
categorical__primary_category_Environmental Innovation|Mobility|Peer-to-Peer|Public Transportation,0.0
categorical__primary_category_Environmental Innovation|Public Relations|Sustainability|Web Tools,0.0
categorical__primary_category_Environmental Innovation|Renewable Energies|Services,0.0
categorical__primary_category_Environmental Innovation|Services,0.0
categorical__primary_category_Environmental Innovation|Services|Technology,0.0
categorical__primary_category_Environmental Innovation|Services|Water,0.0
categorical__primary_category_Event Management|Events|Professional Networking,0.0
categorical__primary_category_Event Management|Events|Promotional,0.0
categorical__primary_category_Event Management|Events|Technology,0.0
categorical__primary_category_Event Management|Risk Management|Security,0.0
categorical__primary_category_Event Management|Service Industries|Weddings,0.0
categorical__primary_category_Event Management|Software,0.0
categorical__primary_category_Events,0.0
categorical__primary_category_Events|Facebook Applications|Location Based Services|Photo Sharing|Social Media|Twitter Applications,0.0
categorical__primary_category_Events|Hospitality|Journalism|Mobile|Shopping,0.0
categorical__primary_category_Events|Internet|Match-Making|Online Dating,0.0
categorical__primary_category_Events|Location Based Services|Messaging|Mobile Advertising|Mobile Coupons|Social + Mobile + Local,0.0
categorical__primary_category_Events|Manufacturing|Services,0.0
categorical__primary_category_Events|Mobile Commerce|Mobile Payments|Social Commerce|Ticketing,0.0
categorical__primary_category_Events|Mobile|Networking|Social Media,0.0
categorical__primary_category_Events|Mobile|Ticketing,0.0
categorical__primary_category_Events|News|Social Network Media,0.0
categorical__primary_category_Events|Online Dating|Social Network Media,0.0
categorical__primary_category_Events|Photo Sharing|Video,0.0
categorical__primary_category_Events|Photography|Social Media|Social Network Media|Video,0.0
categorical__primary_category_Events|Photography|Video,0.0
categorical__primary_category_Events|Service Providers,0.0
categorical__primary_category_Events|Social Media,0.0
categorical__primary_category_Events|Software|Ticketing,0.0
categorical__primary_category_Events|Software|Universities,0.0
categorical__primary_category_Exercise|Finance|Fitness|Health and Wellness|Nutrition|Social Network Media,0.0
categorical__primary_category_Exercise|Finance|Fitness|Mobile|Sports|Web Tools,0.0
categorical__primary_category_Exercise|Fitness|Health and Wellness,0.0
categorical__primary_category_Exercise|Fitness|Health and Wellness|Nutrition|Personal Health|Social Network Media,0.0
categorical__primary_category_Exercise|Fitness|Startups,0.0
categorical__primary_category_Exercise|Health and Wellness,0.0
categorical__primary_category_Eyewear|Technology|Tracking,0.0
categorical__primary_category_Facebook Applications|Fantasy Sports|Sports,0.0
categorical__primary_category_Facebook Applications|Gambling|Games|iPhone|Social Games,0.0
categorical__primary_category_Facebook Applications|Game Mechanics|Games|Social Games|Social Network Media,0.0
categorical__primary_category_Facebook Applications|Games,0.0
categorical__primary_category_Facebook Applications|Games|MMO Games|Social Media,0.0
categorical__primary_category_Facebook Applications|Games|Networking|Social Games|Social Network Media,0.0
categorical__primary_category_Facebook Applications|Games|Social Games,0.0
categorical__primary_category_Facebook Applications|Games|Social Games|Social Media,0.0
categorical__primary_category_Facebook Applications|Games|iPhone,0.0
categorical__primary_category_Facebook Applications|Games|iPhone|Mobile Games|Social Games,0.0
categorical__primary_category_Facebook Applications|Gift Card|Payments|Social Media,0.0
categorical__primary_category_Facebook Applications|Interest Graph|Networking|Social Media|Tracking|Twitter Applications,0.0
categorical__primary_category_Facebook Applications|Internet|Search|Social Media|Telecommunications|Twitter Applications|VoIP,0.0
categorical__primary_category_Facebook Applications|Local Coupons|Networking|Online Dating|Social Media|Social Network Media,0.0
categorical__primary_category_Facebook Applications|Maps|Search|Social Media|Travel,0.0
categorical__primary_category_Facebook Applications|Messaging|Networking|Web Hosting,0.0
categorical__primary_category_Facebook Applications|Monetization|Payments|Social Media|Virtual Currency,0.0
categorical__primary_category_Facebook Applications|Nonprofits|Politics,0.0
categorical__primary_category_Facebook Applications|Online Dating|Psychology|Social Media,0.0
categorical__primary_category_Facebook Applications|Online Travel|Social Travel|Travel,0.0
categorical__primary_category_Facebook Applications|Photo Sharing|Semantic Search|Social Media|Video Streaming,0.0
categorical__primary_category_Facebook Applications|Sales and Marketing|Social Network Media|Web Hosting,0.0
categorical__primary_category_Facebook Applications|Search|Social Media|Software|Twitter Applications,0.0
categorical__primary_category_Facebook Applications|Social Media Management|Social Media Marketing|Software,0.0
categorical__primary_category_Facebook Applications|Social Media Marketing|Social Network Media|Software,0.0
categorical__primary_category_Facebook Applications|Social Media|Social Media Marketing,0.0
categorical__primary_category_Facebook Applications|Software,0.0
categorical__primary_category_Facebook Applications|Software|Twitter Applications,0.0
categorical__primary_category_Facebook Applications|iPhone|Mobile|Music|Psychology|Surveys|Web Tools,0.0
categorical__primary_category_Facebook Applications|iPhone|Mobile|Networking|Online Dating|Software,0.0
categorical__primary_category_Fantasy Sports|FreetoPlay Gaming|Game|Games|MMO Games|Online Gaming|Social Games|Social Network Media|Sports,0.0
categorical__primary_category_Fantasy Sports|Games|Mobile Games|Sports,0.0
categorical__primary_category_Fantasy Sports|Games|Social Games|Sports|Virtual Goods,0.0
categorical__primary_category_Fantasy Sports|Games|Social Games|Video Games,0.0
categorical__primary_category_Fantasy Sports|Services,0.0
categorical__primary_category_Fantasy Sports|Sports,0.0
categorical__primary_category_Farming|Software,0.0
categorical__primary_category_Fashion|File Sharing,0.0
categorical__primary_category_Fashion|Forums|Lifestyle|Shopping|Social Network Media,0.0
categorical__primary_category_Fashion|Games|Gamification|Internet|Online Gaming,0.0
categorical__primary_category_Fashion|Information Technology|Social Commerce,0.0
categorical__primary_category_Fashion|Lifestyle Products|SEO,0.0
categorical__primary_category_Fashion|Lifestyle|Lingerie,0.0
categorical__primary_category_Fashion|Lifestyle|Photography|Real Time,0.0
categorical__primary_category_Fashion|Lifestyle|Women,0.0
categorical__primary_category_Fashion|Location Based Services|Mobile|Shopping,0.0
categorical__primary_category_Fashion|Location Based Services|Mobile|Shopping|Social Media,0.0
categorical__primary_category_Fashion|Marketplaces|Peer-to-Peer,0.0
categorical__primary_category_Fashion|Mass Customization,0.0
categorical__primary_category_Fashion|Mobile,0.0
categorical__primary_category_Fashion|Online Shopping,0.0
categorical__primary_category_Fashion|Retail,0.0
categorical__primary_category_Fashion|Shoes,0.0
categorical__primary_category_Fashion|Shopping,0.0
categorical__primary_category_Fashion|Social Buying,0.0
categorical__primary_category_Fashion|Sports,0.0
categorical__primary_category_File Sharing|Flash Storage|Hardware + Software|Storage,0.0
categorical__primary_category_File Sharing|Flash Storage|Storage|Web Hosting,0.0
categorical__primary_category_File Sharing|Games|Video,0.0
categorical__primary_category_File Sharing|Internet|Mobile,0.0
categorical__primary_category_File Sharing|Internet|Mobile|Networking|Wireless,0.0
categorical__primary_category_File Sharing|Internet|Security,0.0
categorical__primary_category_File Sharing|Internet|Storage|Web Hosting,0.0
categorical__primary_category_File Sharing|Media|Mobile|Music|Social Media,0.0
categorical__primary_category_File Sharing|Media|Social Media|Storage|Web Hosting,0.0
categorical__primary_category_File Sharing|Mobile,0.0
categorical__primary_category_File Sharing|Mobile|Networking|Wireless,0.0
categorical__primary_category_File Sharing|Monetization|Music,0.0
categorical__primary_category_File Sharing|Social Media|Universities|Web Hosting,0.0
categorical__primary_category_Film|Games,0.0
categorical__primary_category_Film|Games|Media|News|Video|Video Streaming,0.0
categorical__primary_category_Film|Games|Video,0.0
categorical__primary_category_Film|Internet|Music,0.0
categorical__primary_category_Film|Music|Social Media|Sports,0.0
categorical__primary_category_Film|Software|Television,0.0
categorical__primary_category_FinTech|Online Education,0.0
categorical__primary_category_Finance Technology|FinTech,0.0
categorical__primary_category_Finance Technology|FinTech|Mobile Payments|Payments,0.0
categorical__primary_category_Finance Technology|FinTech|SaaS|Software,0.0
categorical__primary_category_Finance Technology|Financial Services|FinTech|Hedge Funds|Wealth Management,0.0
categorical__primary_category_Finance Technology|Home Owners|Wealth Management,0.0
categorical__primary_category_Finance Technology|Insurance,0.0
categorical__primary_category_Finance Technology|Internet,0.0
categorical__primary_category_Finance|FinTech|Fraud Detection|Identity|Internet|Media|Personalization|Software,0.0
categorical__primary_category_Finance|FinTech|Games|Incentives|Loyalty Programs,0.0
categorical__primary_category_Finance|FinTech|Messaging,0.0
categorical__primary_category_Finance|FinTech|Mobile,0.0
categorical__primary_category_Finance|FinTech|Mobile Payments|Payments,0.0
categorical__primary_category_Finance|FinTech|News,0.0
categorical__primary_category_Finance|FinTech|Payments|Software,0.0
categorical__primary_category_Finance|FinTech|Real Estate,0.0
categorical__primary_category_Finance|FinTech|Social Media Management|Social Network Media|Software,0.0
categorical__primary_category_Finance|FinTech|Software,0.0
categorical__primary_category_Finance|FinTech|Stock Exchanges,0.0
categorical__primary_category_Finance|FinTech|Tourism|Travel,0.0
categorical__primary_category_Finance|FinTech|Tracking,0.0
categorical__primary_category_Finance|FinTech|Travel,0.0
categorical__primary_category_Finance|FinTech|Venture Capital,0.0
categorical__primary_category_Finance|FinTech|Web Hosting,0.0
categorical__primary_category_Finance|Finance Technology|Financial Services|FinTech,0.0
categorical__primary_category_Finance|Finance Technology|Services,0.0
categorical__primary_category_Finance|Financial Services,0.0
categorical__primary_category_Finance|Financial Services|FinTech|Gambling,0.0
categorical__primary_category_Finance|Financial Services|FinTech|Investment Management,0.0
categorical__primary_category_Finance|Financial Services|FinTech|Mobile|PaaS,0.0
categorical__primary_category_Finance|Financial Services|Internet,0.0
categorical__primary_category_Finance|Financial Services|Investment Management,0.0
categorical__primary_category_Finance|Financial Services|Investment Management|Software,0.0
categorical__primary_category_Finance|Financial Services|Mobile,0.0
categorical__primary_category_Finance|Financial Services|Mobile|Mobile Commerce|Mobile Payments|Web Development,0.0
categorical__primary_category_Finance|Financial Services|Portals,0.0
categorical__primary_category_Finance|Financial Services|Risk Management,0.0
categorical__primary_category_Finance|Financial Services|Service Providers,0.0
categorical__primary_category_Finance|Financial Services|Services,0.0
categorical__primary_category_Finance|Financial Services|Small and Medium Businesses|Software,0.0
categorical__primary_category_Finance|Financial Services|Software,0.0
categorical__primary_category_Finance|Financial Services|Trading,0.0
categorical__primary_category_Finance|Hardware + Software|Meeting Software|Security,0.0
categorical__primary_category_Finance|Home & Garden|Internet|Investment Management|Real Estate|Startups|Technology,0.0
categorical__primary_category_Finance|Hotels|In-Flight Entertainment|Online Travel|Travel,0.0
categorical__primary_category_Finance|Incubators|Sales and Marketing,0.0
categorical__primary_category_Finance|Insurance,0.0
categorical__primary_category_Finance|Insurance|Intellectual Asset Management,0.0
categorical__primary_category_Finance|Insurance|Property Management,0.0
categorical__primary_category_Finance|Intellectual Asset Management|Small and Medium Businesses,0.0
categorical__primary_category_Finance|Interface Design|Marketplaces,0.0
categorical__primary_category_Finance|Investment Management|Wealth Management,0.0
categorical__primary_category_Finance|Local Businesses|Startups,0.0
categorical__primary_category_Finance|Mobile,0.0
categorical__primary_category_Finance|Mobile|Mobile Payments|Payments|Transaction Processing,0.0
categorical__primary_category_Finance|Mobile|Payments,0.0
categorical__primary_category_Finance|Online Dating|Social Media|Social Search,0.0
categorical__primary_category_Finance|Peer-to-Peer,0.0
categorical__primary_category_Finance|Personal Finance|Taxis,0.0
categorical__primary_category_Finance|Public Transportation,0.0
categorical__primary_category_Finance|SaaS|Stock Exchanges,0.0
categorical__primary_category_Finance|Services|Small and Medium Businesses,0.0
categorical__primary_category_Finance|Services|Startups,0.0
categorical__primary_category_Finance|Services|Transportation,0.0
categorical__primary_category_Finance|Software,0.0
categorical__primary_category_Finance|Startups,0.0
categorical__primary_category_Finance|Startups|Venture Capital,0.0
categorical__primary_category_Finance|Transportation|Travel,0.0
categorical__primary_category_Finance|Venture Capital,0.0
categorical__primary_category_Financial Services|FinTech|Trading,0.0
categorical__primary_category_Financial Services|Health and Insurance|Health Care,0.0
categorical__primary_category_Financial Services|Information Technology|Software,0.0
categorical__primary_category_Financial Services|Infrastructure|Investment Management|Telecommunications,0.0
categorical__primary_category_Financial Services|Insurance|Investment Management,0.0
categorical__primary_category_Financial Services|Internet|Service Providers|Social Media|Software,0.0
categorical__primary_category_Financial Services|Legal,0.0
categorical__primary_category_Financial Services|Mobile|Service Providers,0.0
categorical__primary_category_Financial Services|P2P Money Transfer,0.0
categorical__primary_category_Financial Services|Payments,0.0
categorical__primary_category_Financial Services|Payments|Point of Sale,0.0
categorical__primary_category_Financial Services|Peer-to-Peer,0.0
categorical__primary_category_Financial Services|Predictive Analytics,0.0
categorical__primary_category_Financial Services|Retail|Software,0.0
categorical__primary_category_Fitness,0.0
categorical__primary_category_Fitness|Games|Personal Health|Social Network Media|Video,0.0
categorical__primary_category_Fitness|Hardware + Software|Personal Health|Technology|Wearables,0.0
categorical__primary_category_Fitness|Health and Wellness,0.0
categorical__primary_category_Fitness|Health and Wellness|Health Care,0.0
categorical__primary_category_Fitness|Health and Wellness|Healthcare Services,0.0
categorical__primary_category_Fitness|Health and Wellness|Online Shopping,0.0
categorical__primary_category_Fitness|Health and Wellness|Services,0.0
categorical__primary_category_Fitness|Health and Wellness|Software,0.0
categorical__primary_category_Fitness|Health and Wellness|Startups,0.0
categorical__primary_category_Fitness|Health and Wellness|Technology|Wearables,0.0
categorical__primary_category_Fitness|Health and Wellness|iPhone,0.0
categorical__primary_category_Fitness|Services|Sports,0.0
categorical__primary_category_Fitness|iPhone|Software,0.0
categorical__primary_category_Flash Sales|Hospitality|Hotels,0.0
categorical__primary_category_Flash Storage|Homeland Security|Software,0.0
categorical__primary_category_Flash Storage|Web Hosting,0.0
categorical__primary_category_Fleet Management|Mobile|Risk Management,0.0
categorical__primary_category_Fleet Management|Software,0.0
categorical__primary_category_Fleet Management|Software|Tracking|Transportation,0.0
categorical__primary_category_Fmcg|Predictive Analytics|Retail Technology|SaaS|Software,0.0
categorical__primary_category_Food Processing,0.0
categorical__primary_category_Food Processing|Hospitality|Restaurants,0.0
categorical__primary_category_Food Processing|Organic Food,0.0
categorical__primary_category_Fraud Detection|IT and Cybersecurity|Network Security,0.0
categorical__primary_category_Freelancers|Internet|Service Providers|Services,0.0
categorical__primary_category_Freelancers|News,0.0
categorical__primary_category_Freelancers|Outsourcing|Services,0.0
categorical__primary_category_Freelancers|Search,0.0
categorical__primary_category_Freemium|Games|Mobile|Technology,0.0
categorical__primary_category_Freemium|Games|Television|Video|Video on Demand|Video Streaming,0.0
categorical__primary_category_Furniture,0.0
categorical__primary_category_Gadget|Mobile|News|Shopping,0.0
categorical__primary_category_Gambling,0.0
categorical__primary_category_Gambling|Games|Sports|Web Development,0.0
categorical__primary_category_Gambling|Lotteries|Technology,0.0
categorical__primary_category_Gambling|Mobile Games,0.0
categorical__primary_category_Game Mechanics|Health and Wellness|Health Care|Social Network Media,0.0
categorical__primary_category_Games|Gamification|Real Time,0.0
categorical__primary_category_Games|Graphics,0.0
categorical__primary_category_Games|Graphics|Toys,0.0
categorical__primary_category_Games|Green|Mobile Games|Social Games|Sustainability,0.0
categorical__primary_category_Games|Health and Wellness|Health Care Information Technology|Internet of Things|Mobile Health,0.0
categorical__primary_category_Games|Incentives|Internet|Local|Mobile|Search|Social Media|Sports|Technology,0.0
categorical__primary_category_Games|Information Technology|Wearables,0.0
categorical__primary_category_Games|Infrastructure,0.0
categorical__primary_category_Games|Intellectual Property,0.0
categorical__primary_category_Games|Internet TV|Mobile Video|Television|Video|Video Streaming,0.0
categorical__primary_category_Games|Internet|MMO Games|Social Media,0.0
categorical__primary_category_Games|Internet|Technology,0.0
categorical__primary_category_Games|Kids|MMO Games|Mobile Games|Publishing|Technology,0.0
categorical__primary_category_Games|Kids|Parenting,0.0
categorical__primary_category_Games|Kids|Social Network Media|Tutoring|Video,0.0
categorical__primary_category_Games|Location Based Services|Mobile,0.0
categorical__primary_category_Games|MMO Games,0.0
categorical__primary_category_Games|MMO Games|Music|Social Games|Software,0.0
categorical__primary_category_Games|MMO Games|Publishing|Software|Virtual Worlds,0.0
categorical__primary_category_Games|Media,0.0
categorical__primary_category_Games|Media|Music|Video,0.0
categorical__primary_category_Games|Media|Social Games|Social Network Media,0.0
categorical__primary_category_Games|Messaging|Social Games,0.0
categorical__primary_category_Games|Mobile,0.0
categorical__primary_category_Games|Mobile Games,0.0
categorical__primary_category_Games|Mobile|Mobile Games|Mobile Social|Social Network Media,0.0
categorical__primary_category_Games|Mobile|Mobile Games|Video Games,0.0
categorical__primary_category_Games|Mobile|Mobile Payments|Payments,0.0
categorical__primary_category_Games|Mobile|Music,0.0
categorical__primary_category_Games|Mobile|Video|Video Streaming,0.0
categorical__primary_category_Games|Music,0.0
categorical__primary_category_Games|Music|Photography|Presentations|Social Network Media,0.0
categorical__primary_category_Games|Music|Subscription Businesses|Video,0.0
categorical__primary_category_Games|Networking,0.0
categorical__primary_category_Games|Networking|Web Tools,0.0
categorical__primary_category_Games|Online Dating,0.0
categorical__primary_category_Games|Online Gaming,0.0
categorical__primary_category_Games|Peer-to-Peer|Television,0.0
categorical__primary_category_Games|Personalization|Predictive Analytics|Social Television,0.0
categorical__primary_category_Games|Photo Sharing,0.0
categorical__primary_category_Games|Photography|Social Media,0.0
categorical__primary_category_Games|Public Relations,0.0
categorical__primary_category_Games|Recruiting|Sports,0.0
categorical__primary_category_Games|Sales and Marketing|Video,0.0
categorical__primary_category_Games|Services|Social Network Media,0.0
categorical__primary_category_Games|Social Buying,0.0
categorical__primary_category_Games|Social Games,0.0
categorical__primary_category_Games|Social Games|Virtual Worlds,0.0
categorical__primary_category_Games|Software|Video Games,0.0
categorical__primary_category_Games|Sports,0.0
categorical__primary_category_Games|Startups,0.0
categorical__primary_category_Games|Technology,0.0
categorical__primary_category_Games|Television,0.0
categorical__primary_category_Games|Television|Video,0.0
categorical__primary_category_Games|Video,0.0
categorical__primary_category_Games|Video Games,0.0
categorical__primary_category_Games|Video Streaming,0.0
categorical__primary_category_Games|Video on Demand|Video Streaming,0.0
categorical__primary_category_Games|Video|Video Editing|Video Streaming,0.0
categorical__primary_category_Games|Video|Video Streaming,0.0
categorical__primary_category_Games|Virtual Worlds,0.0
categorical__primary_category_Games|Web Design,0.0
categorical__primary_category_Games|Web Development,0.0
categorical__primary_category_Games|iPhone|Media|Mobile|Video,0.0
categorical__primary_category_Games|iPhone|Mobile|Social Media,0.0
categorical__primary_category_Games|iPhone|Social Games|Virtual Currency|Virtual Goods,0.0
categorical__primary_category_Game|Games,0.0
categorical__primary_category_Game|Games|Messaging|Twitter Applications,0.0
categorical__primary_category_Game|Games|Mobile|Software|Video Games|Web Development,0.0
categorical__primary_category_Game|Games|Social Media,0.0
categorical__primary_category_Game|Hardware + Software,0.0
categorical__primary_category_Game|Kids|Parenting,0.0
categorical__primary_category_Game|Video Games,0.0
categorical__primary_category_Gamification|Mass Customization|Mobile Games|Predictive Analytics|Social Games,0.0
categorical__primary_category_Gamification|Nonprofits|Social Fundraising,0.0
categorical__primary_category_Gamification|Sales and Marketing|Social Media|Software,0.0
categorical__primary_category_Gamification|Software,0.0
categorical__primary_category_Geospatial|Location Based Services|Risk Management,0.0
categorical__primary_category_Geospatial|Maps|Navigation|Public Transportation,0.0
categorical__primary_category_Geospatial|Maps|Software,0.0
categorical__primary_category_Gift Card|Social Media,0.0
categorical__primary_category_Gift Exchange|Gift Registries|Mobile,0.0
categorical__primary_category_Gift Registries|Location Based Services|Restaurants|Social Commerce,0.0
categorical__primary_category_Gift Registries|Shopping,0.0
categorical__primary_category_Gold|Mining Technologies,0.0
categorical__primary_category_Golf Equipment|Online Shopping|Sports,0.0
categorical__primary_category_Governance|Governments|Technology,0.0
categorical__primary_category_Governments|Health Care|Services,0.0
categorical__primary_category_Governments|Health and Insurance,0.0
categorical__primary_category_Gps|Health and Wellness|Social Media|Tracking,0.0
categorical__primary_category_Gps|Indoor Positioning|Navigation|Service Providers|Web Hosting,0.0
categorical__primary_category_Gps|Location Based Services|Mobile|SaaS|Wireless,0.0
categorical__primary_category_Gps|Location Based Services|Travel,0.0
categorical__primary_category_Gps|Logistics|Transportation,0.0
categorical__primary_category_Gps|Maps|Mobile|Navigation,0.0
categorical__primary_category_Gps|Maps|Mobile|Reviews and Recommendations|Social Network Media|Software,0.0
categorical__primary_category_Gps|Mobile|Tracking,0.0
categorical__primary_category_Gps|Semiconductors,0.0
categorical__primary_category_Gps|Software,0.0
categorical__primary_category_Graphics|Information Technology|Services,0.0
categorical__primary_category_Graphics|New Technologies|Technology,0.0
categorical__primary_category_Graphics|Software,0.0
categorical__primary_category_Graphics|iPhone,0.0
categorical__primary_category_Groceries|Hospitality|Internet,0.0
categorical__primary_category_Groceries|Manufacturing,0.0
categorical__primary_category_Group Buying|Location Based Services|Mobile|Networking,0.0
categorical__primary_category_Guides|Hospitality|Local|Location Based Services|Startups,0.0
categorical__primary_category_Guides|Maps|Offline Businesses|Tourism|Travel|Travel & Tourism,0.0
categorical__primary_category_Guides|Reviews and Recommendations|Social Network Media,0.0
categorical__primary_category_Hardware,0.0
categorical__primary_category_3D|Architecture|Design|Product Design|Software,0.0
categorical__primary_category_Hardware + Software|Health Care,0.0
categorical__primary_category_Hardware + Software|Health Care|Medical,0.0
categorical__primary_category_Hardware + Software|Health Diagnostics,0.0
categorical__primary_category_Hardware + Software|Health and Wellness,0.0
categorical__primary_category_Hardware + Software|Home Automation,0.0
categorical__primary_category_Hardware + Software|Image Recognition|Technology,0.0
categorical__primary_category_Hardware + Software|Interface Design|Technology,0.0
categorical__primary_category_Hardware + Software|Internet of Things|Mobile Emergency&Health|Mobile Health|Senior Citizens,0.0
categorical__primary_category_Hardware + Software|Local|Marketplaces|Mobile,0.0
categorical__primary_category_Hardware + Software|M2M|Security,0.0
categorical__primary_category_Hardware + Software|Manufacturing,0.0
categorical__primary_category_Hardware + Software|Manufacturing|Semiconductors|Software|Testing,0.0
categorical__primary_category_Hardware + Software|Mobile,0.0
categorical__primary_category_Hardware + Software|Mobile Software Tools,0.0
categorical__primary_category_Hardware + Software|Mobile|Mobility|Transportation,0.0
categorical__primary_category_Hardware + Software|Mobile|RIM|Wireless,0.0
categorical__primary_category_Hardware + Software|Networking|Storage,0.0
categorical__primary_category_Hardware + Software|Networking|Technology,0.0
categorical__primary_category_Hardware + Software|Payments|Technology,0.0
categorical__primary_category_Hardware + Software|Printing,0.0
categorical__primary_category_Hardware + Software|RFID,0.0
categorical__primary_category_Hardware + Software|Robotics,0.0
categorical__primary_category_Hardware + Software|Social Network Media|Video|Video Streaming,0.0
categorical__primary_category_Hardware + Software|Telecommunications,0.0
categorical__primary_category_Hardware + Software|Telecommunications|Wireless,0.0
categorical__primary_category_Hardware + Software|Television,0.0
categorical__primary_category_Hardware + Software|Video,0.0
categorical__primary_category_Hardware + Software|Wearables,0.0
categorical__primary_category_Hardware + Software|iPhone|Mobile,0.0
categorical__primary_category_Hardware|Hardware + Software|Robotics|Shipping|Software,0.0
categorical__primary_category_Hardware|Hardware + Software|Semiconductors,0.0
categorical__primary_category_Hardware|Hardware + Software|Technology,0.0
categorical__primary_category_Hardware|Manufacturing|Material Science,0.0
categorical__primary_category_Hardware|Manufacturing|Networking|Storage,0.0
categorical__primary_category_Hardware|Nanotechnology|Semiconductors,0.0
categorical__primary_category_Hardware|News|Social Media|Video,0.0
categorical__primary_category_Hardware|Security|Software|Video,0.0
categorical__primary_category_Hardware|Semiconductors,0.0
categorical__primary_category_3D|Audio|Messaging|Public Relations|Real Time|Telephony|Virtualization,0.0
categorical__primary_category_Health Care Information Technology,0.0
categorical__primary_category_Health Care Information Technology|Health Diagnostics|Hospitals,0.0
categorical__primary_category_Health Care Information Technology|Healthcare Services|Medical Devices,0.0
categorical__primary_category_Health Care Information Technology|Medical Devices,0.0
categorical__primary_category_Health Care Information Technology|Medical|Medical Devices,0.0
categorical__primary_category_Health Care Information Technology|Mobile|Software|Telecommunications,0.0
categorical__primary_category_Health Care Information Technology|Predictive Analytics,0.0
categorical__primary_category_Health Care|Health Care Information Technology,0.0
categorical__primary_category_Health Care|Health Care Information Technology|Web Tools,0.0
categorical__primary_category_Health Care|Health Diagnostics,0.0
categorical__primary_category_Health Care|Health Diagnostics|Medical,0.0
categorical__primary_category_Health Care|Health Diagnostics|Medical Devices,0.0
categorical__primary_category_Health Care|Healthcare Services|Hospitals,0.0
categorical__primary_category_Health Care|Healthcare Services|Medical,0.0
categorical__primary_category_Health Care|Healthcare Services|Technology,0.0
categorical__primary_category_Health Care|Hospitals|Medical,0.0
categorical__primary_category_Health Care|Information Technology|SaaS|Software,0.0
categorical__primary_category_Health Care|Information Technology|Services,0.0
categorical__primary_category_Health Care|Information Technology|Software,0.0
categorical__primary_category_Health Care|Innovation Management|Medical Devices,0.0
categorical__primary_category_Health Care|Insurance|Services,0.0
categorical__primary_category_Health Care|Life Sciences|Medical|Medical Devices,0.0
categorical__primary_category_Health Care|Manufacturing,0.0
categorical__primary_category_Health Care|Manufacturing|Medical Devices,0.0
categorical__primary_category_Health Care|Medical,0.0
categorical__primary_category_Health Care|Medical Devices,0.0
categorical__primary_category_Health Care|Medical Devices|Pharmaceuticals,0.0
categorical__primary_category_Health Care|Medical Devices|Services,0.0
categorical__primary_category_Health Care|Medical|Medical Devices,0.0
categorical__primary_category_Health Care|Medical|Pharmaceuticals,0.0
categorical__primary_category_Health Care|Medical|Physicians,0.0
categorical__primary_category_Health Care|Medical|Service Providers,0.0
categorical__primary_category_Health Care|Medical|Technology,0.0
categorical__primary_category_Health Care|Medical|Therapeutics,0.0
categorical__primary_category_Health Care|Medical|Women,0.0
categorical__primary_category_Health Care|Mobile,0.0
categorical__primary_category_Health Care|Mobile|Therapeutics,0.0
categorical__primary_category_Health Care|New Product Development|Services,0.0
categorical__primary_category_Health Care|Pharmaceuticals|Physicians,0.0
categorical__primary_category_Health Care|Pharmaceuticals|Technology,0.0
categorical__primary_category_Health Care|Physicians|Services,0.0
categorical__primary_category_Health Care|Services|Therapeutics,0.0
categorical__primary_category_Health Care|Tea|Therapeutics,0.0
categorical__primary_category_Health Diagnostics,0.0
categorical__primary_category_Health Diagnostics|Medical,0.0
categorical__primary_category_Health Diagnostics|Medical Devices,0.0
categorical__primary_category_Health Diagnostics|Medical|Services,0.0
categorical__primary_category_Health Diagnostics|Messaging,0.0
categorical__primary_category_Health Diagnostics|Pharmaceuticals|Sales and Marketing,0.0
categorical__primary_category_Health Diagnostics|Semiconductors,0.0
categorical__primary_category_Health Diagnostics|Software,0.0
categorical__primary_category_Health Diagnostics|Web Hosting,0.0
categorical__primary_category_Health and Insurance|Health and Wellness|Pets|Veterinary,0.0
categorical__primary_category_Health and Insurance|Healthcare Services|Insurance,0.0
categorical__primary_category_Health and Insurance|SaaS|Services|Software,0.0
categorical__city_Wrentham,0.0
categorical__primary_category_Health and Wellness|Health Care,0.0
categorical__primary_category_Health and Wellness|Health Care Information Technology,0.0
categorical__primary_category_Health and Wellness|Health Care Information Technology|Mobile Health|Telephony,0.0
categorical__primary_category_Health and Wellness|Health Care|Health Care Information Technology|Internet,0.0
categorical__primary_category_Health and Wellness|Health Care|Health Care Information Technology|Medical Devices,0.0
categorical__primary_category_Health and Wellness|Health Care|Healthcare Services|Hospitals,0.0
categorical__primary_category_Health and Wellness|Health Care|Hospitality,0.0
categorical__primary_category_Health and Wellness|Health Care|Hospitals,0.0
categorical__primary_category_Health and Wellness|Health Care|Information Technology,0.0
categorical__primary_category_Health and Wellness|Health Care|Insurance,0.0
categorical__primary_category_Health and Wellness|Health Care|Lead Generation,0.0
categorical__primary_category_Health and Wellness|Health Care|Medical,0.0
categorical__primary_category_Health and Wellness|Health Care|Medical|Pharmaceuticals,0.0
categorical__primary_category_Health and Wellness|Health Care|Medical|Therapeutics,0.0
categorical__primary_category_Health and Wellness|Health Care|Mobile|Software,0.0
categorical__primary_category_Health and Wellness|Health Care|Pharmaceuticals,0.0
categorical__primary_category_Health and Wellness|Health Care|Services,0.0
categorical__primary_category_Health and Wellness|Health Care|mHealth|Mobile,0.0
categorical__primary_category_Health and Wellness|Healthcare Services|Information Technology|Medical,0.0
categorical__primary_category_Health and Wellness|Healthcare Services|Medical,0.0
categorical__primary_category_Health and Wellness|Internet|Nutrition|Personal Health,0.0
categorical__primary_category_Health and Wellness|Manufacturing,0.0
categorical__primary_category_Health and Wellness|Medical Devices,0.0
categorical__primary_category_Health and Wellness|Medical Devices|Security,0.0
categorical__primary_category_Health and Wellness|Medical|Medical Devices,0.0
categorical__primary_category_Health and Wellness|Medical|Personal Health,0.0
categorical__primary_category_Health and Wellness|Mobile,0.0
categorical__primary_category_Health and Wellness|Mobile|Security|Travel,0.0
categorical__primary_category_Health and Wellness|News,0.0
categorical__primary_category_Health and Wellness|Nonprofits|Technology,0.0
categorical__primary_category_Health and Wellness|Online Gaming,0.0
categorical__primary_category_Health and Wellness|Physical Security|Therapeutics,0.0
categorical__primary_category_Health and Wellness|Software,0.0
categorical__primary_category_Health and Wellness|Technology,0.0
categorical__primary_category_Health and Wellness|Wearables,0.0
categorical__primary_category_Health and Wellness|mHealth|Software,0.0
categorical__primary_category_Healthcare Services,0.0
categorical__primary_category_Healthcare Services|Health Services Industry|mHealth|Mobile Health|Personal Health,0.0
categorical__primary_category_Healthcare Services|Medical Devices|Technology,0.0
categorical__primary_category_Healthcare Services|Medical|Medical Professionals,0.0
categorical__primary_category_Healthcare Services|Medical|Rehabilitation,0.0
categorical__primary_category_Heavy Industry|Manufacturing|Service Providers,0.0
categorical__primary_category_Home & Garden|Home Owners|Services,0.0
categorical__primary_category_Home & Garden|Internet|News|Online Rental|Real Estate|Technology,0.0
categorical__primary_category_Home & Garden|Internet|Software,0.0
categorical__primary_category_Home & Garden|Services,0.0
categorical__primary_category_Home Automation,0.0
categorical__primary_category_Home Automation|Internet of Things|Software,0.0
categorical__primary_category_Home Automation|Internet|Internet of Things|Mobile|Open Source,0.0
categorical__primary_category_Home Decor,0.0
categorical__primary_category_Home Owners|Internet|Private Social Networking,0.0
categorical__primary_category_Home Renovation|Internet|Services,0.0
categorical__primary_category_Accounting|Advertising|App Marketing|Incentives|Mobile,0.0
categorical__primary_category_Hospitality|Hotels,0.0
categorical__primary_category_Hospitality|Hotels|Restaurants,0.0
categorical__primary_category_Hospitality|Hotels|Service Providers,0.0
categorical__primary_category_Hospitality|Hotels|Services,0.0
categorical__primary_category_Hospitality|Hotels|Software,0.0
categorical__primary_category_Hospitality|Lifestyle|Travel|Vacation Rentals,0.0
categorical__primary_category_Hospitality|Local Search|Online Reservations|Restaurants,0.0
categorical__primary_category_Hospitality|Online Reservations,0.0
categorical__primary_category_Hospitality|Organic Food,0.0
categorical__primary_category_Hospitality|Restaurants,0.0
categorical__primary_category_Hospitality|Restaurants|Services,0.0
categorical__primary_category_Hospitality|Restaurants|Specialty Foods,0.0
categorical__primary_category_Hospitality|Retail Technology|Specialty Retail|Technology,0.0
categorical__primary_category_Hospitality|Reviews and Recommendations|Startups,0.0
categorical__primary_category_Hospitality|Service Providers|Travel,0.0
categorical__primary_category_Hospitality|Service Providers|Web Development,0.0
categorical__primary_category_Hospitality|Services|Tourism,0.0
categorical__primary_category_Hospitality|Travel,0.0
categorical__primary_category_Hospitality|iPhone|Mobile|Restaurants,0.0
categorical__primary_category_Hospitals,0.0
categorical__primary_category_Hospitals|Medical|Medical Professionals,0.0
categorical__primary_category_Hotels|Leisure|Video,0.0
categorical__primary_category_Hotels|Local|Restaurants|Travel,0.0
categorical__primary_category_Hotels|Mobile|Online Travel|Search|Travel|Travel & Tourism,0.0
categorical__primary_category_Hotels|Mobile|Travel,0.0
categorical__primary_category_Hotels|Property Management|Real Estate,0.0
categorical__primary_category_Hotels|Resorts|Travel,0.0
categorical__primary_category_Hotels|SaaS|Software,0.0
categorical__primary_category_Hotels|Travel,0.0
categorical__primary_category_Human Resources,0.0
categorical__primary_category_Human Resources|Internet|Recruiting,0.0
categorical__primary_category_Human Resources|Marketplaces|Recruiting,0.0
categorical__primary_category_Human Resources|Outsourcing|Small and Medium Businesses,0.0
categorical__primary_category_Human Resources|Outsourcing|Staffing Firms,0.0
categorical__primary_category_Human Resources|SaaS|Social Media|Software,0.0
categorical__primary_category_Human Resources|Service Providers,0.0
categorical__primary_category_Human Resources|Software,0.0
categorical__primary_category_Humanitarian|Human Resources|Software,0.0
categorical__primary_category_Humanitarian|Nonprofits|Vertical Search,0.0
categorical__primary_category_IT Management|Mobility|Security|Telecommunications,0.0
categorical__primary_category_IT Management|Software|Web Development,0.0
categorical__primary_category_IT and Cybersecurity,0.0
categorical__primary_category_Identity Management|Mechanical Solutions|Technology,0.0
categorical__primary_category_Identity Management|Software,0.0
categorical__primary_category_Identity|Market Research|Polling|Reviews and Recommendations|Social Network Media|Surveys|Web Hosting,0.0
categorical__primary_category_Identity|Networking|Opinions|Private Social Networking|Social Media|Social Network Media,0.0
categorical__primary_category_Identity|Security,0.0
categorical__primary_category_Identity|Social Media|Social Network Media,0.0
categorical__primary_category_In-Flight Entertainment|Lifestyle|Services,0.0
categorical__primary_category_Incentives|Reviews and Recommendations|Social Buying|Travel,0.0
categorical__primary_category_Incubators,0.0
categorical__primary_category_Incubators|Software,0.0
categorical__primary_category_Incubators|Software|Web Tools,0.0
categorical__primary_category_Independent Pharmacies|Television,0.0
categorical__primary_category_Industrial,0.0
categorical__primary_category_Industrial|Industrial Automation,0.0
categorical__primary_category_Industrial|Internet|Online Shopping,0.0
categorical__primary_category_Industrial|Mobile|Service Providers,0.0
categorical__primary_category_Industrial|Natural Gas Uses|Services,0.0
categorical__primary_category_Industrial|Services|Waste Management,0.0
categorical__primary_category_Information Security|Information Technology|IT and Cybersecurity|Security,0.0
categorical__primary_category_Information Security|Mobile Security|Security,0.0
categorical__primary_category_Information Security|Security,0.0
categorical__primary_category_Information Security|Security|Services,0.0
categorical__primary_category_Information Security|Semiconductors,0.0
categorical__primary_category_Information Security|Software,0.0
categorical__primary_category_Information Services,0.0
categorical__primary_category_Information Services|Information Technology|Medical,0.0
categorical__primary_category_Information Services|Information Technology|Social Network Media,0.0
categorical__primary_category_Information Services|Information Technology|Software,0.0
categorical__primary_category_Information Services|Information Technology|Technology,0.0
categorical__primary_category_Information Services|Information Technology|Telecommunications,0.0
categorical__primary_category_Information Services|Information Technology|Venture Capital,0.0
categorical__primary_category_Information Services|Intelligent Systems|Service Providers,0.0
categorical__primary_category_Information Services|Leisure|Travel|Travel & Tourism,0.0
categorical__primary_category_Information Services|Messaging|MicroBlogging|Service Providers|SMS|Software,0.0
categorical__primary_category_Information Services|Mobile|Social Network Media|Technology,0.0
categorical__primary_category_Information Services|Software|Usability|User Experience Design|Web Development|Web Tools,0.0
categorical__primary_category_Information Services|Technology|Telecommunications,0.0
categorical__primary_category_Information Technology,0.0
categorical__primary_category_Information Technology|IT Management|Real Time,0.0
categorical__primary_category_Information Technology|IT Management|Security|Software,0.0
categorical__primary_category_Information Technology|Infrastructure|Storage,0.0
categorical__primary_category_Information Technology|Innovation Management|Service Providers,0.0
categorical__primary_category_Information Technology|Intelligent Systems|Robotics,0.0
categorical__primary_category_Information Technology|Legal|Services,0.0
categorical__primary_category_Information Technology|Location Based Services|Social Network Media,0.0
categorical__primary_category_Information Technology|Manufacturing|Storage,0.0
categorical__primary_category_Information Technology|Mobile|SEO,0.0
categorical__primary_category_Information Technology|Navigation|Nightlife,0.0
categorical__primary_category_Information Technology|Network Security|Security|Software,0.0
categorical__primary_category_Information Technology|Networking|Services,0.0
categorical__primary_category_Information Technology|Networking|Software,0.0
categorical__primary_category_Information Technology|Operating Systems|SaaS,0.0
categorical__primary_category_Information Technology|Outsourcing,0.0
categorical__primary_category_Information Technology|Productivity Software|Services,0.0
categorical__primary_category_Information Technology|Retail|Software,0.0
categorical__primary_category_Information Technology|SaaS|Services,0.0
categorical__primary_category_Information Technology|SaaS|Visualization,0.0
categorical__primary_category_Information Technology|Security|Services,0.0
categorical__primary_category_Information Technology|Security|Software,0.0
categorical__primary_category_Information Technology|Semiconductors,0.0
categorical__primary_category_Information Technology|Service Providers|Services,0.0
categorical__primary_category_Information Technology|Services,0.0
categorical__primary_category_Information Technology|Services|Software,0.0
categorical__primary_category_Information Technology|Services|Software|Technology,0.0
categorical__primary_category_Information Technology|Services|Storage,0.0
categorical__primary_category_Information Technology|Services|Systems,0.0
categorical__primary_category_Information Technology|Services|Technology,0.0
categorical__primary_category_Information Technology|Services|Virtualization,0.0
categorical__primary_category_Information Technology|Software,0.0
categorical__primary_category_Information Technology|Software|Technology,0.0
categorical__primary_category_Information Technology|Software|Virtualization,0.0
categorical__primary_category_Information Technology|Startups,0.0
categorical__primary_category_Information Technology|Technology,0.0
categorical__primary_category_Information Technology|Technology|Wireless,0.0
categorical__primary_category_Infrastructure,0.0
categorical__primary_category_Infrastructure|IT Management|Technology,0.0
categorical__primary_category_Infrastructure|Networking|Telecommunications,0.0
categorical__primary_category_Infrastructure|Professional Services|Service Providers|Software|Training,0.0
categorical__primary_category_Infrastructure|Semiconductors|Wireless,0.0
categorical__primary_category_Infrastructure|Services|Technology,0.0
categorical__primary_category_Infrastructure|Services|Wireless,0.0
categorical__primary_category_Infrastructure|Software,0.0
categorical__primary_category_Infrastructure|Software|Transaction Processing,0.0
categorical__primary_category_Innovation Engineering|Medical|Medical Devices,0.0
categorical__primary_category_Innovation Engineering|Real Estate|Technology,0.0
categorical__primary_category_Innovation Engineering|Speech Recognition|Text Analytics,0.0
categorical__primary_category_Innovation Management|Lighting|Solar|Technology,0.0
categorical__primary_category_Innovation Management|Location Based Services,0.0
categorical__primary_category_Innovation Management|Manufacturing|Portals|Rental Housing,0.0
categorical__primary_category_Innovation Management|Software|Wearables,0.0
categorical__primary_category_Innovation Management|Startups|Universities,0.0
categorical__primary_category_Insurance,0.0
categorical__primary_category_Insurance|Internet|Services,0.0
categorical__primary_category_Intellectual Asset Management|Intellectual Property|Legal,0.0
categorical__primary_category_Intellectual Asset Management|Intellectual Property|Licensing,0.0
categorical__primary_category_Intellectual Property|Legal,0.0
categorical__primary_category_Intelligent Systems|Mobile Devices|Systems,0.0
categorical__primary_category_Intelligent Systems|Network Security|Security,0.0
categorical__primary_category_Intelligent Systems|Project Management|Systems,0.0
categorical__primary_category_Intelligent Systems|Robotics,0.0
categorical__primary_category_Intelligent Systems|Software|Storage,0.0
categorical__primary_category_Interest Graph|Location Based Services|Online Dating|Social Media,0.0
categorical__primary_category_Interest Graph|Location Based Services|Social Media,0.0
categorical__primary_category_Interest Graph|Mobile|Social Media|Social Network Media,0.0
categorical__primary_category_Interest Graph|Social Media,0.0
categorical__primary_category_Interest Graph|Social Media|Social Network Media,0.0
categorical__primary_category_Interface Design|Internet Marketing|Software|Web Design|Web Development,0.0
categorical__primary_category_Interface Design|Location Based Services|Mobile|User Experience Design,0.0
categorical__primary_category_Interior Design|Retail|Services,0.0
categorical__city_Yuba City,0.0
categorical__primary_category_Internet Marketing,0.0
categorical__primary_category_Internet Marketing|Media|Services,0.0
categorical__primary_category_Internet Marketing|Networking|Recruiting|Social Recruiting|Web Hosting,0.0
categorical__primary_category_Internet Marketing|Public Relations|Video,0.0
categorical__primary_category_Internet Marketing|Real Estate|Services,0.0
categorical__primary_category_Internet Marketing|Software,0.0
categorical__primary_category_Internet Radio Market|Music,0.0
categorical__primary_category_Internet Service Providers|Networking|Wireless,0.0
categorical__primary_category_Internet Service Providers|Security,0.0
categorical__primary_category_Internet TV|Media|Software|Television,0.0
categorical__primary_category_Internet TV|Online Scheduling|Software|Television,0.0
categorical__primary_category_Internet of Things,0.0
categorical__primary_category_Internet of Things|M2M|Software,0.0
categorical__primary_category_Internet of Things|Pets,0.0
categorical__primary_category_Internet of Things|Security,0.0
categorical__primary_category_Internet of Things|Semiconductors,0.0
categorical__primary_category_Internet of Things|Services,0.0
categorical__primary_category_Internet|Internet Marketing|Local Search|Sales and Marketing|Search|Search Marketing|Semantic Search|SEO,0.0
categorical__primary_category_Internet|Internet Marketing|Mobile|SEO|Software|Web Tools,0.0
categorical__primary_category_Internet|Internet Marketing|Services,0.0
categorical__primary_category_Internet|Internet Service Providers,0.0
categorical__primary_category_Internet|Internet of Things|Service Providers,0.0
categorical__primary_category_Internet|Internet of Things|Telecommunications,0.0
categorical__primary_category_Internet|Investment Management,0.0
categorical__primary_category_Internet|Kids|Music,0.0
categorical__primary_category_Internet|Language Learning|Services,0.0
categorical__primary_category_Internet|Leisure|Online Reservations|Travel|Travel & Tourism,0.0
categorical__primary_category_Internet|Leisure|Travel,0.0
categorical__primary_category_Internet|Life Sciences|Medical,0.0
categorical__primary_category_Internet|Local|Local Search|Mobile|Search,0.0
categorical__primary_category_Internet|Logistics|Software|Supply Chain Management,0.0
categorical__primary_category_Internet|Marketplaces|Media,0.0
categorical__primary_category_Internet|Marketplaces|Mobile,0.0
categorical__primary_category_Internet|Marketplaces|Mobile|Software|Transportation|Travel,0.0
categorical__primary_category_Internet|Marketplaces|Online Travel,0.0
categorical__primary_category_Internet|Marketplaces|Services,0.0
categorical__primary_category_Internet|Marketplaces|Shopping,0.0
categorical__primary_category_Internet|Media|Mobile|Social Media,0.0
categorical__primary_category_Internet|Media|Music,0.0
categorical__primary_category_Internet|Media|Social Media,0.0
categorical__primary_category_Internet|Medical|Services,0.0
categorical__primary_category_Internet|Mobile,0.0
categorical__primary_category_Internet|Mobile Commerce|Video Streaming,0.0
categorical__primary_category_Internet|Mobile|Mobile Games|Networking|Sports,0.0
categorical__primary_category_Internet|Mobile|News|Video,0.0
categorical__primary_category_Internet|Mobile|Reviews and Recommendations|Telecommunications,0.0
categorical__primary_category_Internet|Mobile|Social Network Media,0.0
categorical__primary_category_Internet|Mobile|Sports|Video Streaming,0.0
categorical__primary_category_Internet|Music|Wireless,0.0
categorical__primary_category_Internet|Networking,0.0
categorical__primary_category_Internet|Networking|Public Relations,0.0
categorical__primary_category_Internet|Networking|Services,0.0
categorical__primary_category_Internet|Networking|Social Media,0.0
categorical__primary_category_Internet|News|Software,0.0
categorical__primary_category_Internet|Online Dating|Social Media|Women,0.0
categorical__primary_category_Internet|Online Education|Services,0.0
categorical__primary_category_Internet|Online Reservations|Restaurants,0.0
categorical__primary_category_Internet|Operating Systems,0.0
categorical__primary_category_Internet|Payments,0.0
categorical__primary_category_Internet|Photo Sharing|Social Media,0.0
categorical__primary_category_Internet|Portals|Services,0.0
categorical__primary_category_Internet|Printing|Social Media,0.0
categorical__primary_category_Internet|Real Time|Search,0.0
categorical__primary_category_Internet|Recruiting|Technology,0.0
categorical__primary_category_Internet|Reviews and Recommendations|Social Media,0.0
categorical__primary_category_Internet|Risk Management|Trading,0.0
categorical__primary_category_Internet|SaaS,0.0
categorical__primary_category_Internet|SaaS|Services|Software,0.0
categorical__primary_category_Internet|Security|Service Providers,0.0
categorical__primary_category_Internet|Security|Systems,0.0
categorical__primary_category_Internet|Service Providers|Software,0.0
categorical__primary_category_Internet|Service Providers|Telecommunications,0.0
categorical__primary_category_Internet|Services|Software,0.0
categorical__primary_category_Internet|Services|Specialty Foods,0.0
categorical__primary_category_Internet|Services|Technology,0.0
categorical__primary_category_Internet|Services|Telecommunications,0.0
categorical__primary_category_Internet|Services|Web Hosting,0.0
categorical__primary_category_Internet|Services|Wireless,0.0
categorical__primary_category_Internet|Social Media,0.0
categorical__primary_category_Internet|Social Network Media,0.0
categorical__primary_category_Internet|Social Network Media|Technology,0.0
categorical__primary_category_Internet|Social Travel|Travel,0.0
categorical__primary_category_Internet|Software,0.0
categorical__primary_category_Internet|Software|Technology,0.0
categorical__primary_category_Internet|Software|Technology|Usability,0.0
categorical__primary_category_Internet|Software|Telecommunications,0.0
categorical__primary_category_Internet|Sports|Technology,0.0
categorical__primary_category_Internet|Storage|Technology,0.0
categorical__primary_category_Internet|Subscription Businesses|Web Tools,0.0
categorical__primary_category_Internet|Telecommunications|Television|Video,0.0
categorical__primary_category_Internet|Web Hosting,0.0
categorical__primary_category_Internet|Web Hosting|Web Tools,0.0
categorical__primary_category_Internet|Wireless,0.0
categorical__primary_category_Internet|iPad|Mobile|Publishing|Startups|Web Tools,0.0
categorical__primary_category_Investment Management,0.0
categorical__primary_category_Investment Management|Professional Services|Real Estate,0.0
categorical__primary_category_Investment Management|Software,0.0
categorical__primary_category_Investment Management|Trading,0.0
categorical__primary_category_Jewelry|Public Relations,0.0
categorical__primary_category_Journalism|Media|News,0.0
categorical__primary_category_Journalism|Mobile|Software|Video,0.0
categorical__primary_category_Kids|Parenting|Services,0.0
categorical__primary_category_Kids|Parenting|Services|Technology,0.0
categorical__primary_category_Knowledge Management|Software,0.0
categorical__primary_category_Lasers|Manufacturing|Optical Communications,0.0
categorical__primary_category_Lasers|Technology,0.0
categorical__primary_category_Law Enforcement|Legal,0.0
categorical__primary_category_Lead Generation|Marketing Automation|Software,0.0
categorical__primary_category_Lead Generation|Software,0.0
categorical__primary_category_Lead Management|Mobile|Software,0.0
categorical__primary_category_Legal,0.0
categorical__primary_category_Legal|Publishing,0.0
categorical__primary_category_Legal|SaaS,0.0
categorical__primary_category_Legal|Web Development,0.0
categorical__primary_category_Leisure|Local|Niche Specific|Search|Social Media|Tourism|Travel,0.0
categorical__primary_category_Life Sciences,0.0
categorical__primary_category_Life Sciences|Medical|Pharmaceuticals,0.0
categorical__primary_category_Life Sciences|Search,0.0
categorical__primary_category_Lifestyle|Location Based Services|Mobile,0.0
categorical__primary_category_Lifestyle|Media|News|Social Media,0.0
categorical__primary_category_Lifestyle|Mobile|Mobile Commerce|Restaurants,0.0
categorical__primary_category_Lifestyle|Mobile|Photography|Photo Sharing|Social Media,0.0
categorical__primary_category_Lifestyle|Services,0.0
categorical__primary_category_Lighting,0.0
categorical__primary_category_Linux|Software|Tech Field Support,0.0
categorical__primary_category_Local Based Services|Real Estate|Storage,0.0
categorical__primary_category_Local Businesses,0.0
categorical__primary_category_Local Businesses|Mobile|Search,0.0
categorical__primary_category_Local Businesses|Online Reservations,0.0
categorical__primary_category_Local Businesses|Water Purification,0.0
categorical__primary_category_Local Search|Location Based Services|Reviews and Recommendations|Search,0.0
categorical__primary_category_Local Search|Networking|Social Media|Software|Web Hosting,0.0
categorical__primary_category_Local Search|Reviews and Recommendations|Video,0.0
categorical__primary_category_Local Search|Software|Web Design,0.0
categorical__primary_category_Local|Local Advertising|Local Coupons|Mobile|News|Social Media,0.0
categorical__primary_category_Local|Local Search|Search,0.0
categorical__primary_category_Local|Location Based Services|Mobile|Mobile Social|Networking|Photography|Photo Sharing|Proximity Internet,0.0
categorical__primary_category_Local|Maps|Social Network Media|Web Hosting,0.0
categorical__primary_category_Local|Storage|Transportation,0.0
categorical__primary_category_Location Based Services|Maps|Travel,0.0
categorical__primary_category_Location Based Services|MicroBlogging|Mobile|Reviews and Recommendations|Social Search,0.0
categorical__primary_category_Location Based Services|Mobile,0.0
categorical__primary_category_Location Based Services|Mobile Social|Parenting|Social Media,0.0
categorical__primary_category_Location Based Services|Mobile|Mobile Security|Mobility|Wireless,0.0
categorical__primary_category_Location Based Services|Mobile|NFC|RFID|Social Network Media,0.0
categorical__primary_category_Location Based Services|Mobile|Networking,0.0
categorical__primary_category_Location Based Services|Mobile|Networking|Social Media,0.0
categorical__primary_category_Location Based Services|Mobile|Online Reservations|Social Media,0.0
categorical__primary_category_Location Based Services|Mobile|Security,0.0
categorical__primary_category_Location Based Services|Mobile|Social Commerce,0.0
categorical__primary_category_Location Based Services|Mobile|Social Media,0.0
categorical__primary_category_Location Based Services|Mobile|Web Development,0.0
categorical__primary_category_Location Based Services|Music|Networking|Social Media|Sports,0.0
categorical__primary_category_Location Based Services|Networking|Social Media|Travel,0.0
categorical__primary_category_Location Based Services|Price Comparison|Real Estate|Rental Housing,0.0
categorical__primary_category_Logistics,0.0
categorical__primary_category_Logistics Company|Services|Supply Chain Management,0.0
categorical__primary_category_Logistics Company|Shipping|Shipping Broker Industry,0.0
categorical__primary_category_Logistics|Peer-to-Peer|Public Transportation|Shipping|Transportation,0.0
categorical__primary_category_Logistics|Services|Storage,0.0
categorical__primary_category_Logistics|Services|Supply Chain Management,0.0
categorical__primary_category_Logistics|Technology|Transportation,0.0
categorical__primary_category_Loyalty Programs,0.0
categorical__primary_category_Loyalty Programs|Mobile|Retail,0.0
categorical__primary_category_Loyalty Programs|Social Media|Web Hosting,0.0
categorical__primary_category_M2M|Software,0.0
categorical__primary_category_Machine Learning|Personalization|Reviews and Recommendations|Search,0.0
categorical__primary_category_Machine Learning|Product Development Services,0.0
categorical__city_Youngstown,0.0
categorical__primary_category_Manufacturing|Mechanical Solutions|Technology,0.0
categorical__primary_category_Manufacturing|Medical Devices,0.0
categorical__primary_category_Manufacturing|Medical Devices|Nanotechnology,0.0
categorical__primary_category_Manufacturing|Medical|Medical Devices,0.0
categorical__primary_category_Manufacturing|Minerals,0.0
categorical__primary_category_Manufacturing|Mobile|Technology,0.0
categorical__primary_category_Manufacturing|Mobile|Video,0.0
categorical__primary_category_Manufacturing|Motors|Recreation,0.0
categorical__primary_category_Manufacturing|Nanotechnology|Semiconductors,0.0
categorical__primary_category_Manufacturing|Natural Resources|Oil|Oil & Gas,0.0
categorical__primary_category_Manufacturing|Optical Communications|Telecommunications,0.0
categorical__primary_category_Manufacturing|Product Search|Services,0.0
categorical__primary_category_Manufacturing|Retail,0.0
categorical__primary_category_Manufacturing|Semiconductors|Technology,0.0
categorical__primary_category_Manufacturing|Semiconductors|Telecommunications,0.0
categorical__primary_category_Manufacturing|Semiconductors|UV LEDs,0.0
categorical__primary_category_Manufacturing|Services,0.0
categorical__primary_category_Manufacturing|Solar,0.0
categorical__primary_category_Manufacturing|Solar|Systems,0.0
categorical__primary_category_Manufacturing|Technology,0.0
categorical__primary_category_Manufacturing|Transportation,0.0
categorical__primary_category_Maps,0.0
categorical__primary_category_Maps|Mobile,0.0
categorical__primary_category_Maps|Mobile|Navigation,0.0
categorical__primary_category_Maps|Mobile|Navigation|SEO|Wireless,0.0
categorical__primary_category_Maps|Navigation|Software|Travel,0.0
categorical__primary_category_Maps|Public Transportation|Social Network Media,0.0
categorical__primary_category_Maps|Software,0.0
categorical__primary_category_Market Research|Payments|Services,0.0
categorical__primary_category_Market Research|Software,0.0
categorical__primary_category_Marketing Automation,0.0
categorical__primary_category_Marketing Automation|Product Design|Services,0.0
categorical__primary_category_Marketing Automation|Real Estate,0.0
categorical__primary_category_Marketing Automation|Real Time|Trading,0.0
categorical__primary_category_Marketplaces,0.0
categorical__primary_category_Marketplaces|Mobile,0.0
categorical__primary_category_Marketplaces|Mobile Payments|Point of Sale|Security,0.0
categorical__primary_category_Marketplaces|Mobile|Peer-to-Peer|Real Estate,0.0
categorical__primary_category_Marketplaces|Online Rental,0.0
categorical__primary_category_Marketplaces|Online Rental|Service Providers,0.0
categorical__primary_category_Marketplaces|Online Shopping|Shopping,0.0
categorical__primary_category_Marketplaces|Real Estate|Realtors,0.0
categorical__primary_category_Marketplaces|Security|Services,0.0
categorical__primary_category_Marketplaces|Services|Technology,0.0
categorical__primary_category_Marketplaces|Social Media|Social Media Marketing,0.0
categorical__primary_category_Marketplaces|Social Media|Social Network Media|Web Development,0.0
categorical__primary_category_Marketplaces|Transportation,0.0
categorical__primary_category_Marketplaces|Travel|Travel & Tourism,0.0
categorical__primary_category_Material Science|Mining Technologies|Natural Resources,0.0
categorical__primary_category_Media,0.0
categorical__primary_category_Media|Mobile,0.0
categorical__primary_category_Media|Mobile|Music|News,0.0
categorical__primary_category_Media|Mobile|Music|Open Source,0.0
categorical__primary_category_Media|Mobile|News,0.0
categorical__primary_category_Media|Mobile|Publishing,0.0
categorical__primary_category_Media|Music|Online Shopping|Social Network Media|Video,0.0
categorical__primary_category_Media|News,0.0
categorical__primary_category_Media|News|Parenting,0.0
categorical__primary_category_Media|News|Peer-to-Peer|Social Media,0.0
categorical__primary_category_Media|News|Publishing,0.0
categorical__primary_category_Media|News|Publishing|Social Media,0.0
categorical__primary_category_Media|News|Reviews and Recommendations,0.0
categorical__primary_category_Media|News|Services,0.0
categorical__primary_category_Media|News|Startups,0.0
categorical__primary_category_Media|News|Technology|Video Streaming,0.0
categorical__primary_category_Media|Publishing|Services,0.0
categorical__primary_category_Media|Social Media,0.0
categorical__primary_category_Media|Social Media|Weddings,0.0
categorical__primary_category_Media|Software,0.0
categorical__primary_category_Media|Television|Web Hosting,0.0
categorical__primary_category_Medical,0.0
categorical__primary_category_Medical Devices,0.0
categorical__primary_category_Medical|Medical Devices,0.0
categorical__primary_category_Medical|Medical Devices|Technology,0.0
categorical__primary_category_Medical|Payments|Technology,0.0
categorical__primary_category_Medical|Pets|Veterinary,0.0
categorical__primary_category_Medical|Services|Software,0.0
categorical__primary_category_Medical|Therapeutics,0.0
categorical__primary_category_Meeting Software|Network Security|Security,0.0
categorical__primary_category_Meeting Software|Software|Virtualization,0.0
categorical__primary_category_Meeting Software|Technology,0.0
categorical__primary_category_3D|Broadcasting|Video Streaming,0.0
categorical__primary_category_Messaging|Mobile|Mobile Social,0.0
categorical__primary_category_Messaging|Mobile|Mobile Social|Photo Sharing,0.0
categorical__primary_category_Messaging|Mobile|Private Social Networking|Video,0.0
categorical__primary_category_Messaging|Mobile|SMS|Software|Telecommunications,0.0
categorical__primary_category_Messaging|Mobile|Social Media,0.0
categorical__primary_category_Messaging|Mobile|Software|Video Conferencing|VoIP,0.0
categorical__primary_category_Messaging|Mobile|Software|VoIP,0.0
categorical__primary_category_Messaging|Networking,0.0
categorical__primary_category_Messaging|Networking|Photo Sharing,0.0
categorical__primary_category_Messaging|Networking|Video,0.0
categorical__primary_category_Messaging|Public Relations|Social Media,0.0
categorical__primary_category_Messaging|Retail|Social Media,0.0
categorical__primary_category_Messaging|SMS,0.0
categorical__primary_category_Messaging|Social Media,0.0
categorical__primary_category_Messaging|Social Media|Social Network Media,0.0
categorical__primary_category_Messaging|Software,0.0
categorical__primary_category_Messaging|Telecommunications,0.0
categorical__primary_category_Messaging|Video Chat,0.0
categorical__primary_category_Messaging|Video|Video Streaming,0.0
categorical__primary_category_Minerals|Natural Resources,0.0
categorical__primary_category_Mining Technologies,0.0
categorical__primary_category_Mining Technologies|Natural Resources|Renewable Energies,0.0
categorical__primary_category_Mining Technologies|Technology,0.0
categorical__primary_category_3D Printing,0.0
categorical__primary_category_Mobile Advertising,0.0
categorical__primary_category_Mobile Commerce|Mobile Payments|Telecommunications,0.0
categorical__primary_category_Mobile Commerce|Retail|Software|Technology,0.0
categorical__primary_category_Mobile Devices,0.0
categorical__primary_category_Mobile Devices|Service Providers|Telecommunications,0.0
categorical__primary_category_Mobile Games|Online Gaming,0.0
categorical__primary_category_Mobile Security|Security,0.0
categorical__primary_category_Mobile|Mobile Advertising|Startups,0.0
categorical__primary_category_Mobile|Mobile Commerce|Mobile Payments|Mobile Shopping|Networking|Price Comparison|Shopping|Social Buying,0.0
categorical__primary_category_Mobile|Mobile Commerce|Mobile Payments|Mobile Software Tools|Software,0.0
categorical__primary_category_Mobile|Mobile Coupons,0.0
categorical__primary_category_Mobile|Mobile Devices|Mobile Security|Mobility,0.0
categorical__primary_category_Mobile|Mobile Devices|Online Shopping,0.0
categorical__primary_category_Mobile|Mobile Payments,0.0
categorical__primary_category_Mobile|Mobile Payments|NFC,0.0
categorical__primary_category_Mobile|Mobile Payments|Payments,0.0
categorical__primary_category_Mobile|Mobile Security|Web Development|Wireless,0.0
categorical__primary_category_Mobile|Mobile Social|Social Network Media,0.0
categorical__primary_category_Mobile|Mobile Software Tools|Software,0.0
categorical__primary_category_Mobile|Mobile Video,0.0
categorical__primary_category_Mobile|Mobility,0.0
categorical__primary_category_Mobile|Mobility|Transportation,0.0
categorical__primary_category_Mobile|Music,0.0
categorical__primary_category_Mobile|Music Services|Video,0.0
categorical__primary_category_Mobile|Music|Social Media,0.0
categorical__primary_category_Mobile|Music|Software|Wireless,0.0
categorical__primary_category_Mobile|Music|Video Streaming,0.0
categorical__primary_category_Mobile|NFC|Pets,0.0
categorical__primary_category_Mobile|Networking,0.0
categorical__primary_category_Mobile|Networking|Online Dating|Social Media,0.0
categorical__primary_category_Mobile|Networking|Photography|Photo Sharing|Social Games|Social Media,0.0
categorical__primary_category_Mobile|Networking|Social Media,0.0
categorical__primary_category_Mobile|Networking|Social Media|Social Search|Transportation,0.0
categorical__primary_category_Mobile|Networking|Social Media|Web Development,0.0
categorical__primary_category_Mobile|Networking|Telecommunications,0.0
categorical__primary_category_Mobile|Open Source|Payments|SaaS,0.0
categorical__primary_category_Mobile|Optimization|Software,0.0
categorical__primary_category_Mobile|Parking|Social Network Media,0.0
categorical__primary_category_Mobile|Payments,0.0
categorical__primary_category_Mobile|Personal Finance,0.0
categorical__primary_category_Mobile|Personalization,0.0
categorical__primary_category_Mobile|Photo Sharing,0.0
categorical__primary_category_Mobile|Photography,0.0
categorical__primary_category_Mobile|Photography|Social Games|Social Media,0.0
categorical__primary_category_Mobile|Portals|Sports,0.0
categorical__primary_category_Mobile|Public Relations,0.0
categorical__primary_category_Mobile|QR Codes|SMS|Ticketing,0.0
categorical__primary_category_Mobile|Real Time|Video,0.0
categorical__primary_category_Mobile|Recycling,0.0
categorical__primary_category_Mobile|Restaurants,0.0
categorical__primary_category_Mobile|Restaurants|Reviews and Recommendations,0.0
categorical__primary_category_Mobile|Retail,0.0
categorical__primary_category_Mobile|Retail|Shopping|Software,0.0
categorical__primary_category_Mobile|Retail|Social Media,0.0
categorical__primary_category_Mobile|Reviews and Recommendations,0.0
categorical__primary_category_Mobile|SMS,0.0
categorical__primary_category_Mobile|SMS|Twitter Applications,0.0
categorical__primary_category_Mobile|SaaS|Sales and Marketing,0.0
categorical__primary_category_Mobile|SaaS|Services,0.0
categorical__primary_category_Mobile|Search,0.0
categorical__primary_category_Mobile|Security,0.0
categorical__primary_category_Mobile|Security|Semiconductors|Television|Video|Video Conferencing|Wireless,0.0
categorical__primary_category_Mobile|Security|Software,0.0
categorical__primary_category_Mobile|Semiconductors,0.0
categorical__primary_category_Mobile|Semiconductors|Wireless,0.0
categorical__primary_category_Mobile|Service Providers|Virtual Workforces,0.0
categorical__primary_category_Mobile|Services|Social Network Media,0.0
categorical__primary_category_Mobile|Shopping,0.0
categorical__primary_category_Mobile|Social Media,0.0
categorical__primary_category_Mobile|Social Media|Video,0.0
categorical__primary_category_Mobile|Social Network Media,0.0
categorical__primary_category_Mobile|Social Network Media|Wireless,0.0
categorical__primary_category_Mobile|Software,0.0
categorical__primary_category_Mobile|Software|Startups,0.0
categorical__primary_category_Mobile|Software|Technology|Wireless,0.0
categorical__primary_category_Mobile|Software|Telecommunications|Video,0.0
categorical__primary_category_Mobile|Software|Virtualization,0.0
categorical__primary_category_Mobile|Software|Web Development,0.0
categorical__primary_category_Mobile|Software|Wireless,0.0
categorical__primary_category_Mobile|Sports,0.0
categorical__primary_category_Mobile|Startups,0.0
categorical__primary_category_Mobile|Technology,0.0
categorical__primary_category_Mobile|Technology|Wireless,0.0
categorical__primary_category_Mobile|Telecommunications,0.0
categorical__primary_category_Mobile|Telecommunications|Wireless,0.0
categorical__primary_category_Mobile|Telephony|VoIP,0.0
categorical__primary_category_Mobile|Television|Web Development,0.0
categorical__primary_category_Mobile|Video,0.0
categorical__primary_category_Mobile|Video Streaming,0.0
categorical__primary_category_Mobile|VoIP,0.0
categorical__primary_category_Mobile|Web Development,0.0
categorical__primary_category_Mobile|Web Hosting,0.0
categorical__primary_category_Mobile|Wireless,0.0
categorical__primary_category_Mobility|Software,0.0
categorical__primary_category_3D Printing|Industrial Automation|New Product Development|Open Source,0.0
categorical__primary_category_Music Services,0.0
categorical__primary_category_Musicians|Promotional|Service Providers,0.0
categorical__primary_category_Music|Music Services|Social Media,0.0
categorical__primary_category_Music|Music Services|Social Network Media,0.0
categorical__primary_category_Music|News,0.0
categorical__primary_category_Music|Photography|Video,0.0
categorical__primary_category_Music|Search,0.0
categorical__primary_category_Music|Social Media,0.0
categorical__primary_category_Music|Social Media|Video,0.0
categorical__primary_category_Music|Software,0.0
categorical__primary_category_Music|Tutoring|Video,0.0
categorical__primary_category_Music|Venture Capital|Video Streaming,0.0
categorical__primary_category_Music|Video,0.0
categorical__primary_category_Music|Video Editing|Web Development,0.0
categorical__primary_category_Music|Video Streaming,0.0
categorical__primary_category_Music|Web Tools,0.0
categorical__primary_category_Nanotechnology,0.0
categorical__primary_category_Nanotechnology|New Product Development|Services,0.0
categorical__primary_category_Nanotechnology|New Product Development|Textiles,0.0
categorical__primary_category_Nanotechnology|Open Source,0.0
categorical__primary_category_Nanotechnology|Services,0.0
categorical__primary_category_Natural Gas Uses,0.0
categorical__primary_category_Natural Language Processing|Neuroscience|Semantic Web|Software|Text Analytics,0.0
categorical__primary_category_Natural Resources|Product Development Services|Sustainability,0.0
categorical__primary_category_Navigation,0.0
categorical__primary_category_Navigation|Robotics|Technology,0.0
categorical__primary_category_Navigation|Transportation,0.0
categorical__primary_category_Network Security,0.0
categorical__primary_category_Network Security|Security,0.0
categorical__primary_category_Network Security|Security|Small and Medium Businesses,0.0
categorical__primary_category_Networking,0.0
categorical__primary_category_Networking|Network Security,0.0
categorical__primary_category_Networking|Network Security|Optical Communications,0.0
categorical__primary_category_Networking|Network Security|SaaS|Security,0.0
categorical__primary_category_Networking|Optical Communications|Semiconductors,0.0
categorical__primary_category_Networking|Payments|Services,0.0
categorical__primary_category_Networking|Photography|Photo Sharing|Social Media,0.0
categorical__primary_category_Networking|Professional Networking,0.0
categorical__primary_category_Networking|Public Relations|Telecommunications,0.0
categorical__primary_category_Networking|Reviews and Recommendations|Services|Social Media,0.0
categorical__primary_category_Networking|Reviews and Recommendations|Social Media,0.0
categorical__primary_category_Networking|Search|Social Search,0.0
categorical__primary_category_Networking|Security|Trusted Networks|Virtualization,0.0
categorical__primary_category_Networking|Semiconductors|Telecommunications|Wireless,0.0
categorical__primary_category_Networking|Sensors|Software|Wireless,0.0
categorical__primary_category_Networking|Service Providers|Transportation,0.0
categorical__primary_category_Networking|Services|Technology,0.0
categorical__primary_category_Networking|Services|Telecommunications,0.0
categorical__primary_category_Networking|Social Media,0.0
categorical__primary_category_Networking|Social Media|Social Recruiting|Software,0.0
categorical__primary_category_Networking|Social Media|Social Search,0.0
categorical__primary_category_Networking|Social Network Media,0.0
categorical__primary_category_Networking|Software,0.0
categorical__primary_category_Networking|Software|Storage,0.0
categorical__primary_category_Networking|Software|Storage|Virtualization,0.0
categorical__primary_category_Networking|Software|Telecommunications,0.0
categorical__primary_category_Networking|Software|VoIP,0.0
categorical__primary_category_Networking|Sports,0.0
categorical__primary_category_Networking|Telecommunications,0.0
categorical__primary_category_Networking|Telecommunications|Virtualization,0.0
categorical__primary_category_3D|3D Technology|Aquaculture,0.0
categorical__primary_category_News|Photo Sharing|Video,0.0
categorical__primary_category_News|Publishing,0.0
categorical__primary_category_News|Retail|Social Media|Software,0.0
categorical__primary_category_News|Services,0.0
categorical__primary_category_News|Social Bookmarking,0.0
categorical__primary_category_News|Social Bookmarking|Social Media|Technology|Tracking|Web Development,0.0
categorical__primary_category_News|Social Commerce|Social Media,0.0
categorical__primary_category_News|Social Media,0.0
categorical__primary_category_News|Software,0.0
categorical__primary_category_News|Sports,0.0
categorical__primary_category_News|Web Hosting,0.0
categorical__primary_category_Nightlife|Restaurants|Reviews and Recommendations,0.0
categorical__primary_category_Non Profit|Pharmaceuticals,0.0
categorical__primary_category_3D|CAD|Hardware + Software,0.0
categorical__primary_category_Office Space|Real Estate|Web Hosting,0.0
categorical__primary_category_Oil & Gas,0.0
categorical__primary_category_Oil and Gas,0.0
categorical__primary_category_Oil|Restaurants|Training,0.0
categorical__primary_category_Online Dating,0.0
categorical__primary_category_Online Dating|Service Providers|Social Media,0.0
categorical__primary_category_Online Education,0.0
categorical__primary_category_Online Education|Skill Assessment|University Students,0.0
categorical__primary_category_Online Gaming|Publishing|Services,0.0
categorical__primary_category_Online Gaming|Social Media|Social Network Media,0.0
categorical__primary_category_Online Identity|Promotional|Service Providers,0.0
categorical__primary_category_Online Rental|Online Reservations|Transportation,0.0
categorical__primary_category_Online Rental|Real Estate|Rental Housing,0.0
categorical__primary_category_Online Rental|Search|Tourism|Travel,0.0
categorical__primary_category_Online Rental|Software,0.0
categorical__primary_category_Online Reservations|Service Providers,0.0
categorical__primary_category_Online Scheduling|Software|Task Management,0.0
categorical__primary_category_Online Scheduling|Transportation|Travel,0.0
categorical__primary_category_Online Shopping,0.0
categorical__primary_category_Online Shopping|Sales and Marketing|Social Commerce,0.0
categorical__primary_category_Online Travel,0.0
categorical__primary_category_Online Travel|Search|Travel,0.0
categorical__primary_category_Online Travel|Sports|Travel,0.0
categorical__primary_category_Online Travel|Travel,0.0
categorical__primary_category_Open Source,0.0
categorical__primary_category_Open Source|Security|Software,0.0
categorical__primary_category_Open Source|Services|Software,0.0
categorical__primary_category_Open Source|Social Network Media|Software,0.0
categorical__primary_category_Open Source|Software|Tracking,0.0
categorical__primary_category_Open Source|Software|Web Development,0.0
categorical__primary_category_Optical Communications|Services|Technology,0.0
categorical__primary_category_Optimization|SEO|Services,0.0
categorical__primary_category_Optimization|Semantic Search|SEO|Software,0.0
categorical__primary_category_Outdoors|Travel,0.0
categorical__primary_category_Outsourcing,0.0
categorical__primary_category_Outsourcing|Pharmaceuticals|Technology,0.0
categorical__primary_category_Outsourcing|Software,0.0
categorical__primary_category_Outsourcing|Software|Technology,0.0
categorical__primary_category_Parenting|SNS|Social Media|Social Network Media,0.0
categorical__primary_category_Parenting|Social Media|Social Network Media,0.0
categorical__primary_category_Payments,0.0
categorical__primary_category_Payments|Trading,0.0
categorical__primary_category_Peer-to-Peer|Social Network Media|Travel,0.0
categorical__primary_category_Peer-to-Peer|Software|Television|Video,0.0
categorical__primary_category_Personalization|Printing|Small and Medium Businesses,0.0
categorical__primary_category_Personalization|Reviews and Recommendations|Software,0.0
categorical__primary_category_Pervasive Computing|Startups,0.0
categorical__primary_category_Pets,0.0
categorical__primary_category_Pets|Retail,0.0
categorical__primary_category_Pets|SaaS,0.0
categorical__primary_category_Pets|Service Industries|Social Commerce,0.0
categorical__primary_category_Pets|Social Media|Social Network Media,0.0
categorical__primary_category_Pets|Social Network Media,0.0
categorical__primary_category_3D|Chat|CRM|Entertainment|Services|Software|Virtual Workforces,0.0
categorical__primary_category_Photo Editing|Photography|Service Providers,0.0
categorical__primary_category_Photo Editing|Photography|Software,0.0
categorical__primary_category_Photo Sharing|Public Relations,0.0
categorical__primary_category_Photo Sharing|Social Media,0.0
categorical__primary_category_Photography,0.0
categorical__primary_category_Photography|Photo Sharing,0.0
categorical__primary_category_Photography|Photo Sharing|Social Media|Video,0.0
categorical__primary_category_Photography|Private Social Networking,0.0
categorical__primary_category_Photography|Public Relations|Social Network Media|Software|Web Tools,0.0
categorical__primary_category_Photography|Search,0.0
categorical__primary_category_Photography|Social Media,0.0
categorical__primary_category_Photography|Software|Video,0.0
categorical__primary_category_Photography|Telecommunications,0.0
categorical__primary_category_Photography|Video Streaming,0.0
categorical__primary_category_Physicians|Software,0.0
categorical__primary_category_Point of Sale|Restaurants,0.0
categorical__primary_category_Polling|Reviews and Recommendations|Software|Surveys,0.0
categorical__primary_category_Polling|Social Media,0.0
categorical__primary_category_Portals|Recruiting|Social Recruiting,0.0
categorical__primary_category_Presentations|Software,0.0
categorical__primary_category_Price Comparison|Search|Shopping|Video|Web Tools,0.0
categorical__primary_category_Printing,0.0
categorical__primary_category_Privacy,0.0
categorical__primary_category_Privacy|Security,0.0
categorical__primary_category_Private Social Networking|Software,0.0
categorical__primary_category_Private Social Networking|Travel,0.0
categorical__primary_category_Product Design|Product Development Services|Services,0.0
categorical__primary_category_Product Search,0.0
categorical__primary_category_Productivity Software|Search|Software,0.0
categorical__primary_category_Professional Networking|Social Media,0.0
categorical__primary_category_Professional Services|Reviews and Recommendations|Service Providers,0.0
categorical__primary_category_Project Management|Software|Startups,0.0
categorical__primary_category_Promotional|Reviews and Recommendations|Search,0.0
categorical__primary_category_Property Management|Real Estate,0.0
categorical__primary_category_Property Management|Real Estate|Real Estate Investors,0.0
categorical__primary_category_Property Management|Real Estate|Rental Housing,0.0
categorical__primary_category_Property Management|Real Estate|Search,0.0
categorical__primary_category_Property Management|Real Estate|Services,0.0
categorical__primary_category_Property Management|Real Estate|Startups,0.0
categorical__primary_category_Property Management|Real Estate|Transaction Processing,0.0
categorical__primary_category_3D|Cloud Computing|Enterprise Software|Mobile|Presentations,0.0
categorical__primary_category_Public Relations|Retail|Sales and Marketing,0.0
categorical__primary_category_Public Relations|Semantic Search,0.0
categorical__primary_category_Public Relations|Social Media,0.0
categorical__primary_category_Public Relations|Sports,0.0
categorical__primary_category_Public Relations|Telecommunications,0.0
categorical__primary_category_Public Relations|Transportation,0.0
categorical__primary_category_Public Relations|Wholesale,0.0
categorical__primary_category_Public Safety,0.0
categorical__primary_category_Public Transportation,0.0
categorical__primary_category_Public Transportation|Search|Social Media|Training|Transportation|Travel,0.0
categorical__primary_category_Public Transportation|Services|Transportation,0.0
categorical__primary_category_Public Transportation|Software|Transportation,0.0
categorical__primary_category_Public Transportation|Transportation,0.0
categorical__primary_category_Publishing,0.0
categorical__primary_category_Publishing|Software|Technology,0.0
categorical__primary_category_Publishing|Television|Video,0.0
categorical__primary_category_Q&A|Social Network Media,0.0
categorical__primary_category_Racing,0.0
categorical__primary_category_3D|Curated Web|Entertainment|Web Tools,0.0
categorical__primary_category_Real Estate Investors,0.0
categorical__primary_category_Real Estate|Services|Social Media,0.0
categorical__primary_category_Real Estate|Software,0.0
categorical__primary_category_Real Estate|Startups,0.0
categorical__primary_category_Real Estate|Vacation Rentals,0.0
categorical__primary_category_Recruiting,0.0
categorical__primary_category_Recruiting|Services|Startups,0.0
categorical__primary_category_Recruiting|Services|Technology,0.0
categorical__primary_category_Recruiting|Social Media,0.0
categorical__primary_category_Recruiting|Software,0.0
categorical__primary_category_Recycling|Renewable Energies|Waste Management,0.0
categorical__primary_category_Recycling|Waste Management,0.0
categorical__primary_category_Renewable Energies|Solar,0.0
categorical__primary_category_Renewable Energies|Solar|Utilities,0.0
categorical__primary_category_Reputation|Reviews and Recommendations|Social Media,0.0
categorical__primary_category_Restaurants,0.0
categorical__primary_category_Restaurants|Sales and Marketing|Software,0.0
categorical__primary_category_Restaurants|Software,0.0
categorical__primary_category_Retail,0.0
categorical__primary_category_Retail Technology,0.0
categorical__primary_category_Retail|Shopping|Skill Assessment,0.0
categorical__primary_category_Retail|Sporting Goods,0.0
categorical__primary_category_Reviews and Recommendations,0.0
categorical__primary_category_Reviews and Recommendations|Services|Travel & Tourism,0.0
categorical__primary_category_Reviews and Recommendations|Social Media,0.0
categorical__primary_category_Reviews and Recommendations|Travel,0.0
categorical__primary_category_Reviews and Recommendations|Travel|Vacation Rentals,0.0
categorical__primary_category_Robotics,0.0
categorical__primary_category_SEO|Social Media,0.0
categorical__primary_category_SEO|Software,0.0
categorical__primary_category_SNS|Social Media,0.0
categorical__primary_category_SaaS,0.0
categorical__primary_category_SaaS|Sales and Marketing|Small and Medium Businesses|Software,0.0
categorical__primary_category_SaaS|Search,0.0
categorical__primary_category_SaaS|Security,0.0
categorical__primary_category_SaaS|Services,0.0
categorical__primary_category_SaaS|Services|Technology,0.0
categorical__primary_category_SaaS|Social Media|Social Media Marketing|Software,0.0
categorical__primary_category_SaaS|Social Network Media,0.0
categorical__primary_category_SaaS|Software,0.0
categorical__primary_category_SaaS|Software|Storage,0.0
categorical__primary_category_SaaS|Software|Travel,0.0
categorical__primary_category_SaaS|Software|VoIP,0.0
categorical__primary_category_SaaS|Storage|Virtual Worlds,0.0
categorical__primary_category_SaaS|Technology|Telecommunications,0.0
categorical__primary_category_Sales and Marketing,0.0
categorical__primary_category_Sales and Marketing|Software,0.0
categorical__primary_category_3D|Curated Web|Virtual Worlds,0.0
categorical__primary_category_Search Marketing|SEO|Social Media Marketing|Web Design|Web Development,0.0
categorical__primary_category_Search Marketing|Software,0.0
categorical__primary_category_Search|Semantic Search|Semantic Web,0.0
categorical__primary_category_Search|Social Media,0.0
categorical__primary_category_Search|Software|Vertical Search,0.0
categorical__primary_category_Search|Startups,0.0
categorical__primary_category_Search|Travel,0.0
categorical__primary_category_Search|Twitter Applications,0.0
categorical__primary_category_Search|Visual Search,0.0
categorical__primary_category_Search|Web Development,0.0
categorical__primary_category_Search|Web Tools,0.0
categorical__primary_category_3D|E-Commerce|SNS|Social Buying,0.0
categorical__primary_category_Security|Service Providers,0.0
categorical__primary_category_Security|Service Providers|VoIP,0.0
categorical__primary_category_Security|Software,0.0
categorical__primary_category_Security|Software|Trusted Networks,0.0
categorical__primary_category_Security|Startups|Technology,0.0
categorical__primary_category_Security|Storage|Surveys,0.0
categorical__primary_category_Security|Technology,0.0
categorical__primary_category_Security|Web Tools,0.0
categorical__primary_category_Security|Wireless,0.0
categorical__primary_category_Self Development|Social Network Media,0.0
categorical__primary_category_Semiconductor Manufacturing Equipment,0.0
categorical__primary_category_3D|Electronics|Manufacturing,0.0
categorical__primary_category_Semiconductors|Service Providers|Software,0.0
categorical__primary_category_Semiconductors|Services,0.0
categorical__primary_category_Semiconductors|Services|Telecommunications,0.0
categorical__primary_category_Semiconductors|Software|Technology,0.0
categorical__primary_category_Semiconductors|Software|Wireless,0.0
categorical__primary_category_Semiconductors|Technology,0.0
categorical__primary_category_Semiconductors|Technology|Wireless,0.0
categorical__primary_category_Semiconductors|Telecommunications|Television|VoIP|Web Hosting,0.0
categorical__primary_category_Semiconductors|Video,0.0
categorical__primary_category_Semiconductors|Web Hosting,0.0
categorical__primary_category_Sensors,0.0
categorical__primary_category_Service Providers,0.0
categorical__primary_category_Service Providers|Services|Software,0.0
categorical__primary_category_Service Providers|Shared Services|Women,0.0
categorical__primary_category_Service Providers|Social Media,0.0
categorical__primary_category_Service Providers|Social Network Media|Unifed Communications,0.0
categorical__primary_category_Service Providers|Software,0.0
categorical__primary_category_Service Providers|Software|Technology|Telecommunications,0.0
categorical__primary_category_Service Providers|Software|Transportation,0.0
categorical__primary_category_Service Providers|Startups,0.0
categorical__primary_category_Service Providers|Task Management,0.0
categorical__primary_category_Service Providers|Telecommunications|VoIP,0.0
categorical__primary_category_3D|Electronics|Nanotechnology,0.0
categorical__primary_category_Services|Software,0.0
categorical__primary_category_Services|Software|Taxis|Wireless,0.0
categorical__primary_category_Services|Solar|Wind,0.0
categorical__primary_category_Services|Specialty Foods,0.0
categorical__primary_category_Services|Supply Chain Management,0.0
categorical__primary_category_Services|Systems|Technology,0.0
categorical__primary_category_Services|Systems|Visualization,0.0
categorical__primary_category_Services|Technology,0.0
categorical__primary_category_Services|Technology|Telecommunications,0.0
categorical__primary_category_Services|Technology|Video,0.0
categorical__primary_category_Services|Technology|Wearables,0.0
categorical__primary_category_Services|Telecommunications,0.0
categorical__primary_category_Services|Telecommunications|Wireless,0.0
categorical__primary_category_Services|Testing|Web Tools,0.0
categorical__primary_category_Services|Transaction Processing|Web Hosting,0.0
categorical__primary_category_Services|User Experience Design|User Interface,0.0
categorical__primary_category_Services|Virtual Workforces,0.0
categorical__primary_category_Services|Water,0.0
categorical__primary_category_Services|Web Hosting|Web Tools,0.0
categorical__primary_category_Shipping|Shopping,0.0
categorical__primary_category_Shipping|Software,0.0
categorical__primary_category_Shipping|Technology,0.0
categorical__primary_category_Shoes,0.0
categorical__primary_category_Skill Assessment|Software|Wind,0.0
categorical__primary_category_Small and Medium Businesses,0.0
categorical__primary_category_Soccer|Social Media|Social Network Media|Sports,0.0
categorical__primary_category_Social CRM|Software,0.0
categorical__primary_category_Social Commerce|Social Media,0.0
categorical__primary_category_Social Commerce|Software,0.0
categorical__primary_category_3D|Enterprise Software|Games,0.0
categorical__primary_category_Social Media|Social Media Advertising|Social Media Management|Social Media Marketing,0.0
categorical__primary_category_Social Media|Social Media Marketing|Software,0.0
categorical__primary_category_Social Media|Social Media Monitoring,0.0
categorical__primary_category_Social Media|Social Network Media,0.0
categorical__primary_category_Social Media|Social Network Media|Technology,0.0
categorical__primary_category_Social Media|Social Network Media|Teenagers,0.0
categorical__primary_category_Social Media|Social Network Media|Web Hosting,0.0
categorical__primary_category_Social Media|Social Recruiting,0.0
categorical__primary_category_Social Media|Social Television|Television|Twitter Applications,0.0
categorical__primary_category_Social Media|Software|Video,0.0
categorical__primary_category_Social Media|Sporting Goods|Sports,0.0
categorical__primary_category_Social Media|Startups,0.0
categorical__primary_category_Social Media|Television|Video,0.0
categorical__primary_category_Social Media|Television|Video on Demand,0.0
categorical__primary_category_Social Media|Travel,0.0
categorical__primary_category_Social Media|Virtual Worlds,0.0
categorical__primary_category_Social Media|Web Development,0.0
categorical__primary_category_Social Media|Web Tools,0.0
categorical__primary_category_Social Network Media|Software,0.0
categorical__primary_category_Social Network Media|Travel,0.0
categorical__primary_category_Social Network Media|Web Hosting,0.0
categorical__primary_category_Social Travel|Specialty Retail|Travel,0.0
categorical__primary_category_3D|Entertainment|Messaging,0.0
categorical__primary_category_Software|Storage,0.0
categorical__primary_category_Software|Storage|Technology,0.0
categorical__primary_category_Software|Technology,0.0
categorical__primary_category_Software|Technology|Video,0.0
categorical__primary_category_Software|Technology|Web Tools,0.0
categorical__primary_category_Software|Telecommunications,0.0
categorical__primary_category_Software|Telecommunications|VoIP,0.0
categorical__primary_category_Software|Telecommunications|Wireless,0.0
categorical__primary_category_Software|Television,0.0
categorical__primary_category_Software|Television|Video|Video Streaming,0.0
categorical__primary_category_Software|Tracking,0.0
categorical__primary_category_Software|Twitter Applications,0.0
categorical__primary_category_Software|Video,0.0
categorical__primary_category_Software|Video|Video Streaming,0.0
categorical__primary_category_Software|Video|Web Development,0.0
categorical__primary_category_Software|Virtualization,0.0
categorical__primary_category_Software|VoIP,0.0
categorical__primary_category_Software|Web Design,0.0
categorical__primary_category_Software|Web Development,0.0
categorical__primary_category_Software|Web Hosting,0.0
categorical__primary_category_Software|Web Tools,0.0
categorical__primary_category_Software|Wine And Spirits,0.0
categorical__primary_category_Specialty Foods,0.0
categorical__primary_category_Speech Recognition|Technology,0.0
categorical__primary_category_Sporting Goods,0.0
categorical__primary_category_3D|Games,0.0
categorical__primary_category_Sports|Video on Demand,0.0
categorical__primary_category_Startups,0.0
categorical__primary_category_Startups|Telecommunications|Venture Capital,0.0
categorical__primary_category_Storage,0.0
categorical__primary_category_Storage|Web Hosting,0.0
categorical__primary_category_Subscription Businesses|Ventures for Good,0.0
categorical__primary_category_Subscription Service,0.0
categorical__primary_category_Supply Chain Management,0.0
categorical__primary_category_Systems|Technology|Video,0.0
categorical__primary_category_3D|Hardware|Hardware + Software|Lifestyle Products|Video|Wearables,0.0
categorical__primary_category_Technology|Telecommunications,0.0
categorical__primary_category_Technology|Telecommunications|Wireless,0.0
categorical__primary_category_Technology|VoIP,0.0
categorical__primary_category_Technology|Watch|Wearables,0.0
categorical__primary_category_Technology|Wearables,0.0
categorical__primary_category_Technology|Web Hosting,0.0
categorical__primary_category_Technology|Wireless,0.0
categorical__primary_category_3D|Hardware|Hardware + Software|Sensors,0.0
categorical__primary_category_Telecommunications|Television|TV Production,0.0
categorical__primary_category_Telecommunications|Web Hosting,0.0
categorical__primary_category_Telecommunications|Web Hosting|Wireless,0.0
categorical__primary_category_Telecommunications|Wireless,0.0
categorical__primary_category_Television,0.0
categorical__primary_category_Ticketing,0.0
categorical__primary_category_Tracking,0.0
categorical__primary_category_Tracking|Transportation,0.0
categorical__primary_category_Trading,0.0
categorical__primary_category_Trading|Transportation,0.0
categorical__primary_category_3D|Health Care|Medical|Medical Devices,0.0
categorical__primary_category_Transportation|Travel,0.0
categorical__primary_category_Transportation|Travel|Travel & Tourism,0.0
categorical__primary_category_3D Technology,0.0
categorical__primary_category_Travel & Tourism,0.0
categorical__primary_category_Travel|Travel & Tourism|Vacation Rentals,0.0
categorical__primary_category_Travel|Vacation Rentals,0.0
categorical__primary_category_Travel|Virtual Workforces,0.0
categorical__primary_category_Accounting|Advertising|CRM|E-Commerce|Email Marketing|Lead Generation|Media|Performance Marketing|Sales and Marketing,0.0
categorical__primary_category_Video,0.0
categorical__primary_category_Video on Demand,0.0
categorical__primary_category_Video|Web Tools,0.0
categorical__primary_category_VoIP,0.0
categorical__primary_category_Waste Management,0.0
categorical__primary_category_Wearables,0.0
categorical__primary_category_Web Design,0.0
categorical__primary_category_Web Design|Web Development,0.0
categorical__primary_category_Web Design|Web Development|Web Hosting,0.0
categorical__primary_category_Web Development,0.0
categorical__primary_category_Accounting|Billing|CRM|Freelancers|Small and Medium Businesses|Software,0.0
categorical__primary_category_Web Tools,0.0
categorical__primary_category_Wireless,0.0
categorical__primary_category_Women,0.0
categorical__primary_category_iOS|Location Based Services|Mobile|Reviews and Recommendations,0.0
categorical__primary_category_iOS|Mobile Commerce|Photo Sharing|Social Media,0.0
categorical__primary_category_iOS|Online Scheduling|Productivity Software,0.0
categorical__primary_category_iPad|Mobile|Point of Sale|Retail|SaaS|Software|Web Development|Web Tools,0.0
categorical__primary_category_iPad|Mobile|Real Estate,0.0
categorical__primary_category_iPad|Mobile|Software|Web Development,0.0
categorical__primary_category_iPad|News|Online Shopping|Shopping,0.0
categorical__primary_category_iPad|iPhone|Mobile|Software,0.0
categorical__primary_category_iPhone,0.0
categorical__primary_category_iPhone|Local|Mobile|Sales and Marketing,0.0
categorical__primary_category_iPhone|Location Based Services|Messaging|Mobile|Online Reservations|SEO|Social Media,0.0
categorical__primary_category_iPhone|Location Based Services|Messaging|Mobile|Social Media,0.0
categorical__primary_category_iPhone|Location Based Services|Mobile|Networking|Social Media|Web Tools,0.0
categorical__primary_category_iPhone|Messaging|Mobile|VoIP,0.0
categorical__primary_category_iPhone|Mobile,0.0
categorical__primary_category_iPhone|Mobile Commerce|Online Scheduling|Service Providers,0.0
categorical__primary_category_iPhone|Mobile|Photography|Photo Sharing|Video,0.0
categorical__primary_category_iPhone|Mobile|Venture Capital,0.0
categorical__primary_category_iPhone|Mobile|Weddings,0.0
categorical__primary_category_iPhone|News,0.0
categorical__primary_category_Accounting|Billing|Credit Cards|Payments|Software,0.0
categorical__country_code_ARG,0.0
categorical__primary_category_Accounting|Business Development|Finance|Software|Web Development,0.0
categorical__country_code_AUT,0.0
categorical__country_code_BEL,0.0
categorical__country_code_BGR,0.0
categorical__country_code_BHR,0.0
categorical__country_code_BLR,0.0
categorical__country_code_BMU,0.0
categorical__primary_category_Accounting|Business Services|Computers|Software,0.0
categorical__primary_category_Accounting|Cloud Computing|Collaboration|CRM|Enterprises|Network Security|Project Management|SaaS|Software|Storage,0.0
categorical__primary_category_Accounting|Collectibles|Credit|Payments|SaaS|Small and Medium Businesses|Software,0.0
categorical__primary_category_Accounting|Comparison Shopping|Credit Cards|E-Commerce|Financial Services|Payments|Startups,0.0
categorical__primary_category_Accounting|Creative|Music|Video,0.0
categorical__country_code_COL,0.0
categorical__country_code_CRI,0.0
categorical__country_code_CZE,0.0
categorical__primary_category_Accounting|Databases|Hardware + Software|Networking|Security|Software,0.0
categorical__country_code_DNK,0.0
categorical__country_code_ESP,0.0
categorical__country_code_EST,0.0
categorical__primary_category_Accounting|Enterprise Software,0.0
categorical__primary_category_Accounting|Enterprise Software|Real Estate|Software,0.0
categorical__primary_category_Accounting|Finance|Legal|Marketplaces,0.0
categorical__country_code_GEO,0.0
categorical__country_code_GHA,0.0
categorical__country_code_GRC,0.0
categorical__country_code_GTM,0.0
categorical__primary_category_Accounting|Legal|Licensing|Music|Publishing|Transaction Processing,0.0
categorical__country_code_HRV,0.0
categorical__country_code_HUN,0.0
categorical__primary_category_Accounting|Services|Software,0.0
categorical__primary_category_Active Lifestyle|Lifestyle|Social Media|Social Media Marketing|Travel|Travel & Tourism,0.0
categorical__primary_category_Ad Targeting|Advertising,0.0
categorical__country_code_ISL,0.0
categorical__primary_category_Ad Targeting|Advertising|Advertising Platforms|Sales and Marketing,0.0
categorical__primary_category_Ad Targeting|Advertising|Analytics|Big Data|Machine Learning|Mobile|Predictive Analytics|Real Time|Sales and Marketing,0.0
categorical__country_code_JOR,0.0
categorical__primary_category_Ad Targeting|Advertising|Apps|Brand Marketing|Mobile|Publishing|Sales and Marketing|Services|Wireless,0.0
categorical__country_code_KOR,0.0
categorical__country_code_LBN,0.0
categorical__country_code_LIE,0.0
categorical__country_code_LTU,0.0
categorical__country_code_LUX,0.0
categorical__country_code_LVA,0.0
categorical__country_code_MAF,0.0
categorical__country_code_MEX,0.0
categorical__country_code_MKD,0.0
categorical__country_code_MLT,0.0
categorical__primary_category_Ad Targeting|Advertising|Augmented Reality|Data Visualization|Image Recognition|Mobile|Sales and Marketing|Software,0.0
categorical__country_code_NGA,0.0
categorical__primary_category_Ad Targeting|Advertising|Big Data Analytics|Internet Marketing,0.0
categorical__country_code_NOR,0.0
categorical__primary_category_Ad Targeting|Advertising|Content|Mobile|Monetization|Personalization|Reviews and Recommendations,0.0
categorical__country_code_PAK,0.0
categorical__country_code_PER,0.0
categorical__country_code_PHL,0.0
categorical__country_code_POL,0.0
categorical__country_code_PRI,0.0
categorical__country_code_PRT,0.0
categorical__country_code_ROM,0.0
categorical__primary_category_Ad Targeting|Advertising|Digital Media|Mobile Advertising,0.0
categorical__country_code_SAU,0.0
categorical__primary_category_Ad Targeting|Advertising|Email|Optimization,0.0
categorical__country_code_SLV,0.0
categorical__country_code_SOM,0.0
categorical__country_code_SVK,0.0
categorical__primary_category_Ad Targeting|Advertising|Entertainment,0.0
categorical__country_code_SYC,0.0
categorical__country_code_TAN,0.0
categorical__country_code_THA,0.0
categorical__country_code_TUR,0.0
categorical__country_code_TWN,0.0
categorical__country_code_UGA,0.0
categorical__country_code_UKR,0.0
categorical__country_code_URY,0.0
categorical__primary_category_Ad Targeting|Advertising|Lead Generation|Shopping,0.0
categorical__primary_category_Ad Targeting|Advertising|Promotional,0.0
categorical__country_code_VNM,0.0
categorical__primary_category_Ad Targeting|Advertising|Sales and Marketing,0.0
categorical__primary_category_Ad Targeting|Advertising|Software,0.0
categorical__primary_category_Ad Targeting|CRM|Internet|News|Personalization|Privacy|Web Design,0.0
categorical__primary_category_Ad Targeting|E-Commerce|Fashion|Reviews and Recommendations|Supply Chain Management,0.0
categorical__primary_category_Ad Targeting|Privacy|Security|Web Hosting,0.0
categorical__primary_category_Advanced Materials,0.0
categorical__primary_category_Advanced Materials|Life Sciences,0.0
categorical__primary_category_Advanced Materials|Manufacturing|Medical,0.0
categorical__primary_category_Advanced Materials|Manufacturing|Renewable Energies,0.0
categorical__primary_category_Adventure Travel|Bicycles|Online Reservations,0.0
categorical__state_code_18,0.0
categorical__primary_category_Adventure Travel|Curated Web|Marketplaces|Online Scheduling,0.0
categorical__primary_category_Adventure Travel|Reviews and Recommendations|Social Travel,0.0
categorical__primary_category_Advertising Networks|B2B|Enterprise Software|Internet|Lead Generation|Networking|Online Shopping|Sales and Marketing,0.0
categorical__state_code_21,0.0
categorical__primary_category_Advertising Networks|Celebrity|Content|Crowdsourcing|Curated Web|Journalism|News|Photography|Services|Video,0.0
categorical__primary_category_Advertising Networks|Coupons|Curated Web|Local|Local Coupons|Local Search|Private Social Networking|Reviews and Recommendations|Search,0.0
categorical__state_code_24,0.0
categorical__state_code_25,0.0
categorical__state_code_26,0.0
categorical__primary_category_Advertising Platforms,0.0
categorical__state_code_28,0.0
categorical__primary_category_Advertising Platforms|Comparison Shopping|E-Commerce Platforms|Performance Marketing|Search|Shopping,0.0
categorical__primary_category_Advertising Platforms|Content Discovery|Curated Web|Optimization|Social Media Advertising|Social Media Marketing|Social Television|Television,0.0
categorical__primary_category_Advertising Platforms|Email|Identity Management|Internet TV|Mobile Software Tools|Portals|Software,0.0
categorical__state_code_32,0.0
categorical__primary_category_Advertising Platforms|Marketplaces|Social Commerce,0.0
categorical__state_code_35,0.0
categorical__state_code_36,0.0
categorical__state_code_37,0.0
categorical__state_code_39,0.0
categorical__primary_category_Advertising Platforms|Media|Real Time,0.0
categorical__state_code_40,0.0
categorical__state_code_41,0.0
categorical__state_code_42,0.0
categorical__primary_category_Advertising Platforms|Mobile Advertising,0.0
categorical__primary_category_Advertising Platforms|Mobile|Mobile Advertising,0.0
categorical__state_code_51,0.0
categorical__state_code_52,0.0
categorical__state_code_53,0.0
categorical__state_code_54,0.0
categorical__state_code_56,0.0
categorical__state_code_57,0.0
categorical__state_code_59,0.0
categorical__primary_category_Advertising|Advertising Exchanges|Advertising Platforms|Algorithms|Mobile|Mobile Advertising|PaaS|SaaS,0.0
categorical__state_code_60,0.0
categorical__state_code_61,0.0
categorical__state_code_65,0.0
categorical__state_code_66,0.0
categorical__primary_category_Advertising|Advertising Networks,0.0
categorical__state_code_71,0.0
categorical__state_code_72,0.0
categorical__state_code_73,0.0
categorical__state_code_78,0.0
categorical__state_code_8,0.0
categorical__state_code_82,0.0
categorical__state_code_87,0.0
categorical__state_code_88,0.0
categorical__primary_category_Advertising|Advertising Networks|Brand Marketing|Messaging|Mobile|Social Media,0.0
categorical__state_code_91,0.0
categorical__state_code_97,0.0
categorical__state_code_98,0.0
categorical__state_code_A2,0.0
categorical__state_code_A3,0.0
categorical__state_code_A4,0.0
categorical__state_code_A6,0.0
categorical__state_code_A7,0.0
categorical__primary_category_Advertising|Advertising Networks|Geospatial|Internet|Maps,0.0
categorical__state_code_A9,0.0
categorical__primary_category_Advertising|Advertising Networks|Mobile,0.0
categorical__state_code_AK,0.0
categorical__state_code_AL,0.0
categorical__state_code_AR,0.0
categorical__primary_category_Advertising|Advertising Platforms|Analytics|Information Technology,0.0
categorical__state_code_B2,0.0
categorical__state_code_B3,0.0
categorical__state_code_B4,0.0
categorical__state_code_B5,0.0
categorical__state_code_B7,0.0
categorical__state_code_B8,0.0
categorical__state_code_B9,0.0
categorical__state_code_BC,0.0
categorical__state_code_C1,0.0
categorical__state_code_C3,0.0
categorical__state_code_C5,0.0
categorical__primary_category_Advertising|Advertising Platforms|Brand Marketing|Marketing Automation,0.0
categorical__primary_category_Advertising|Advertising Platforms|Media,0.0
categorical__primary_category_Advertising|Advertising Platforms|Media|Mobile|Mobile Advertising|Social Media Advertising,0.0
categorical__state_code_D2,0.0
categorical__state_code_D3,0.0
categorical__state_code_D4,0.0
categorical__state_code_D5,0.0
categorical__state_code_D8,0.0
categorical__state_code_D9,0.0
categorical__primary_category_Advertising|Advertising Platforms|Mobile,0.0
categorical__state_code_DE,0.0
categorical__state_code_E2,0.0
categorical__state_code_E4,0.0
categorical__state_code_E5,0.0
categorical__state_code_E7,0.0
categorical__state_code_F1,0.0
categorical__state_code_F2,0.0
categorical__state_code_F4,0.0
categorical__state_code_F7,0.0
categorical__state_code_F8,0.0
categorical__primary_category_Advertising|Advertising Platforms|Online Video Advertising|Software,0.0
categorical__state_code_G2,0.0
categorical__state_code_G5,0.0
categorical__state_code_GA,0.0
categorical__state_code_H2,0.0
categorical__state_code_H3,0.0
categorical__state_code_H4,0.0
categorical__state_code_H5,0.0
categorical__state_code_H8,0.0
categorical__primary_category_Advertising|Algorithms|Auctions|Optimization|Search Marketing|Semantic Search,0.0
categorical__state_code_HI,0.0
categorical__state_code_I2,0.0
categorical__state_code_I5,0.0
categorical__state_code_I6,0.0
categorical__state_code_I7,0.0
categorical__state_code_IA,0.0
categorical__state_code_ID,0.0
categorical__primary_category_Advertising|Analytics,0.0
categorical__primary_category_Advertising|Analytics|Android|Consumer Electronics|Gps|iPhone|Mobile|Startups,0.0
categorical__state_code_J1,0.0
categorical__state_code_J7,0.0
categorical__state_code_J8,0.0
categorical__state_code_J9,0.0
categorical__state_code_K2,0.0
categorical__state_code_K7,0.0
categorical__state_code_K8,0.0
categorical__primary_category_Advertising|Analytics|Auctions,0.0
categorical__primary_category_Advertising|Analytics|Big Data,0.0
categorical__state_code_L1,0.0
categorical__state_code_L3,0.0
categorical__state_code_L9,0.0
categorical__state_code_LA,0.0
categorical__state_code_M3,0.0
categorical__state_code_M4,0.0
categorical__primary_category_Advertising|Analytics|Brand Marketing|Mobile|Sales and Marketing|Technology|Test and Measurement|Video,0.0
categorical__state_code_MB,0.0
categorical__primary_category_Advertising|Analytics|Brand Marketing|Web Development,0.0
categorical__state_code_ME,0.0
categorical__primary_category_Advertising|Analytics|Business Intelligence|Market Research,0.0
categorical__primary_category_Advertising|Analytics|Consumers|Mobile|Music|Sales and Marketing|Surveys|Telecommunications|Television,0.0
categorical__state_code_MO,0.0
categorical__state_code_MS,0.0
categorical__state_code_MT,0.0
categorical__state_code_N2,0.0
categorical__state_code_N3,0.0
categorical__state_code_N5,0.0
categorical__state_code_N7,0.0
categorical__state_code_NB,0.0
categorical__primary_category_Advertising|Analytics|Content Syndication|Internet|Online Video Advertising|Software|Video,0.0
categorical__state_code_NE,0.0
categorical__state_code_NH,0.0
categorical__primary_category_Advertising|Analytics|Content|Social Media,0.0
categorical__state_code_NL,0.0
categorical__primary_category_Advertising|Analytics|Digital Rights Management|Sales and Marketing,0.0
categorical__state_code_NS,0.0
categorical__state_code_NV,0.0
categorical__primary_category_Advertising|Analytics|Direct Marketing|Facebook Applications|Internet Marketing|Social Commerce|Social Media Marketing|Twitter Applications,0.0
categorical__primary_category_Advertising|Analytics|Displays|Mobile,0.0
categorical__state_code_OK,0.0
categorical__primary_category_Advertising|Analytics|Displays|Software,0.0
categorical__primary_category_Advertising|Analytics|Games|Networking|Social Media|Virtual Currency,0.0
categorical__state_code_P3,0.0
categorical__state_code_P4,0.0
categorical__state_code_P5,0.0
categorical__state_code_P6,0.0
categorical__state_code_P8,0.0
categorical__state_code_P9,0.0
categorical__primary_category_Advertising|Analytics|Health Care|Information Technology|Optimization,0.0
categorical__state_code_Q3,0.0
categorical__state_code_Q5,0.0
categorical__primary_category_Advertising|Analytics|Location Based Services|Machine Learning|Predictive Analytics,0.0
categorical__state_code_R3,0.0
categorical__state_code_R6,0.0
categorical__state_code_RI,0.0
categorical__state_code_SC,0.0
categorical__state_code_SD,0.0
categorical__state_code_T5,0.0
categorical__state_code_T7,0.0
categorical__primary_category_Advertising|Analytics|Marketing Automation|Optimization|Sales and Marketing|Software|Web Design,0.0
categorical__primary_category_Advertising|Analytics|Optimization,0.0
categorical__state_code_U8,0.0
categorical__primary_category_Advertising|Analytics|SaaS,0.0
categorical__primary_category_Advertising|Analytics|iPhone|Mobile Advertising,0.0
categorical__state_code_V1,0.0
categorical__state_code_V2,0.0
categorical__state_code_V8,0.0
categorical__primary_category_Advertising|Analytics|iPhone|Software,0.0
categorical__state_code_VI,0.0
categorical__primary_category_Advertising|Android|Apps|iPhone|Mobile,0.0
categorical__state_code_W9,0.0
categorical__primary_category_Advertising|Android|Consumer Electronics|iPhone|Mobile,0.0
categorical__state_code_WI,0.0
categorical__state_code_WV,0.0
categorical__state_code_Y4,0.0
categorical__state_code_Z7,0.0
categorical__region_AL - Other,0.0
categorical__region_AUS - Other,0.0
categorical__region_AUT - Other,0.0
categorical__region_Aarhus,0.0
categorical__region_Aberdeen,0.0
categorical__region_Accra,0.0
categorical__region_Admiralty,0.0
categorical__region_Ahmedabad,0.0
categorical__region_Aix-en-provence,0.0
categorical__region_Akron - Canton,0.0
"categorical__region_Albany, New York",0.0
categorical__primary_category_Advertising|Android|Coupons|Discounts|Mobile,0.0
categorical__region_Alexandria,0.0
categorical__region_Allentown,0.0
categorical__region_AllerÃ¸d,0.0
categorical__region_Amman,0.0
categorical__primary_category_Advertising|Android|iOS,0.0
categorical__primary_category_Advertising|Android|iOS|Media|Mobile|Mobile Advertising|Publishing|Web Development,0.0
categorical__region_Anchorage,0.0
categorical__region_Antwerp,0.0
categorical__region_Asheville,0.0
categorical__region_Athens,0.0
categorical__region_Atlanta,0.0
categorical__region_Atlantic City,0.0
categorical__region_Auckland,0.0
categorical__primary_category_Advertising|Android|iPhone|Media|Mobile|Web Development|Windows Phone 7,0.0
categorical__region_BEL - Other,0.0
categorical__region_BGR - Other,0.0
categorical__primary_category_Advertising|App Marketing|Brand Marketing|Content Syndication|Internet Marketing|Media|Semantic Search|SEO|Social Media Marketing,0.0
categorical__region_Bahrain,0.0
categorical__region_Bakersfield,0.0
categorical__region_Ballerup,0.0
categorical__region_Balmain,0.0
categorical__primary_category_Advertising|App Marketing|Brand Marketing|Marketplaces|Mobile Advertising,0.0
categorical__region_Bangalore,0.0
categorical__region_Bangkok,0.0
categorical__region_Barcelona,0.0
categorical__region_Basel,0.0
categorical__region_Bath,0.0
categorical__region_Baton Rouge,0.0
categorical__region_Beaconsfield,0.0
categorical__region_Beijing,0.0
categorical__region_Beirut,0.0
categorical__region_Belfast,0.0
categorical__region_Bellshill,0.0
categorical__region_Berlin,0.0
categorical__region_Bermuda,0.0
categorical__region_Bielefeld,0.0
categorical__region_Bilbao,0.0
categorical__region_Binton,0.0
categorical__region_Birmingham,0.0
categorical__region_Blackrock,0.0
categorical__region_Bogota,0.0
categorical__region_Boise,0.0
categorical__region_Bologna,0.0
categorical__region_Bolzano,0.0
categorical__region_Bonn,0.0
categorical__primary_category_Advertising|App Marketing|Games|Mobile|Social Media,0.0
categorical__region_Bozeman,0.0
categorical__region_Brasilia,0.0
categorical__region_Bremen,0.0
categorical__region_Brisbane,0.0
categorical__region_Bristol,0.0
categorical__primary_category_Advertising|App Marketing|Messaging|Mobile|Sales and Marketing|SMS|Wireless,0.0
categorical__region_Bucharest,0.0
categorical__region_Budapest,0.0
categorical__primary_category_Advertising|App Marketing|Mobile,0.0
categorical__region_Buffalo,0.0
categorical__region_Bundangdong,0.0
categorical__region_Burnaby,0.0
categorical__primary_category_Advertising|App Marketing|Mobile Video,0.0
categorical__primary_category_Advertising|App Marketing|Mobile|QR Codes,0.0
categorical__region_CHL - Other,0.0
categorical__primary_category_Advertising|App Marketing|iPad|Mobile,0.0
categorical__region_CO - Other,0.0
categorical__region_CT - Other,0.0
categorical__region_CZE - Other,0.0
categorical__region_Cadiz,0.0
categorical__region_Cagliari,0.0
categorical__region_Calgary,0.0
categorical__region_Camberley,0.0
categorical__region_Cape Cod,0.0
categorical__region_Cape Town,0.0
categorical__region_Cedar Rapids,0.0
categorical__region_Chandigarh,0.0
"categorical__region_Charleston, South Carolina",0.0
"categorical__region_Charleston, West Virginia",0.0
categorical__primary_category_Advertising|App Stores|Mobile,0.0
categorical__region_Charlottetown,0.0
categorical__region_Chattanooga,0.0
categorical__region_Chemnitz,0.0
categorical__region_Chennai,0.0
categorical__region_Chester,0.0
categorical__primary_category_Advertising|Apps,0.0
categorical__primary_category_Advertising|Apps|Brand Marketing|Creative|Design|Film|Internet|Mobile|Public Relations|Sales and Marketing|SEO|Services|Social Media|Technology|Video,0.0
categorical__primary_category_Advertising|Apps|Brand Marketing|Real Time|Social Network Media|Twitter Applications,0.0
categorical__region_Cluj-Napoca,0.0
categorical__region_Coimbatore,0.0
categorical__region_Coleraine,0.0
categorical__region_Cologne,0.0
categorical__region_Colorado Springs,0.0
"categorical__region_Columbia, South Carolina",0.0
"categorical__region_Columbus, Georgia",0.0
"categorical__region_Columbus, Ohio",0.0
categorical__primary_category_Advertising|Apps|Collaboration|Creative|Design|Fashion|Freelancers|Real Time|SaaS|Sales and Marketing|Services,0.0
categorical__region_Cork,0.0
categorical__region_Corpus Christi,0.0
categorical__region_Costa Rica,0.0
categorical__region_Curitiba,0.0
categorical__region_CÃ¡ceres,0.0
categorical__region_DEU - Other,0.0
categorical__region_DNK - Other,0.0
categorical__region_Dallas,0.0
categorical__region_Danderyd,0.0
categorical__region_Davao,0.0
categorical__region_Dayton,0.0
categorical__region_Daytona Beach,0.0
categorical__region_Delhi,0.0
categorical__region_Delta,0.0
categorical__primary_category_Advertising|Apps|Facebook Applications|SaaS|Sales and Marketing|Social Media|Social Media Marketing|Software,0.0
categorical__region_Derby,0.0
categorical__region_Des Moines,0.0
categorical__region_Detroit,0.0
categorical__region_Dki Jakarta,0.0
categorical__region_Doncaster,0.0
categorical__region_Dortmund,0.0
categorical__region_Dorval,0.0
categorical__region_Dover,0.0
categorical__region_Dresden,0.0
categorical__region_Dubai,0.0
categorical__region_Dubendorf,0.0
categorical__primary_category_Advertising|Apps|Games|Mobile|Wireless,0.0
categorical__region_Dunfermline,0.0
categorical__region_Durham,0.0
categorical__region_Dusseldrof,0.0
categorical__region_ESP - Other,0.0
categorical__region_Ecublens,0.0
categorical__region_Edinburgh,0.0
categorical__region_Edmonton,0.0
categorical__region_Eindhoven,0.0
categorical__region_Elche,0.0
categorical__region_Elmira,0.0
categorical__region_Erlangen,0.0
categorical__region_Esch-sur-alzette,0.0
categorical__region_Etobicoke,0.0
categorical__region_Eugene,0.0
categorical__region_Exeter,0.0
categorical__region_FL - Other,0.0
categorical__region_FRA - Other,0.0
categorical__region_Farrington Gurney,0.0
categorical__region_Fayetteville,0.0
categorical__primary_category_Advertising|Apps|Local|Loyalty Programs,0.0
categorical__region_Florida's Treasure Coast,0.0
categorical__region_Fort Collins,0.0
categorical__region_Fort Myers,0.0
categorical__region_Frankfurt,0.0
categorical__region_Fredericton,0.0
categorical__region_Freiburg,0.0
categorical__region_Fresno,0.0
categorical__primary_category_Advertising|Art|Content|Health and Wellness|Home & Garden|Social Media,0.0
categorical__region_Fuzhou Shi,0.0
categorical__primary_category_Advertising|Auctions|Internet,0.0
categorical__region_Gainesville,0.0
categorical__region_Galway,0.0
categorical__region_Garbsen,0.0
categorical__region_Gateshead,0.0
categorical__region_Gatineau,0.0
categorical__region_Gdansk,0.0
categorical__region_Geneva,0.0
categorical__region_Ghaziabad,0.0
categorical__region_Glasgow,0.0
categorical__region_Gothenburg,0.0
categorical__region_Grand Rapids,0.0
categorical__region_Green Bay,0.0
categorical__region_Greenville - Spartanburg,0.0
categorical__region_Grenoble,0.0
categorical__region_Guadalajara,0.0
categorical__region_Guangdong,0.0
categorical__region_Guangzhou,0.0
categorical__region_Guatemala City,0.0
categorical__region_HRV - Other,0.0
categorical__region_HUN - Other,0.0
categorical__region_Hagerstown,0.0
categorical__region_Haifa,0.0
categorical__region_Halifax,0.0
categorical__region_Halle An Der Saale,0.0
categorical__region_Hamburg,0.0
categorical__region_Hangzhou,0.0
categorical__region_Hanoi,0.0
categorical__region_Hanover,0.0
categorical__region_Harbin,0.0
categorical__region_Harrisburg,0.0
categorical__region_Harrogate,0.0
categorical__region_Harrow On The Hill,0.0
categorical__primary_category_Advertising|Auctions|Publishing,0.0
categorical__region_Haryana,0.0
categorical__primary_category_Advertising|Audio,0.0
categorical__region_Hereford,0.0
categorical__region_Herzogenaurach,0.0
categorical__region_Ho Chi Minh,0.0
categorical__region_Hobart Town,0.0
categorical__region_Homburg,0.0
categorical__primary_category_Advertising|Audio|Content|Digital Media|Media|Monetization|Video,0.0
categorical__region_Honolulu,0.0
categorical__primary_category_Advertising|Automotive,0.0
categorical__region_Huntsville,0.0
categorical__region_Hyderabad,0.0
categorical__region_HÃ¸rsholm,0.0
categorical__region_IA - Other,0.0
categorical__region_ID - Other,0.0
categorical__region_IDN - Other,0.0
categorical__region_IL - Other,0.0
categorical__region_IN - Other,0.0
categorical__region_IND - Other,0.0
categorical__region_IRL - Other,0.0
categorical__primary_category_Advertising|B2B|Monetization|Search|Video,0.0
categorical__region_ITA - Other,0.0
categorical__region_Idaho Falls,0.0
categorical__region_Ilford,0.0
categorical__primary_category_Advertising|Big Data|Consumer Goods|Facebook Applications|Social Media,0.0
categorical__region_Islamabad,0.0
categorical__region_Istanbul,0.0
categorical__region_ItÃ¡,0.0
categorical__region_Ivry-sur-seine,0.0
categorical__region_Izmir,0.0
categorical__region_JPN - Other,0.0
categorical__primary_category_Advertising|Big Data|Enterprise Software|Social Media Marketing,0.0
categorical__region_Jaipur,0.0
categorical__region_Jakarta,0.0
categorical__region_Jeddah,0.0
categorical__region_Jena,0.0
categorical__region_Jerusalem,0.0
categorical__region_Johannesburg,0.0
categorical__region_JyvÃ¤skylÃ¤,0.0
categorical__region_KOR - Other,0.0
categorical__region_KS - Other,0.0
categorical__region_KY - Other,0.0
categorical__region_Kalamazoo,0.0
categorical__region_Kampala,0.0
categorical__region_Kanata,0.0
categorical__region_Kansas City,0.0
categorical__region_Karachi,0.0
categorical__region_Kazan,0.0
categorical__region_Kelowna,0.0
categorical__region_Kent,0.0
categorical__region_Kiev,0.0
categorical__region_Knoxville,0.0
categorical__region_Kolkata,0.0
categorical__region_Konya,0.0
categorical__region_Kosice,0.0
categorical__region_Kristiansand,0.0
categorical__region_Kuala Lumpur,0.0
categorical__region_LIE - Other,0.0
categorical__region_LTU - Other,0.0
categorical__region_LUX - Other,0.0
categorical__region_LabÃ¨ge,0.0
"categorical__region_Lafayette, Louisiana",0.0
categorical__region_Lagos,0.0
categorical__region_Lahore,0.0
categorical__region_Lake Tahoe,0.0
categorical__region_Lannion,0.0
categorical__region_Lansing,0.0
categorical__primary_category_Advertising|Big Data|Games|Predictive Analytics|Television|Video,0.0
categorical__region_Lausanne,0.0
categorical__region_Leamington Spa,0.0
categorical__region_Leeds,0.0
categorical__region_Leganes,0.0
categorical__region_Leicester,0.0
categorical__region_Lexington,0.0
categorical__region_Lima,0.0
categorical__region_Limerick,0.0
categorical__region_Linkoping,0.0
categorical__region_Linz,0.0
categorical__region_Lisbon,0.0
categorical__region_Little Rock,0.0
categorical__region_Liverpool,0.0
categorical__region_Livingston,0.0
categorical__region_Logrono,0.0
categorical__primary_category_Advertising|Big Data|Media|Online Video Advertising|Social Media|Social Media Marketing|Technology|Video,0.0
categorical__region_Long Island,0.0
categorical__primary_category_Advertising|Big Data|Software,0.0
categorical__region_Loughborough,0.0
categorical__primary_category_Advertising|Blogging Platforms|Curated Web|Publishing,0.0
categorical__region_Luxemburg,0.0
categorical__region_Lymington,0.0
categorical__region_Lyon,0.0
categorical__region_Lysaker,0.0
categorical__region_MA - Other,0.0
categorical__region_MAF - Other,0.0
categorical__region_MD - Other,0.0
categorical__region_ME - Other,0.0
categorical__region_MEX - Other,0.0
categorical__region_MI - Other,0.0
categorical__primary_category_Advertising|Brand Marketing|Celebrity|Public Relations|Sales and Marketing|Social Media,0.0
categorical__region_MO - Other,0.0
categorical__region_MS - Other,0.0
categorical__region_MT - Other,0.0
categorical__region_MYS - Other,0.0
categorical__region_Macclesfield,0.0
categorical__region_Madison,0.0
categorical__primary_category_Advertising|Brand Marketing|Consumer Behavior|Promotional,0.0
categorical__region_Malaga,0.0
categorical__region_Malmo,0.0
categorical__region_Manchester,0.0
"categorical__region_Manchester, New Hampshire",0.0
categorical__region_Manila,0.0
categorical__region_Mannheim,0.0
categorical__region_Marbella,0.0
categorical__region_Marlborough,0.0
categorical__region_MaroÃºli,0.0
categorical__region_Marseille,0.0
categorical__region_Martinsried,0.0
categorical__region_Maui,0.0
categorical__region_Medford,0.0
categorical__region_Melbourne,0.0
categorical__region_Memphis,0.0
"categorical__region_Mendoza, ARG",0.0
categorical__region_Mexico City,0.0
categorical__primary_category_Advertising|Brand Marketing|Curated Web|Public Relations|Sales and Marketing|Social Media|Social Media Monitoring,0.0
categorical__region_Middlesbrough,0.0
categorical__region_Milan,0.0
categorical__region_Milwaukee,0.0
categorical__region_Minneapolis,0.0
categorical__region_Minsk,0.0
categorical__region_Missoula,0.0
categorical__region_Modena,0.0
categorical__region_Moncton,0.0
categorical__region_Monroe,0.0
categorical__region_Monterey,0.0
categorical__region_Monterrey,0.0
categorical__region_Montevideo,0.0
categorical__region_Montpelier,0.0
categorical__region_Montpellier,0.0
categorical__region_Montreal,0.0
categorical__primary_category_Advertising|Brand Marketing|Data Integration,0.0
categorical__primary_category_Advertising|Brand Marketing|Digital Media|Mobile|Startups|Technology,0.0
categorical__primary_category_Advertising|Brand Marketing|Internet Marketing|Social Media|Social Media Management|Social Media Marketing,0.0
categorical__region_Munster,0.0
categorical__region_NC - Other,0.0
categorical__region_NE - Other,0.0
categorical__region_NGA - Other,0.0
categorical__region_NH - Other,0.0
categorical__primary_category_Advertising|Brand Marketing|Service Providers,0.0
categorical__primary_category_Advertising|Broadcasting|Content,0.0
categorical__region_NM - Other,0.0
categorical__region_NOR - Other,0.0
categorical__region_NV - Other,0.0
categorical__region_NY - Other,0.0
categorical__region_NZL - Other,0.0
categorical__region_Nanjing,0.0
categorical__region_Nantes,0.0
categorical__primary_category_Advertising|Business Analytics|Mobile Commerce,0.0
"categorical__region_Naples, Florida",0.0
categorical__region_Nashville,0.0
categorical__region_Netanya,0.0
categorical__region_Neuilly-sur-seine,0.0
categorical__primary_category_Advertising|Business Intelligence|Sales and Marketing|Software|Technology,0.0
categorical__region_New Delhi,0.0
categorical__region_New Orleans,0.0
categorical__region_New Westminster,0.0
categorical__primary_category_Advertising|Business Services,0.0
categorical__primary_category_Advertising|Business Services|Internet Marketing|Local Search|Search,0.0
categorical__region_Newbury,0.0
categorical__region_Newcastle,0.0
categorical__region_Nice,0.0
categorical__region_Nizhniy Novgorod,0.0
categorical__region_Norfolk - Virginia Beach,0.0
categorical__region_Nottingham,0.0
categorical__region_Novosibirsk,0.0
categorical__region_Nuremberg,0.0
categorical__region_OH - Other,0.0
categorical__region_ON - Other,0.0
categorical__region_Odense,0.0
categorical__region_Oklahoma City,0.0
categorical__region_Omaha,0.0
categorical__region_Omsk,0.0
categorical__primary_category_Advertising|Business Services|Internet Marketing|Sales and Marketing|Semantic Search|SEO,0.0
categorical__primary_category_Advertising|CRM|Twitter Applications,0.0
categorical__primary_category_Advertising|Charity|Internet|Social Activists,0.0
categorical__region_Orsay,0.0
categorical__region_Osaka,0.0
categorical__region_Oslo,0.0
categorical__primary_category_Advertising|Classifieds,0.0
categorical__region_Oulu,0.0
categorical__region_Oxton,0.0
categorical__region_PA - Other,0.0
categorical__region_PER - Other,0.0
categorical__region_PHL - Other,0.0
categorical__region_POL - Other,0.0
categorical__region_PRI - Other,0.0
categorical__region_Palermo,0.0
categorical__primary_category_Advertising|Classifieds|Collaborative Consumption|File Sharing|Online Rental|Peer-to-Peer,0.0
categorical__region_Palm Springs,0.0
categorical__region_Palma De Mallorca,0.0
categorical__region_Paris,0.0
categorical__region_Pensacola,0.0
categorical__region_Peoria,0.0
categorical__region_Perm,0.0
categorical__region_Perth,0.0
categorical__primary_category_Advertising|Classifieds|Curated Web|Ediscovery|Information Technology|Search|Startups,0.0
categorical__primary_category_Advertising|Cloud Computing|Collaboration|Databases|Digital Media|iPad|Publishing|Services|Software|Textbooks|Web Development,0.0
categorical__primary_category_Advertising|Collaborative Consumption|Real Estate|Web Development,0.0
"categorical__region_Portland, Maine",0.0
categorical__primary_category_Advertising|Communities|Email|Mobility|Social Network Media|Web Design|Web Development|Web Tools,0.0
categorical__region_Porto,0.0
categorical__region_Porto Alegre,0.0
categorical__region_Portsmouth,0.0
categorical__region_Pozuelo De Alarcon,0.0
categorical__region_Prague,0.0
categorical__region_Preston,0.0
categorical__region_Providence,0.0
categorical__region_Pune,0.0
categorical__region_Puteaux,0.0
categorical__region_QC - Other,0.0
categorical__primary_category_Advertising|Comparison Shopping|E-Commerce|Internet Marketing|Local|Search|Semantic Search|Social Commerce,0.0
categorical__region_RUS - Other,0.0
categorical__primary_category_Advertising|Consulting|Design|Sales and Marketing|Software,0.0
categorical__region_Recife,0.0
categorical__region_Regensburg,0.0
categorical__region_Reigate,0.0
categorical__region_Reno - Sparks,0.0
categorical__region_Reyjavik,0.0
categorical__region_Richmond,0.0
categorical__region_Riga,0.0
categorical__region_Rio de Janeiro,0.0
categorical__primary_category_Advertising|Consulting|Internet Marketing|Media|Reputation|Social Media|Social Media Marketing,0.0
"categorical__region_Rochester, Minnesota",0.0
"categorical__region_Rochester, New York",0.0
categorical__region_Rockford,0.0
categorical__region_Rome,0.0
categorical__region_Roncade,0.0
categorical__region_Rotherham,0.0
categorical__region_Rotterdam,0.0
categorical__region_SD - Other,0.0
categorical__primary_category_Advertising|Consumer Goods|Facebook Applications|Social Media,0.0
categorical__region_SLV - Other,0.0
categorical__region_SOM - Other,0.0
categorical__region_SWE - Other,0.0
categorical__region_Sacramento,0.0
categorical__region_Sacramento Valley,0.0
"categorical__region_Salem, Oregon",0.0
categorical__region_Salford,0.0
categorical__region_Salt Lake City,0.0
categorical__region_San Antonio,0.0
categorical__primary_category_Advertising|Consumers|Content,0.0
categorical__region_San Luis Obispo,0.0
categorical__region_Santa Barbara,0.0
categorical__region_Santander,0.0
categorical__region_Santiago,0.0
categorical__region_Sao Paulo,0.0
categorical__region_Sarasota - Bradenton,0.0
categorical__region_Saskatoon,0.0
categorical__region_Schlieren,0.0
categorical__primary_category_Advertising|Content Syndication|Media|News|Web Tools,0.0
categorical__region_Seoul,0.0
categorical__region_Seychelles,0.0
categorical__region_Shanghai,0.0
categorical__region_Sheffield,0.0
categorical__primary_category_Advertising|Content|Media|Publishing,0.0
categorical__region_Sheung Wan,0.0
categorical__region_Shreveport,0.0
categorical__primary_category_Advertising|Contests|Events|Fashion|Loyalty Programs|Networking|SaaS|Social Media,0.0
categorical__region_Sittingbourne,0.0
categorical__region_Skopje,0.0
categorical__region_Snodland,0.0
categorical__region_Sofia,0.0
categorical__region_South Bend,0.0
categorical__region_Spokane,0.0
categorical__primary_category_Advertising|Coupons|Curated Web,0.0
categorical__region_St. Cloud,0.0
categorical__region_St. John's,0.0
categorical__region_St. Louis,0.0
categorical__region_St. Petersburg,0.0
categorical__region_Staines-upon-thames,0.0
categorical__region_Starnberg,0.0
categorical__region_State College,0.0
categorical__primary_category_Advertising|Coupons|Curated Web|Custom Retail|Marketplaces,0.0
categorical__region_Stockton-on-tees,0.0
categorical__region_Strasbourg,0.0
categorical__region_Stuttgart,0.0
categorical__region_Sunderland Bridge,0.0
categorical__region_Sutton Coldfield,0.0
categorical__region_Swindon,0.0
categorical__primary_category_Advertising|Coupons|Databases|Email Marketing|Location Based Services|SMS|Transportation,0.0
categorical__region_Syracuse,0.0
categorical__region_TN - Other,0.0
categorical__region_TX - Other,0.0
categorical__region_TZA - Other,0.0
categorical__region_Taiwan,0.0
categorical__region_Tallahassee,0.0
categorical__region_Tallinn,0.0
categorical__region_Tampa,0.0
categorical__region_Tampere,0.0
categorical__region_Tbilisi,0.0
categorical__primary_category_Advertising|Coupons|Games|Incentives|Promotional,0.0
categorical__region_Thane,0.0
categorical__primary_category_Advertising|Coupons|Incentives|Local|Location Based Services,0.0
categorical__region_Tianjin,0.0
categorical__primary_category_Advertising|Coupons|Internet|Mobile|Point of Sale|Sales and Marketing,0.0
categorical__region_Toledo,0.0
categorical__primary_category_Advertising|Coupons|Local Advertising|Local Based Services|Network Security,0.0
categorical__region_Toulouse,0.0
categorical__region_Trivandrum,0.0
categorical__region_Trondheim,0.0
categorical__region_Tucson,0.0
categorical__region_Tulsa,0.0
categorical__region_Tunbridge Wells,0.0
categorical__region_Turin,0.0
categorical__region_Turku,0.0
categorical__region_Twickenham,0.0
categorical__region_UT - Other,0.0
categorical__primary_category_Advertising|Coupons|News|Search Marketing,0.0
categorical__region_Unterhaching,0.0
categorical__region_Utrecht,0.0
categorical__region_VA - Other,0.0
categorical__region_VT - Other,0.0
categorical__region_Vail,0.0
categorical__region_Valencia,0.0
categorical__primary_category_Advertising|Creative|Design|Facebook Applications|Graphics|Media|Photo Editing|Social Media|Software|Twitter Applications|Video Streaming|Web Design,0.0
categorical__region_Vellore,0.0
categorical__region_Venice,0.0
categorical__region_Vevey,0.0
categorical__region_Victoria,0.0
categorical__region_Vienna,0.0
categorical__region_Villeurbanne,0.0
categorical__region_Vilnius,0.0
categorical__region_WA - Other,0.0
categorical__region_WI - Other,0.0
categorical__region_WV - Other,0.0
categorical__region_Warsaw,0.0
categorical__primary_category_Advertising|Creative|Design|Optimization|Predictive Analytics|Sales and Marketing,0.0
categorical__region_Wellington,0.0
categorical__region_Welwyn Garden City,0.0
categorical__region_West End,0.0
categorical__region_Westmount,0.0
categorical__region_Wetherby,0.0
categorical__region_Wichita,0.0
"categorical__region_Wilmington - Cape Fear, North Carolina",0.0
"categorical__region_Wilmington, Delaware",0.0
categorical__region_Winnipeg,0.0
categorical__region_Winston-Salem,0.0
categorical__region_Wolverhampton,0.0
categorical__region_Worcester,0.0
categorical__region_Wroclaw,0.0
categorical__region_Wuhan,0.0
categorical__region_Xiamen,0.0
categorical__region_Youngstown,0.0
categorical__primary_category_Advertising|Creative|Internet|Personalization|Sales and Marketing|Video,0.0
categorical__region_Ã‡an,0.0
categorical__city_Aarhus,0.0
categorical__city_Aberdeen,0.0
categorical__city_Abingdon,0.0
categorical__city_Accra,0.0
categorical__city_Acton,0.0
categorical__city_Addison,0.0
categorical__city_Admiralty,0.0
categorical__city_Ahmadabad,0.0
categorical__city_Ahmedabad,0.0
categorical__city_Aix-en-provence,0.0
categorical__city_Akron,0.0
categorical__city_Alachua,0.0
categorical__primary_category_Advertising|Creative|Media|Software|Visualization|Web CMS|Web Development,0.0
categorical__city_Alamo,0.0
categorical__city_Albuquerque,0.0
categorical__city_Alcobendas,0.0
categorical__city_Alexandria,0.0
categorical__primary_category_Advertising|Crowdsourcing,0.0
categorical__city_Allen Park,0.0
categorical__city_Allendale,0.0
categorical__city_Allentown,0.0
categorical__city_Allerød,0.0
categorical__city_Allison Park,0.0
categorical__city_Almere,0.0
categorical__primary_category_Advertising|Crowdsourcing|Photography|Startups|Technology,0.0
categorical__city_Altamonte Springs,0.0
categorical__city_Alviso,0.0
categorical__city_Alvorada,0.0
categorical__city_Ambler,0.0
categorical__city_American Falls,0.0
categorical__city_American Fork,0.0
categorical__city_Amersfoort,0.0
categorical__city_Ames,0.0
categorical__city_Amherst,0.0
categorical__city_Amman,0.0
categorical__city_Amsterdam,0.0
categorical__city_Anaheim,0.0
categorical__city_Anambra,0.0
categorical__city_Anchorage,0.0
categorical__city_Andheri,0.0
categorical__city_Andover,0.0
categorical__city_Ankeny,0.0
categorical__city_Ann Arbor,0.0
categorical__city_Annapolis,0.0
categorical__city_Antioch,0.0
categorical__city_Antwerp,0.0
categorical__city_Appleton,0.0
categorical__city_Arcadia,0.0
categorical__city_Arcueil,0.0
categorical__primary_category_Advertising|Curated Web,0.0
categorical__city_Arlington Heights,0.0
categorical__city_Arvada,0.0
categorical__city_Ashburn,0.0
categorical__city_Asheville,0.0
categorical__city_Ashkelon,0.0
categorical__city_Asker,0.0
categorical__city_Athens,0.0
categorical__city_Atherton,0.0
categorical__city_Athlone,0.0
categorical__primary_category_Advertising|Curated Web|E-Commerce,0.0
categorical__city_Auburn Hills,0.0
categorical__city_Auckland,0.0
categorical__city_Audubon,0.0
categorical__city_Aurora,0.0
categorical__primary_category_Advertising|Curated Web|Forums|Mobile|Shopping,0.0
categorical__city_Avon,0.0
categorical__city_Azusa,0.0
categorical__city_Babraham,0.0
categorical__city_Bagneux,0.0
categorical__city_Bailey,0.0
categorical__city_Bala Cynwyd,0.0
categorical__city_Ballerup,0.0
categorical__city_Ballinasloe,0.0
categorical__city_Ballsbridge,0.0
categorical__city_Balmain,0.0
categorical__primary_category_Advertising|Curated Web|Forums|Real Time|Social Media,0.0
categorical__city_Bamberg,0.0
categorical__primary_category_Advertising|Curated Web|Local|Reviews and Recommendations|Services,0.0
categorical__city_Bangalore City,0.0
categorical__city_Bangkok,0.0
categorical__city_Barcelona,0.0
categorical__city_Barre,0.0
categorical__city_Barrington,0.0
categorical__city_Basel,0.0
categorical__city_Batavia,0.0
categorical__city_Bath,0.0
categorical__city_Baton Rouge,0.0
categorical__city_Be'er Sheva,0.0
categorical__city_Beachwood,0.0
categorical__city_Beaconsfield,0.0
categorical__city_Beaverton,0.0
categorical__city_Beckenham,0.0
categorical__city_Bedford,0.0
categorical__city_Bedminster,0.0
categorical__city_Beijing,0.0
categorical__city_Beirut,0.0
categorical__city_Bel,0.0
categorical__city_Belcamp,0.0
categorical__city_Belfast,0.0
categorical__city_Belgrade,0.0
categorical__city_Bellaire,0.0
categorical__primary_category_Advertising|Curated Web|Social Media,0.0
categorical__city_Bellshill,0.0
categorical__city_Belmont,0.0
categorical__city_Beltsville,0.0
categorical__city_Belvedere Tiburon,0.0
categorical__city_Bend,0.0
categorical__city_Bene Beraq,0.0
categorical__city_Bengaluru,0.0
categorical__city_Benicia,0.0
categorical__city_Bensalem,0.0
categorical__city_Bentley,0.0
categorical__city_Bergisch Gladbach,0.0
categorical__primary_category_Advertising|Curated Web|Social Media|Stock Exchanges,0.0
categorical__city_Berkeley Heights,0.0
categorical__primary_category_Advertising|Data Integration|Machine Learning|Mobile Commerce,0.0
categorical__city_Berlin-baumschulenweg,0.0
categorical__city_Berwyn,0.0
categorical__city_Best,0.0
categorical__city_Bet Halevi,0.0
categorical__city_Bet Shemesh,0.0
categorical__city_Bethesda,0.0
categorical__city_Bethlehem,0.0
categorical__city_Beverly,0.0
categorical__city_Beverly Hills,0.0
categorical__city_Bielefeld,0.0
categorical__city_Bilbao,0.0
categorical__city_Billerica,0.0
categorical__city_Bilthoven,0.0
categorical__city_Binton,0.0
categorical__city_Birmingham,0.0
categorical__city_Bièvres,0.0
categorical__city_Blackrock,0.0
categorical__city_Blacksburg,0.0
categorical__city_Bloomfield,0.0
categorical__city_Bloomfield Hills,0.0
categorical__city_Bloomington,0.0
categorical__city_Blue Bell,0.0
categorical__city_Blumenau,0.0
categorical__city_Boca Raton,0.0
categorical__city_Boerne,0.0
categorical__city_Bogotá,0.0
categorical__city_Boise,0.0
categorical__city_Bologna,0.0
categorical__city_Bolzano,0.0
categorical__city_Bondi,0.0
categorical__city_Bonn,0.0
categorical__city_Boonton,0.0
categorical__city_Boskoop,0.0
categorical__city_Bossier City,0.0
categorical__primary_category_Advertising|Data Privacy|Internet Service Providers,0.0
categorical__primary_category_Advertising|Data Visualization|Graphics,0.0
categorical__city_Bottighofen,0.0
categorical__city_Boucherville,0.0
categorical__primary_category_Advertising|Databases|Sales and Marketing,0.0
categorical__city_Boulogne-billancourt,0.0
categorical__city_Bountiful,0.0
categorical__city_Bournemouth,0.0
categorical__city_Bowie,0.0
categorical__city_Bowling Green,0.0
categorical__city_Boxborough,0.0
categorical__city_Boyes Hot Springs,0.0
categorical__city_Bozeman,0.0
categorical__city_Bozen,0.0
categorical__city_Bracknell,0.0
categorical__city_Bradenton,0.0
categorical__city_Braine-l'alleud,0.0
categorical__city_Branford,0.0
categorical__city_Brasil,0.0
categorical__city_Brasília,0.0
categorical__city_Brea,0.0
categorical__city_Breinigsville,0.0
categorical__city_Bremen-vegesack,0.0
categorical__city_Brentwood,0.0
categorical__city_Bridgeview,0.0
categorical__city_Bridgeville,0.0
categorical__city_Bridgewater,0.0
categorical__city_Brighton,0.0
categorical__city_Brisbane,0.0
categorical__city_Bristol,0.0
categorical__city_Brookfield,0.0
categorical__city_Brookline,0.0
categorical__city_Brooklyn,0.0
categorical__city_Brooklyn Park,0.0
categorical__city_Broomfield,0.0
categorical__city_Brussels,0.0
categorical__city_Bucharest,0.0
categorical__city_Budapest,0.0
categorical__city_Buena Park,0.0
categorical__city_Buenos Aires,0.0
categorical__city_Buffalo,0.0
categorical__city_Buffalo Grove,0.0
categorical__city_Bundangdong,0.0
categorical__city_Burbank,0.0
categorical__primary_category_Advertising|Design|Direct Marketing|Technology|Web Development,0.0
categorical__primary_category_Advertising|Developer APIs|Location Based Services,0.0
categorical__city_Burnaby,0.0
categorical__city_Bustan Hagalil,0.0
categorical__city_Cadiz,0.0
categorical__city_Caesarea,0.0
categorical__city_Cagliari,0.0
categorical__city_Calabasas,0.0
categorical__city_Calgary,0.0
categorical__city_California,0.0
categorical__city_California City,0.0
categorical__city_Camarillo,0.0
categorical__city_Camberley,0.0
categorical__primary_category_Advertising|Development Platforms|E-Commerce|Portals|Sales and Marketing|Software|Technology|Web Development,0.0
categorical__city_Camden,0.0
categorical__city_Campbell,0.0
categorical__city_Canandaigua,0.0
categorical__city_Canoas,0.0
categorical__city_Canton,0.0
categorical__city_Cape Coral,0.0
categorical__city_Cape Town,0.0
categorical__city_Carle Place,0.0
categorical__city_Carleton Place,0.0
categorical__city_Carlisle,0.0
categorical__primary_category_Advertising|Digital Media,0.0
categorical__city_Carlstadt,0.0
categorical__city_Carmel,0.0
categorical__city_Carpinteria,0.0
categorical__city_Carquefou,0.0
categorical__city_Carrollton,0.0
categorical__city_Carson,0.0
categorical__city_Cary,0.0
categorical__city_Castle Rock,0.0
categorical__city_Caticlan,0.0
categorical__city_Caxias Do Sul,0.0
categorical__city_Cedar Grove,0.0
categorical__city_Cedar Knolls,0.0
categorical__city_Cedar Park,0.0
categorical__city_Cedar Rapids,0.0
categorical__city_Centennial,0.0
categorical__city_Centerbrook,0.0
categorical__city_Cham,0.0
categorical__city_Champaign,0.0
categorical__city_Chandigarh,0.0
categorical__city_Chandler,0.0
categorical__city_Changsha,0.0
categorical__city_Changzhou,0.0
categorical__city_Chanhassen,0.0
categorical__city_Chantilly,0.0
categorical__city_Chaoyang,0.0
categorical__city_Chapel Hill,0.0
categorical__city_Charleston,0.0
categorical__city_Charlotte,0.0
categorical__primary_category_Advertising|Digital Media|Entertainment|Finance|Publishing,0.0
categorical__city_Charlottetown,0.0
categorical__city_Chaska,0.0
categorical__city_Chatsworth,0.0
categorical__city_Chattanooga,0.0
categorical__city_Cheadle,0.0
categorical__city_Chelmsford,0.0
categorical__city_Chelsea,0.0
categorical__city_Chemnitz,0.0
categorical__city_Chennai,0.0
categorical__city_Cherry Hill,0.0
categorical__city_Chertsey,0.0
categorical__city_Cheshire,0.0
categorical__city_Chester,0.0
categorical__city_Chesterfield,0.0
categorical__city_Chetumal,0.0
categorical__city_Chevy Chase,0.0
categorical__city_Chewton Mendip,0.0
categorical__city_Chiba,0.0
categorical__primary_category_Advertising|Digital Media|Games|Social Media|Television|Video Streaming,0.0
categorical__city_Chicago Heights,0.0
categorical__city_Chico,0.0
categorical__city_China,0.0
categorical__city_Chino,0.0
categorical__city_Chippenham,0.0
categorical__city_Chula Vista,0.0
categorical__city_Cilandak,0.0
categorical__city_Cincinnati,0.0
categorical__city_Cison Di Valmarino,0.0
categorical__city_City Of Industry,0.0
categorical__city_Clarence,0.0
categorical__city_Clarkton,0.0
categorical__city_Clayton,0.0
categorical__city_Clearwater,0.0
categorical__city_Cleveland,0.0
categorical__city_Clifton,0.0
categorical__city_Clifton Heights,0.0
categorical__city_Clifton Park,0.0
categorical__city_Clive,0.0
categorical__city_Cluj-napoca,0.0
categorical__city_Clémensat,0.0
categorical__city_Cocoa,0.0
categorical__city_Coeur D'alene,0.0
categorical__city_Coimbatore,0.0
categorical__city_Coleraine,0.0
categorical__city_College Park,0.0
categorical__city_Cologne,0.0
categorical__city_Colomiers,0.0
categorical__city_Colorado Springs,0.0
categorical__city_Columbia,0.0
categorical__city_Columbiana,0.0
categorical__city_Columbus,0.0
categorical__city_Concord,0.0
categorical__city_Conshohocken,0.0
categorical__city_Cookeville,0.0
categorical__primary_category_Advertising|Digital Media|Media|Mobile|Video,0.0
categorical__city_Coppell,0.0
categorical__city_Copperopolis,0.0
categorical__city_Coral Gables,0.0
categorical__city_Coralville,0.0
categorical__city_Coraopolis,0.0
categorical__city_Cork,0.0
categorical__city_Corpus Christi,0.0
categorical__city_Corrales,0.0
categorical__city_Corvallis,0.0
categorical__city_Costa Mesa,0.0
categorical__city_Courbevoie,0.0
categorical__city_Cranbury,0.0
categorical__city_Crawley,0.0
categorical__city_Crewe,0.0
categorical__city_Cuauhtémoc,0.0
categorical__city_Culver City,0.0
categorical__city_Cumberland,0.0
categorical__primary_category_Advertising|Digital Media|Media|News|Publishing,0.0
categorical__city_Curitiba,0.0
categorical__city_Cáceres,0.0
categorical__city_Dacula,0.0
categorical__city_Dalian,0.0
categorical__primary_category_Advertising|Digital Media|Online Video Advertising,0.0
categorical__city_Daly City,0.0
categorical__city_Damansara New Village,0.0
categorical__city_Danbury,0.0
categorical__city_Danderyd,0.0
categorical__city_Danvers,0.0
categorical__city_Danville,0.0
categorical__city_Darien,0.0
categorical__city_Davao City,0.0
categorical__city_Davis,0.0
categorical__city_Daytona Beach,0.0
categorical__city_De Armanville,0.0
categorical__city_Dearborn,0.0
categorical__city_Decatur,0.0
categorical__city_Dedham,0.0
categorical__city_Deerfield,0.0
categorical__city_Deerfield Beach,0.0
categorical__city_Del Mar,0.0
categorical__city_Del Valle,0.0
categorical__city_Delft,0.0
categorical__city_Delhi,0.0
categorical__city_Delray Beach,0.0
categorical__city_Delta,0.0
categorical__city_Den Haag,0.0
categorical__city_Denver,0.0
categorical__city_Derby,0.0
categorical__city_Dernbach,0.0
categorical__city_Des Moines,0.0
categorical__city_Des Plaines,0.0
categorical__city_Detroit,0.0
categorical__city_Deutsch,0.0
categorical__city_Devens,0.0
categorical__city_Diemen,0.0
categorical__city_Dki Jakarta,0.0
categorical__city_Doncaster,0.0
categorical__city_Dongguancun,0.0
categorical__city_Dortmund,0.0
categorical__city_Dorval,0.0
categorical__city_Downers Grove,0.0
categorical__city_Downingtown,0.0
categorical__city_Doylestown,0.0
categorical__city_Draper,0.0
categorical__city_Dresden,0.0
categorical__city_Duarte,0.0
categorical__city_Dubai,0.0
categorical__city_Dubendorf,0.0
categorical__primary_category_Advertising|Digital Media|Public Relations|Sales and Marketing|Social Media,0.0
categorical__city_Dubrovnik,0.0
categorical__city_Dulles,0.0
categorical__city_Duluth,0.0
categorical__city_Dunfermline,0.0
categorical__city_Dunwoody,0.0
categorical__primary_category_Advertising|Digital Media|Technology,0.0
categorical__city_Düsseldorf,0.0
categorical__city_Eagan,0.0
categorical__city_Earth City,0.0
categorical__city_East Greenbush,0.0
categorical__city_East Hartford,0.0
categorical__city_East Haven,0.0
categorical__city_East Northport,0.0
categorical__city_East Palo Alto,0.0
categorical__city_East Rochester,0.0
categorical__city_East Rutherford,0.0
categorical__city_East Setauket,0.0
categorical__city_East Windsor Hill,0.0
categorical__city_Eatontown,0.0
categorical__city_Ecublens,0.0
categorical__primary_category_Advertising|Digital Signage|Internet Marketing|Location Based Services|News|Social Media,0.0
categorical__primary_category_Advertising|Direct Marketing|Games|Social Media|Social Network Media,0.0
categorical__city_Edison,0.0
categorical__city_Edmonton,0.0
categorical__city_Egg Harbor Township,0.0
categorical__city_Egnach,0.0
categorical__city_Eindhoven,0.0
categorical__city_Eisenstadt,0.0
categorical__city_Ekaterinburg,0.0
categorical__city_El Cajon,0.0
categorical__city_El Dorado Hills,0.0
categorical__primary_category_Advertising|Direct Marketing|Internet Marketing|Lead Generation|Sales and Marketing|Social Media|Social Media Marketing,0.0
categorical__city_Elche,0.0
categorical__city_Elk Grove Village,0.0
categorical__city_Elk River,0.0
categorical__city_Elkins Park,0.0
categorical__city_Elkridge,0.0
categorical__city_Elmhurst,0.0
categorical__city_Emeryville,0.0
categorical__city_Encinitas,0.0
categorical__city_Encino,0.0
categorical__city_Englewood,0.0
categorical__city_Ephrata,0.0
categorical__city_Erfurt-bindersleben,0.0
categorical__city_Erie,0.0
categorical__city_Erlangen,0.0
categorical__city_Esch-sur-alzette,0.0
categorical__city_Escondido,0.0
categorical__city_Espoo,0.0
categorical__city_Estado De México,0.0
categorical__city_Etobicoke,0.0
categorical__city_Euthal,0.0
categorical__city_Evanston,0.0
categorical__city_Evansville,0.0
categorical__city_Exeter,0.0
categorical__city_Exton,0.0
categorical__city_Fair Lawn,0.0
categorical__city_Fairfax,0.0
categorical__city_Fairfield,0.0
categorical__city_Fall River,0.0
categorical__city_Falls Church,0.0
categorical__city_Falmouth,0.0
categorical__city_Falun,0.0
categorical__city_Fareham,0.0
categorical__city_Faribault,0.0
categorical__city_Farmington,0.0
categorical__city_Farmington Hills,0.0
categorical__city_Farrington Gurney,0.0
categorical__city_Fayetteville,0.0
categorical__city_Feasterville Trevose,0.0
categorical__city_Fernandina Beach,0.0
categorical__city_Fitchburg,0.0
categorical__city_Florham Park,0.0
categorical__city_Florida,0.0
categorical__city_Flower Mound,0.0
categorical__city_Foetz,0.0
categorical__city_Folsom,0.0
categorical__city_Fontenay-sous-bois,0.0
categorical__city_Foothill Ranch,0.0
categorical__city_Fort Collins,0.0
categorical__city_Fort Lauderdale,0.0
categorical__city_Fort Lee,0.0
categorical__city_Fort Myers,0.0
categorical__city_Fort Washington,0.0
categorical__city_Fort Worth,0.0
categorical__city_Foster City,0.0
categorical__city_Fountain Valley,0.0
categorical__city_Foxboro,0.0
categorical__city_Framingham,0.0
categorical__city_Frankfort,0.0
categorical__city_Frankfurt,0.0
categorical__city_Franklin,0.0
categorical__city_Frederick,0.0
categorical__city_Fredericton,0.0
categorical__city_Fredrikstad,0.0
categorical__city_Freedom,0.0
categorical__city_Freiburg,0.0
categorical__primary_category_Advertising|Direct Marketing|Internet|Opinions|Sales and Marketing,0.0
categorical__city_Fresno,0.0
categorical__city_Frisco,0.0
categorical__city_Fullerton,0.0
categorical__city_Furtwangen,0.0
categorical__city_Fuzhou Shi,0.0
categorical__city_Gainesville,0.0
categorical__primary_category_Advertising|Direct Marketing|Social CRM|Social Media,0.0
categorical__city_Galway,0.0
categorical__city_Garbsen,0.0
categorical__city_Garden City,0.0
categorical__city_Garden Grove,0.0
categorical__city_Gardner,0.0
categorical__city_Garland,0.0
categorical__city_Gateshead,0.0
categorical__city_Gatineau,0.0
categorical__city_Gdansk,0.0
categorical__city_Gemünden,0.0
categorical__city_Geneva,0.0
categorical__city_Gent,0.0
categorical__city_Georgetown,0.0
categorical__city_Germantown,0.0
categorical__city_Germany,0.0
categorical__city_Ghaziabad,0.0
categorical__city_Ghent,0.0
categorical__city_Gig Harbor,0.0
categorical__city_Gilbert,0.0
categorical__city_Gland,0.0
categorical__city_Glasgow,0.0
categorical__city_Glasnevin,0.0
categorical__city_Glastonbury,0.0
categorical__city_Glen Allen,0.0
categorical__city_Glen Burnie,0.0
categorical__city_Glendale,0.0
categorical__city_Glenview,0.0
categorical__city_Gloucester,0.0
categorical__city_Gold Coast,0.0
categorical__city_Golden,0.0
categorical__city_Goleta,0.0
categorical__city_Gothenburg,0.0
categorical__city_Gradignan,0.0
categorical__city_Grafton,0.0
categorical__city_Grand Prairie,0.0
categorical__city_Grand Rapids,0.0
categorical__city_Green Bay,0.0
categorical__city_Greenbelt,0.0
categorical__city_Greenville,0.0
categorical__city_Greenwood Village,0.0
categorical__city_Grenoble,0.0
categorical__city_Großwallstadt,0.0
categorical__city_Guadalajara,0.0
categorical__city_Guangdong,0.0
categorical__city_Guangzhou,0.0
categorical__city_Guatemala City,0.0
categorical__city_Guildford,0.0
categorical__city_Guilford,0.0
categorical__city_Gulf Breeze,0.0
categorical__city_Gurgaon,0.0
categorical__city_Göteborg,0.0
categorical__city_Haarlem,0.0
categorical__city_Hackensack,0.0
categorical__city_Haidian,0.0
categorical__city_Haifa,0.0
categorical__city_Hailsham,0.0
categorical__city_Halifax,0.0
categorical__city_Halle An Der Saale,0.0
categorical__city_Hamburg,0.0
categorical__city_Hamden,0.0
categorical__city_Hamilton,0.0
categorical__city_Hamilton Bay,0.0
categorical__city_Hammersmith,0.0
categorical__city_Hampstead,0.0
categorical__city_Hampton,0.0
categorical__city_Hangzhou,0.0
categorical__city_Haninge,0.0
categorical__city_Hanoi,0.0
categorical__city_Hanover,0.0
categorical__city_Harbin,0.0
categorical__city_Hardwick,0.0
categorical__city_Harrogate,0.0
categorical__city_Harrow On The Hill,0.0
categorical__city_Hartford,0.0
categorical__city_Haryana,0.0
categorical__city_Hatboro,0.0
categorical__city_Hauppauge,0.0
categorical__city_Hawthorne,0.0
categorical__city_Hayward,0.0
categorical__city_Hebei,0.0
categorical__city_Hedehusene,0.0
categorical__city_Heidelberg,0.0
categorical__city_Heiloo,0.0
categorical__city_Helsinki,0.0
categorical__city_Hempstead,0.0
categorical__city_Henderson,0.0
categorical__city_Henniker,0.0
categorical__city_Hereford,0.0
categorical__city_Hermosa Beach,0.0
categorical__city_Herndon,0.0
categorical__city_Herten,0.0
categorical__primary_category_Advertising|Direct Marketing|Social Media,0.0
categorical__city_Herzogenaurach,0.0
categorical__city_Hicksville,0.0
categorical__city_High Peak,0.0
categorical__city_Highland,0.0
categorical__city_Hillsboro,0.0
categorical__city_Hillsborough,0.0
categorical__city_Hilversum,0.0
categorical__city_Ho Chi Minh City,0.0
categorical__city_Hobart Town,0.0
categorical__city_Hoboken,0.0
categorical__city_Hod Hasharon,0.0
categorical__city_Holliston,0.0
categorical__city_Hollywood,0.0
categorical__city_Holmdel,0.0
categorical__city_Holon,0.0
categorical__city_Homburg,0.0
categorical__city_Hong Kong,0.0
categorical__city_Honolulu,0.0
categorical__city_Hopkinton,0.0
categorical__city_Hornsby,0.0
categorical__city_Horsham,0.0
categorical__city_Hospitalet De Llobregat,0.0
categorical__primary_category_Advertising|Discounts|Internet|Local Commerce|Retail|Social Media|Technology,0.0
categorical__city_Hsinchu,0.0
categorical__city_Hudson,0.0
categorical__city_Huis Ter Heide,0.0
categorical__city_Hull,0.0
categorical__city_Hun,0.0
categorical__city_Huntersville,0.0
categorical__city_Huntingdon Valley,0.0
categorical__city_Huntington,0.0
categorical__city_Huntington Beach,0.0
categorical__city_Huntsville,0.0
categorical__city_Hurst,0.0
categorical__city_Hutchinson,0.0
categorical__city_Hyannis Port,0.0
categorical__city_Hyattsville,0.0
categorical__city_Hyderabad,0.0
categorical__city_Hørsholm,0.0
categorical__city_Ibiza,0.0
categorical__city_Idaho Falls,0.0
categorical__city_Ilford,0.0
categorical__city_Illinois City,0.0
categorical__city_Imperial,0.0
categorical__city_Incline Village,0.0
categorical__city_Independence,0.0
categorical__primary_category_Advertising|Discounts|Promotional|Public Relations,0.0
categorical__city_Inyokern,0.0
categorical__city_Ipswich,0.0
categorical__city_Irvine,0.0
categorical__primary_category_Advertising|Displays|Email Marketing|Enterprise Software|SaaS|Social Media,0.0
categorical__city_Irvington,0.0
categorical__city_Islamabad,0.0
categorical__city_Issaquah,0.0
categorical__city_Issy-les-moulineaux,0.0
categorical__city_Istanbul,0.0
categorical__city_Itasca,0.0
categorical__city_Ithaca,0.0
categorical__city_Itá,0.0
categorical__city_Ivry-sur-seine,0.0
categorical__city_Ivyland,0.0
categorical__city_Izmir,0.0
categorical__city_Jacksonville,0.0
categorical__city_Jaffrey,0.0
categorical__city_Jaipur,0.0
categorical__city_Jakarta,0.0
categorical__city_Jeddah,0.0
categorical__city_Jena,0.0
categorical__city_Jenkintown,0.0
categorical__city_Jersey City,0.0
categorical__city_Jerusalem,0.0
categorical__city_Johannesburg,0.0
categorical__city_Joinville,0.0
categorical__city_Jonesboro,0.0
categorical__city_Jouy-en-josas,0.0
categorical__city_João Pessoa,0.0
categorical__city_Jupiter,0.0
categorical__city_Jyväskylä,0.0
categorical__city_Kaiserslautern,0.0
categorical__city_Kampala,0.0
categorical__city_Kampong Tantaya,0.0
categorical__city_Kanata,0.0
categorical__city_Kansas City,0.0
categorical__city_Karachi,0.0
categorical__city_Karlsruhe,0.0
categorical__city_Kaukauna,0.0
categorical__city_Kawasaki Si,0.0
categorical__city_Kazan,0.0
categorical__city_Kearneysville,0.0
categorical__city_Kefar Netter,0.0
categorical__city_Kelowna,0.0
categorical__city_Kemerovo,0.0
categorical__city_Kenansville,0.0
categorical__city_Kenmore,0.0
categorical__city_Kennesaw,0.0
categorical__city_Kent,0.0
categorical__city_Kettering,0.0
categorical__city_Kfar Saba,0.0
categorical__city_Kiev,0.0
categorical__city_King Of Prussia,0.0
categorical__city_Kingwood,0.0
categorical__city_Kiriat Arieh,0.0
categorical__city_Kirkland,0.0
categorical__city_Kista,0.0
categorical__city_Kitchener,0.0
categorical__city_Kloten,0.0
categorical__city_Knoxville,0.0
categorical__city_Kolkata,0.0
categorical__city_Kongens Lyngby,0.0
categorical__city_Konya,0.0
categorical__city_Koriyama,0.0
categorical__city_Kosice,0.0
categorical__city_Koszalin,0.0
categorical__city_Kowloon City,0.0
categorical__city_Krasnoyarsk,0.0
categorical__city_Kristiansand,0.0
categorical__city_Kuala Lumpor,0.0
categorical__city_Kuala Lumpur,0.0
categorical__city_Kufstein,0.0
categorical__city_Kyiv,0.0
categorical__city_Kyoto,0.0
categorical__city_Köln,0.0
categorical__city_La Ciotat,0.0
categorical__primary_category_Advertising|Displays|Email|Media|Mobile|Personalization|Reviews and Recommendations|Social Media,0.0
categorical__city_Labège,0.0
categorical__city_Lafayette,0.0
categorical__city_Lagos,0.0
categorical__city_Laguna Beach,0.0
categorical__city_Laguna Hills,0.0
categorical__city_Laguna Niguel,0.0
categorical__city_Lahaina,0.0
categorical__city_Lahore,0.0
categorical__city_Lake Buena Vista,0.0
categorical__city_Lake Forest,0.0
categorical__city_Lake Geneva,0.0
categorical__city_Lake Mary,0.0
categorical__city_Lake Oswego,0.0
categorical__city_Lake Zurich,0.0
categorical__city_Lakeland,0.0
categorical__city_Lakewood,0.0
categorical__city_Lancaster,0.0
categorical__city_Langhorne,0.0
categorical__city_Lannion,0.0
categorical__city_Lansdowne,0.0
categorical__city_Lansing,0.0
categorical__city_Larkspur,0.0
categorical__city_Las Condes,0.0
categorical__primary_category_Advertising|Displays|Graphics,0.0
categorical__city_Lausanne,0.0
categorical__city_Laval,0.0
categorical__city_Lawrence,0.0
categorical__city_Lawrenceville,0.0
categorical__city_Le Lez,0.0
categorical__city_League City,0.0
categorical__city_Leamington Spa,0.0
categorical__city_Leeds,0.0
categorical__city_Leganés,0.0
categorical__city_Lehavim,0.0
categorical__city_Lehi,0.0
categorical__city_Leicester,0.0
categorical__city_Leiden,0.0
categorical__city_Lenexa,0.0
categorical__city_Leominster,0.0
categorical__city_Leuven,0.0
categorical__city_Lewes,0.0
categorical__city_Lexington,0.0
categorical__city_León,0.0
categorical__city_Liberty Lake,0.0
categorical__city_Libertyville,0.0
categorical__city_Lilburn,0.0
categorical__city_Lima,0.0
categorical__city_Limburg,0.0
categorical__city_Limerick,0.0
categorical__city_Limington,0.0
categorical__city_Lincoln Park,0.0
categorical__city_Lincolnshire,0.0
categorical__city_Lindon,0.0
categorical__city_Linköping,0.0
categorical__city_Linz,0.0
categorical__city_Lisbon,0.0
categorical__city_Lisle,0.0
categorical__city_Little Falls,0.0
categorical__city_Little Rock,0.0
categorical__city_Littleton,0.0
categorical__city_Livermore,0.0
categorical__city_Liverpool,0.0
categorical__city_Livingston,0.0
categorical__city_Livonia,0.0
categorical__city_Liège,0.0
categorical__city_Lochristi,0.0
categorical__city_Lod,0.0
categorical__city_Logroño,0.0
categorical__city_Lomma,0.0
categorical__city_London,0.0
categorical__city_Long Beach,0.0
categorical__city_Long Grove,0.0
categorical__city_Long Island City,0.0
categorical__primary_category_Advertising|Displays|Internet Marketing|Sales and Marketing|Semantic Search|SEO,0.0
categorical__city_Longwood,0.0
categorical__city_Los Altos,0.0
categorical__primary_category_Advertising|Displays|Internet|Internet Marketing|Lead Generation|Sales and Marketing,0.0
categorical__primary_category_Advertising|Displays|Location Based Services|Mobile|Mobile Software Tools|News|Sales and Marketing,0.0
categorical__city_Loughborough,0.0
categorical__city_Loughton,0.0
categorical__city_Louisiana,0.0
categorical__city_Louisville,0.0
categorical__city_Loveland,0.0
categorical__city_Lowell,0.0
categorical__primary_category_Advertising|Displays|Mobile|Video,0.0
categorical__city_Ludwigshafen Am Rhein-oggersheim,0.0
categorical__city_Lund,0.0
categorical__city_Lutherville Timonium,0.0
categorical__city_Luxembourg,0.0
categorical__city_Lymington,0.0
categorical__city_Lyndhurst,0.0
categorical__city_Lyndonville,0.0
categorical__city_Lyon,0.0
categorical__city_Lysaker,0.0
categorical__city_Lyss,0.0
categorical__city_Macclesfield,0.0
categorical__city_Madison,0.0
categorical__primary_category_Advertising|Displays|Sales and Marketing,0.0
categorical__city_Mahwah,0.0
categorical__city_Maidenhead,0.0
categorical__city_Mainz,0.0
categorical__city_Maitland,0.0
categorical__city_Makati,0.0
categorical__city_Malibu,0.0
categorical__city_Malmö,0.0
categorical__city_Malvern,0.0
categorical__city_Manalapan,0.0
categorical__city_Manama,0.0
categorical__primary_category_Advertising|E-Commerce,0.0
categorical__city_Manhattan Beach,0.0
categorical__city_Manno,0.0
categorical__city_Maple Grove,0.0
categorical__city_Maple Plain,0.0
categorical__city_Maple Valley,0.0
categorical__city_Mapleton,0.0
categorical__city_Marbella,0.0
categorical__city_Marblehead,0.0
categorical__city_Marietta,0.0
categorical__city_Marigot,0.0
categorical__city_Marina Del Rey,0.0
categorical__city_Markham,0.0
categorical__city_Marlborough,0.0
categorical__city_Marlton,0.0
categorical__city_Maroúli,0.0
categorical__city_Marseille,0.0
categorical__city_Martinsried,0.0
categorical__city_Matawan,0.0
categorical__city_Mather,0.0
categorical__city_Mattoon,0.0
categorical__city_Mayaguez,0.0
categorical__primary_category_Advertising|E-Commerce|Games|Local|Location Based Services|Mobile|Social Media,0.0
categorical__city_Mckinney,0.0
categorical__city_Mclean,0.0
categorical__city_Mechelen-bovelingen,0.0
categorical__city_Medfield,0.0
categorical__city_Medford,0.0
categorical__city_Medina,0.0
categorical__city_Meiningen,0.0
categorical__primary_category_Advertising|E-Commerce|Internet Marketing|Real Estate,0.0
categorical__city_Melbourne Beach,0.0
categorical__city_Melville,0.0
categorical__city_Memphis,0.0
categorical__city_Mendota,0.0
categorical__city_Mendoza,0.0
categorical__primary_category_Advertising|E-Commerce|Marketing Automation,0.0
categorical__city_Mercer Island,0.0
categorical__city_Merrimack,0.0
categorical__city_Mesa,0.0
categorical__city_Metamora,0.0
categorical__city_Metuchen,0.0
categorical__city_Mexicanos,0.0
categorical__city_Mexico City,0.0
categorical__city_Mi Wuk Village,0.0
categorical__primary_category_Advertising|E-Commerce|Mobile Commerce|Shopping|Social Commerce|Social Network Media,0.0
categorical__city_Miami Beach,0.0
categorical__city_Middlefield,0.0
categorical__city_Middlesbrough,0.0
categorical__city_Middleton,0.0
categorical__city_Middletown,0.0
categorical__city_Midland Park,0.0
categorical__city_Midvale,0.0
categorical__city_Midview City,0.0
categorical__city_Miesbach,0.0
categorical__city_Migdal Hameq,0.0
categorical__city_Milan,0.0
categorical__city_Milano,0.0
categorical__city_Milford,0.0
categorical__city_Mill Valley,0.0
categorical__city_Millbrae,0.0
categorical__city_Milpitas,0.0
categorical__city_Milton,0.0
categorical__city_Milton Keynes,0.0
categorical__city_Milwaukee,0.0
categorical__city_Minato,0.0
categorical__city_Mineola,0.0
categorical__primary_category_Advertising|E-Commerce|Retail|Sales and Marketing|Trading,0.0
categorical__city_Minnetonka,0.0
categorical__city_Minsk,0.0
categorical__city_Miramar Beach,0.0
categorical__city_Misgav,0.0
categorical__city_Mission Viejo,0.0
categorical__city_Mississauga,0.0
categorical__city_Missoula,0.0
categorical__city_Mjømna,0.0
categorical__city_Modena,0.0
categorical__city_Modi'in,0.0
categorical__city_Moffett Field,0.0
categorical__city_Mogadishu,0.0
categorical__city_Mojave,0.0
categorical__city_Moncton,0.0
categorical__city_Monmouth Junction,0.0
categorical__city_Monroe,0.0
categorical__city_Monroe Township,0.0
categorical__city_Monroeville,0.0
categorical__city_Monrovia,0.0
categorical__city_Mont-saint-guibert,0.0
categorical__city_Montebelluna,0.0
categorical__city_Monterrey,0.0
categorical__city_Montevideo,0.0
categorical__city_Montgomeryville,0.0
categorical__city_Montpellier,0.0
categorical__city_Montrose,0.0
categorical__city_Montrouge,0.0
categorical__primary_category_Advertising|E-Commerce|Sales and Marketing,0.0
categorical__city_Moody,0.0
categorical__city_Moorpark,0.0
categorical__city_Morgan Hill,0.0
categorical__city_Morris Plains,0.0
categorical__city_Morristown,0.0
categorical__primary_category_Advertising|E-Commerce|Search,0.0
categorical__city_Moscow,0.0
categorical__city_Mount Laurel,0.0
categorical__city_Mountain,0.0
categorical__primary_category_Advertising|E-Commerce|Social Media,0.0
categorical__city_Mumbai,0.0
categorical__primary_category_Advertising|Email,0.0
categorical__city_Murfreesboro,0.0
categorical__city_Murray,0.0
categorical__city_Málaga,0.0
categorical__city_Mölndal,0.0
categorical__city_München,0.0
categorical__city_Münster-sarmsheim,0.0
categorical__city_Nairobi,0.0
categorical__city_Nanjing,0.0
categorical__city_Nantes,0.0
categorical__city_Napa,0.0
categorical__city_Naperville,0.0
categorical__city_Naples,0.0
categorical__city_Nashua,0.0
categorical__primary_category_Advertising|Email Marketing|Startups,0.0
categorical__city_Natick,0.0
categorical__city_National City,0.0
categorical__city_Needham,0.0
categorical__city_Nes Tsiyona,0.0
categorical__city_Netanya,0.0
categorical__city_Neuilly-le-brignon,0.0
categorical__city_Neuilly-sur-seine,0.0
categorical__city_Nevada City,0.0
categorical__city_New Albany,0.0
categorical__city_New Boston,0.0
categorical__city_New Britain,0.0
categorical__city_New Castle,0.0
categorical__city_New Delhi,0.0
categorical__city_New Haven,0.0
categorical__city_New Hope,0.0
categorical__city_New London,0.0
categorical__city_New Orleans,0.0
categorical__city_New Westminster,0.0
categorical__city_New Windsor,0.0
categorical__primary_category_Advertising|Email|Email Marketing|SaaS|Sales and Marketing,0.0
categorical__primary_category_Advertising|Email|Facebook Applications|Loyalty Programs|Mobile|Sales and Marketing|SMS|Social Media,0.0
categorical__city_Newark Valley,0.0
categorical__city_Newbury,0.0
categorical__city_Newcastle,0.0
categorical__city_Newcastle Upon Tyne,0.0
categorical__city_Newport Beach,0.0
categorical__primary_category_Advertising|Email|Loyalty Programs|Mobile|SaaS|Sales and Marketing|Social Media|Software,0.0
categorical__city_Newton Aycliffe,0.0
categorical__city_Newton Center,0.0
categorical__city_Newtown,0.0
categorical__city_Newtown Square,0.0
categorical__city_Ngahere,0.0
categorical__city_Niwot,0.0
categorical__city_Nizhniy Novgorod,0.0
categorical__city_Nizhniy Tagil,0.0
categorical__city_Noida,0.0
categorical__city_Norcross,0.0
categorical__city_Normanton,0.0
categorical__city_North Billerica,0.0
categorical__city_North Hollywood,0.0
categorical__city_North Liberty,0.0
categorical__city_North Miami Beach,0.0
categorical__city_North Palm Beach,0.0
categorical__city_North Reading,0.0
categorical__city_North Sydney,0.0
categorical__city_Northbrook,0.0
categorical__city_Northridge,0.0
categorical__city_Northvale,0.0
categorical__city_Norwalk,0.0
categorical__city_Norwood,0.0
categorical__city_Notting Hill,0.0
categorical__city_Nottingham,0.0
categorical__city_Novato,0.0
categorical__city_Novi,0.0
categorical__city_Novosibirsk,0.0
categorical__city_Nuremberg,0.0
categorical__city_O Fallon,0.0
categorical__city_Oak Brook,0.0
categorical__city_Oakland,0.0
categorical__city_Oakland Park,0.0
categorical__city_Oakleigh,0.0
categorical__city_Oakmont,0.0
categorical__city_Oaks,0.0
categorical__city_Oakville,0.0
categorical__city_Oceanside,0.0
categorical__city_Odense,0.0
categorical__city_Ohio,0.0
categorical__city_Oklahoma City,0.0
categorical__city_Olathe,0.0
categorical__city_Old Lyme,0.0
categorical__city_Oldenburg In Holstein,0.0
categorical__city_Olney,0.0
categorical__city_Olímpia,0.0
categorical__city_Omaha,0.0
categorical__city_Omsk,0.0
categorical__city_Ontario,0.0
categorical__city_Or Akiva,0.0
categorical__city_Or Yehuda,0.0
categorical__city_Orange,0.0
categorical__city_Orangeburg,0.0
categorical__city_Orem,0.0
categorical__city_Orlando,0.0
categorical__city_Orsay,0.0
categorical__city_Osaka,0.0
categorical__city_Oslo,0.0
categorical__city_Ostend,0.0
categorical__city_Osterreicher,0.0
categorical__city_Osterville,0.0
categorical__primary_category_Advertising|Emerging Markets|Mobile|Mobile Video|Video Streaming,0.0
categorical__city_Oulu,0.0
categorical__city_Overland Park,0.0
categorical__city_Owings Mills,0.0
categorical__city_Oxford,0.0
categorical__city_Oxnard,0.0
categorical__city_Oxton,0.0
categorical__city_Pacific Palisades,0.0
categorical__city_Paisley,0.0
categorical__city_Palaiseau,0.0
categorical__city_Palatine,0.0
categorical__city_Palermo,0.0
categorical__city_Palm Beach Gardens,0.0
categorical__city_Palma De Mallorca,0.0
categorical__primary_category_Advertising|Employment,0.0
categorical__city_Paramus,0.0
categorical__city_Paris,0.0
categorical__city_Parsippany,0.0
categorical__city_Partille,0.0
categorical__city_Pasadena,0.0
categorical__city_Pasching,0.0
categorical__city_Peachtree City,0.0
categorical__city_Pekin,0.0
categorical__city_Pendleton,0.0
categorical__city_Pennington,0.0
categorical__city_Perrysburg,0.0
categorical__city_Perth,0.0
categorical__city_Petah Tiqva,0.0
categorical__city_Petaling Jaya,0.0
categorical__primary_category_Advertising|Enterprise Software|Sales and Marketing|Social Media,0.0
categorical__city_Petersburg,0.0
categorical__city_Philadelphia,0.0
categorical__city_Phoenix,0.0
categorical__city_Pine Bluff,0.0
categorical__city_Piscataway,0.0
categorical__city_Pittsboro,0.0
categorical__city_Pittsburg,0.0
categorical__city_Pittsburgh,0.0
categorical__city_Pittsfield,0.0
categorical__city_Plainsboro,0.0
categorical__city_Plainview,0.0
categorical__city_Plano,0.0
categorical__city_Playa Vista,0.0
categorical__city_Pleasant Grove,0.0
categorical__city_Pleasant Prairie,0.0
categorical__city_Pleasanton,0.0
categorical__city_Pleasantville,0.0
categorical__city_Plymouth,0.0
categorical__city_Plymouth Meeting,0.0
categorical__city_Pointe-claire,0.0
categorical__city_Pompano Beach,0.0
categorical__city_Port Chester,0.0
categorical__city_Port St. Lucie,0.0
categorical__city_Port Washington,0.0
categorical__city_Portage,0.0
categorical__primary_category_Advertising|Enterprise Software|Sales and Marketing|Social Media|Social Media Advertising|Social Media Marketing,0.0
categorical__city_Porto,0.0
categorical__city_Porto Alegre,0.0
categorical__city_Porto Salvo,0.0
categorical__city_Portsmouth,0.0
categorical__city_Potsdam,0.0
categorical__city_Poughkeepsie,0.0
categorical__city_Poway,0.0
categorical__city_Pozuelo De Alarcón,0.0
categorical__city_Prague,0.0
categorical__city_Praha,0.0
categorical__city_Prairie Village,0.0
categorical__city_Preston,0.0
categorical__primary_category_Advertising|Enterprises|Entertainment|Internet Marketing|Video,0.0
categorical__city_Princeton Junction,0.0
categorical__city_Providence,0.0
categorical__city_Provo,0.0
categorical__city_Puchheim,0.0
categorical__city_Pune,0.0
categorical__city_Purchase,0.0
categorical__city_Puteaux,0.0
categorical__city_Putten,0.0
categorical__city_Puyallup,0.0
categorical__city_Pyrmont,0.0
categorical__city_Pér,0.0
categorical__city_Qiryat Ono,0.0
categorical__city_Qiryat Shmona,0.0
categorical__primary_category_Advertising|Entertainment,0.0
categorical__city_Quebeck,0.0
categorical__city_Quincy,0.0
categorical__city_Ra'anana,0.0
categorical__city_Radnor,0.0
categorical__primary_category_Advertising|Entertainment|Games|Internet Marketing|Media|Television,0.0
categorical__city_Ramat Gan,0.0
categorical__city_Ramat Hasharon,0.0
categorical__city_Ramsey,0.0
categorical__city_Rancho Cucamonga,0.0
categorical__city_Rancho Mirage,0.0
categorical__city_Rancho Santa Margarita,0.0
categorical__city_Reading,0.0
categorical__city_Recife,0.0
categorical__city_Red Bank,0.0
categorical__city_Redlands,0.0
categorical__primary_category_Advertising|Entertainment|Games|Music,0.0
categorical__city_Redondo Beach,0.0
categorical__primary_category_Advertising|Entertainment|Mobile|Music|Sports|Television|Video|Video Streaming,0.0
categorical__city_Redwood Shores,0.0
categorical__city_Regensburg,0.0
categorical__city_Rehovot,0.0
categorical__city_Reigate,0.0
categorical__city_Reno,0.0
categorical__city_Renton,0.0
categorical__primary_category_Advertising|Event Management|Events|Sales and Marketing|Social Media,0.0
categorical__city_Reykjavík,0.0
categorical__primary_category_Advertising|Facebook Applications|Games|Social Games,0.0
categorical__city_Richmond,0.0
categorical__city_Richmond Hill,0.0
categorical__city_Riga,0.0
categorical__city_Rijswijk,0.0
categorical__city_Ringwood,0.0
categorical__city_Rio Branco,0.0
categorical__city_Rio De Janeiro,0.0
categorical__city_Rio Grande Do Sul,0.0
categorical__city_Rio Rancho,0.0
categorical__city_Roanoke,0.0
categorical__city_Robbinsville,0.0
categorical__city_Rochester,0.0
categorical__city_Rockford,0.0
categorical__city_Rockledge,0.0
categorical__city_Rocklin,0.0
categorical__city_Rockville,0.0
categorical__city_Rolling Meadows,0.0
categorical__city_Roma,0.0
categorical__city_Romainville,0.0
categorical__city_Rome,0.0
categorical__city_Roncade,0.0
categorical__city_Roseland,0.0
categorical__city_Rosemead,0.0
categorical__city_Roseville,0.0
categorical__city_Rosh Ha'ayin,0.0
categorical__city_Roslyn Heights,0.0
categorical__city_Rosmalen,0.0
categorical__city_Roswell,0.0
categorical__city_Rotherham,0.0
categorical__city_Rotterdam,0.0
categorical__city_Round Rock,0.0
categorical__city_Royal Oak,0.0
categorical__city_Ruggell,0.0
categorical__city_Ruschlikon,0.0
categorical__city_Rutherford,0.0
categorical__city_Rye,0.0
categorical__city_Sacramento,0.0
categorical__city_Sacré-coeur-saguenay,0.0
categorical__city_Saffron Walden,0.0
categorical__city_Saint Albans,0.0
categorical__city_Saint John's,0.0
categorical__city_Saint Laurent,0.0
categorical__city_Saint Louis,0.0
categorical__city_Saint Louis Park,0.0
categorical__city_Saint Paul,0.0
categorical__city_Saint Petersburg,0.0
categorical__city_Saint-genis-pouilly,0.0
categorical__city_Salem,0.0
categorical__city_Salford,0.0
categorical__city_Salinas,0.0
categorical__primary_category_Advertising|Facebook Applications|Sales and Marketing|Social Media,0.0
categorical__city_Samara,0.0
categorical__city_San Anselmo,0.0
categorical__city_San Antonio,0.0
categorical__primary_category_Advertising|Facebook Applications|Social Media,0.0
categorical__primary_category_Advertising|Facebook Applications|Social Media|Twitter Applications,0.0
categorical__city_San Clemente,0.0
categorical__primary_category_Advertising|Film|Television|Video,0.0
categorical__city_San Dimas,0.0
categorical__primary_category_Advertising|Finance,0.0
categorical__primary_category_Advertising|Games,0.0
categorical__city_San José,0.0
categorical__city_San Juan Capistrano,0.0
categorical__city_San Luis Obispo,0.0
categorical__city_San Marcos,0.0
categorical__primary_category_Advertising|Games|Mobile|Monetization|SaaS|Technology,0.0
categorical__city_San Pablo,0.0
categorical__city_San Rafael,0.0
categorical__city_San Ramon,0.0
categorical__city_Sandwich,0.0
categorical__city_Sandy,0.0
categorical__city_Sankt-peterburg,0.0
categorical__city_Santa Ana,0.0
categorical__city_Santa Barbara,0.0
categorical__city_Santa Catarina,0.0
categorical__primary_category_Advertising|Games|Mobile|Social Media,0.0
categorical__city_Santa Cruz,0.0
categorical__city_Santa Fe,0.0
categorical__primary_category_Advertising|Games|Television|Video on Demand,0.0
categorical__city_Santa Rosa,0.0
categorical__city_Santa Rosa Beach,0.0
categorical__city_Santander,0.0
categorical__city_Santiago,0.0
categorical__city_Santiago De Chuco,0.0
categorical__city_Sarasota,0.0
categorical__city_Saratoga,0.0
categorical__city_Saskatoon,0.0
categorical__city_Satellite Beach,0.0
categorical__city_Sausalito,0.0
categorical__city_Schaumburg,0.0
categorical__city_Schlieren,0.0
categorical__city_Schuyler Lake,0.0
categorical__city_Scituate,0.0
categorical__city_Scotts Valley,0.0
categorical__city_Scottsdale,0.0
categorical__primary_category_Advertising|Games|Television|Video|Video Streaming|Web Hosting,0.0
categorical__city_Secaucus,0.0
categorical__city_Sedgefield,0.0
categorical__city_Seoul,0.0
categorical__city_Sesto San Giovanni,0.0
categorical__city_Sewickley,0.0
categorical__city_Sgonico,0.0
categorical__city_Shanghai,0.0
categorical__city_Sheffield,0.0
categorical__city_Shelburne,0.0
categorical__city_Shelton,0.0
categorical__city_Shenzhen,0.0
categorical__city_Sherbrooke,0.0
categorical__city_Sherman Oaks,0.0
categorical__city_Sheung Wan,0.0
categorical__city_Shibuya,0.0
categorical__city_Shoreline,0.0
categorical__city_Shumen,0.0
categorical__city_Sialkot,0.0
categorical__city_Silver Spring,0.0
categorical__primary_category_Advertising|Gamification|Mobile|Photography|Sales and Marketing|Small and Medium Businesses|Social Media Marketing,0.0
categorical__city_Singen,0.0
categorical__city_Sittingbourne,0.0
categorical__city_Skokie,0.0
categorical__city_Skopje,0.0
categorical__city_Sliedrecht,0.0
categorical__city_Snodland,0.0
categorical__city_Sofia,0.0
categorical__city_Solana Beach,0.0
categorical__city_Solna,0.0
categorical__city_Solon,0.0
categorical__city_Somerset,0.0
categorical__city_Somerville,0.0
categorical__city_Sonoma,0.0
categorical__city_Soulac-sur-mer,0.0
categorical__city_South Easton,0.0
categorical__city_South Glastonbury,0.0
categorical__city_South Hadley,0.0
categorical__city_South Jordan,0.0
categorical__city_South Lake Tahoe,0.0
categorical__city_South Melbourne,0.0
categorical__city_South Orange,0.0
categorical__city_South Plainfield,0.0
categorical__city_South Saint Paul,0.0
categorical__primary_category_Advertising|Gift Card|Incentives|Mobile,0.0
categorical__city_Southampton,0.0
categorical__city_Southborough,0.0
categorical__city_Southfield,0.0
categorical__city_Southlake,0.0
categorical__city_Southport,0.0
categorical__city_Spokane,0.0
categorical__city_Spoleto,0.0
categorical__city_Spring,0.0
categorical__city_Spring Lake Park,0.0
categorical__city_Springfield,0.0
categorical__city_St Louis,0.0
categorical__city_St. John's,0.0
categorical__city_St. Petersburg,0.0
categorical__city_Stafford,0.0
categorical__city_Staines-upon-thames,0.0
categorical__city_Stamford,0.0
categorical__city_Starnberg,0.0
categorical__city_State College,0.0
categorical__city_Stellenbosch,0.0
categorical__city_Stenløse,0.0
categorical__city_Sterling,0.0
categorical__city_Stockholm,0.0
categorical__city_Stockton-on-tees,0.0
categorical__city_Stoneham,0.0
categorical__city_Stony Brook,0.0
categorical__city_Stow,0.0
categorical__city_Strasbourg,0.0
categorical__city_Stratford,0.0
categorical__city_Stuart,0.0
categorical__city_Stuttgart,0.0
categorical__city_Subiaco,0.0
categorical__city_Sudbury,0.0
categorical__city_Sugar Land,0.0
categorical__city_Summit,0.0
categorical__city_Sunderland Bridge,0.0
categorical__primary_category_Advertising|Gps|Mobile|Music|Video|Wireless,0.0
categorical__city_Sunrise,0.0
categorical__city_Superior,0.0
categorical__city_Suresnes,0.0
categorical__city_Surry Hills,0.0
categorical__city_Sussex,0.0
categorical__city_Sutton Coldfield,0.0
categorical__city_Suwon,0.0
categorical__city_Swindon,0.0
categorical__city_Swords,0.0
categorical__primary_category_Advertising|Green|Media,0.0
categorical__city_Syracuse,0.0
categorical__city_Szeged,0.0
categorical__city_São Leopoldo,0.0
categorical__city_São Paulo,0.0
categorical__city_Tacoma,0.0
categorical__city_Taipei,0.0
categorical__city_Tallahassee,0.0
categorical__city_Tallinn,0.0
categorical__city_Tampa,0.0
categorical__city_Tampere,0.0
categorical__city_Tarboro,0.0
categorical__city_Tarpon Springs,0.0
categorical__city_Tarrytown,0.0
categorical__city_Taunton,0.0
categorical__city_Tbilisi,0.0
categorical__city_Teaneck,0.0
categorical__primary_category_Advertising|Health Care Information Technology|Internet|Social Media|Social Network Media,0.0
categorical__city_Temecula,0.0
categorical__city_Tempe,0.0
categorical__city_Temuco,0.0
categorical__city_Tenafly,0.0
categorical__city_Tennessee,0.0
categorical__city_Tewksbury,0.0
categorical__city_Thane,0.0
categorical__city_The Woodlands,0.0
categorical__city_Thornton,0.0
categorical__city_Thousand Oaks,0.0
categorical__city_Tianjin,0.0
categorical__city_Tiller,0.0
categorical__city_Tokyo,0.0
categorical__city_Toledo,0.0
categorical__city_Toluca Lake,0.0
categorical__city_Torino,0.0
categorical__primary_category_Advertising|Health and Wellness|SEO,0.0
categorical__city_Torrance,0.0
categorical__city_Toulouse,0.0
categorical__city_Tourcoing,0.0
categorical__city_Towcester,0.0
categorical__city_Towson,0.0
categorical__city_Treviso,0.0
categorical__city_Tring,0.0
categorical__city_Trivandrum,0.0
categorical__city_Trondheim,0.0
categorical__city_Troy,0.0
categorical__city_Tualatin,0.0
categorical__city_Tucson,0.0
categorical__city_Tulsa,0.0
categorical__city_Tunbridge Wells,0.0
categorical__city_Turin,0.0
categorical__city_Turku,0.0
categorical__city_Tustin,0.0
categorical__city_Twickenham,0.0
categorical__city_Twinsburg,0.0
categorical__city_Tyngsboro,0.0
categorical__city_Uniondale,0.0
categorical__city_Unionville,0.0
categorical__primary_category_Advertising|Hospitality|Hotels,0.0
categorical__city_Unterföhring,0.0
categorical__city_Unterschleißheim,0.0
categorical__city_Upland,0.0
categorical__city_Upper Coomera,0.0
categorical__city_Upper Saddle River,0.0
categorical__city_Uppsala,0.0
categorical__city_Usk,0.0
categorical__city_Utah,0.0
categorical__city_Utrecht,0.0
categorical__city_Valbonne,0.0
categorical__city_Valencia,0.0
categorical__city_Valhalla,0.0
categorical__city_Van Nuys,0.0
categorical__primary_category_Advertising|Incentives|Internet|Performance Marketing|Sales and Marketing|Search,0.0
categorical__city_Vaughan,0.0
categorical__city_Vellore,0.0
categorical__city_Venelles,0.0
categorical__primary_category_Advertising|Incentives|Loyalty Programs|Sales and Marketing,0.0
categorical__city_Vernon Hills,0.0
categorical__city_Vestal,0.0
categorical__city_Vevey,0.0
categorical__city_Victoria,0.0
categorical__city_Victoria Park,0.0
categorical__primary_category_Advertising|Incentives|Sales and Marketing|Social Media,0.0
categorical__city_Villeurbanne,0.0
categorical__city_Vilnius,0.0
categorical__city_Vineland,0.0
categorical__city_Virginia,0.0
categorical__city_Virginia Beach,0.0
categorical__city_Virum,0.0
categorical__city_Vista,0.0
categorical__city_Værløse,0.0
categorical__city_Vélizy-villacoublay,0.0
categorical__city_Wa Keeney,0.0
categorical__city_Waco,0.0
categorical__city_Wake Forest,0.0
categorical__city_Wakefield,0.0
categorical__city_Walldorf,0.0
categorical__city_Wallingford,0.0
categorical__city_Walnut,0.0
categorical__city_Walnut Creek,0.0
categorical__primary_category_Advertising|Information Technology|Internet|Internet Marketing|Search|SEO,0.0
categorical__city_Wanchai,0.0
categorical__city_Wanzhou,0.0
categorical__city_Warminster,0.0
categorical__city_Warren,0.0
categorical__city_Warrendale,0.0
categorical__city_Warrenton,0.0
categorical__city_Warrington,0.0
categorical__city_Warsaw,0.0
categorical__city_Warszawa,0.0
categorical__city_Washington,0.0
categorical__primary_category_Advertising|Information Technology|Messaging|Music|Real Time|Search,0.0
categorical__city_Watertown,0.0
categorical__city_Watkins,0.0
categorical__city_Wauwatosa,0.0
categorical__city_Waverly,0.0
categorical__city_Wayland,0.0
categorical__city_Wayne,0.0
categorical__city_Waynesboro,0.0
categorical__city_Webster,0.0
categorical__city_Weehawken,0.0
categorical__city_Weiterstadt,0.0
categorical__city_Welland,0.0
categorical__city_Wellesley,0.0
categorical__city_Wellington,0.0
categorical__city_Wellsville,0.0
categorical__city_Welwyn Garden City,0.0
categorical__city_Wendelsheim,0.0
categorical__city_West Bridgewater,0.0
categorical__city_West Chester,0.0
categorical__city_West Des Moines,0.0
categorical__city_West End,0.0
categorical__city_West Haven,0.0
categorical__city_West Hills,0.0
categorical__city_West Hollywood,0.0
categorical__city_West Lafayette,0.0
categorical__city_West Newfield,0.0
categorical__city_West Orange,0.0
categorical__city_West Palm Beach,0.0
categorical__city_West Point,0.0
categorical__city_West Roxbury,0.0
categorical__city_West Sacramento,0.0
categorical__city_Westborough,0.0
categorical__city_Westbury,0.0
categorical__city_Westfield,0.0
categorical__primary_category_Advertising|Interest Graph|Personalization,0.0
categorical__city_Westlake Village,0.0
categorical__city_Westminster,0.0
categorical__city_Westmont,0.0
categorical__city_Westmount,0.0
categorical__city_Weston,0.0
categorical__city_Westport,0.0
categorical__city_Westwood,0.0
categorical__city_Wetherby,0.0
categorical__city_Weymouth,0.0
categorical__city_Wheat Ridge,0.0
categorical__city_Whippany,0.0
categorical__city_Whitby,0.0
categorical__city_White Horse Beach,0.0
categorical__city_White Plains,0.0
categorical__city_Wichita,0.0
categorical__city_Wiesbaden,0.0
categorical__city_Wilderswil,0.0
categorical__city_Williston,0.0
categorical__city_Wilmington,0.0
categorical__city_Wilsonville,0.0
categorical__city_Windsor,0.0
categorical__city_Winfield,0.0
categorical__city_Winnipeg,0.0
categorical__city_Winston Salem,0.0
categorical__city_Winter Park,0.0
categorical__city_Wisconsin Rapids,0.0
categorical__city_Wixom,0.0
categorical__city_Woburn,0.0
categorical__city_Wolverhampton,0.0
categorical__city_Woodbridge,0.0
categorical__city_Woodbury,0.0
categorical__city_Woodinville,0.0
categorical__city_Woodland Hills,0.0
categorical__city_Woodside,0.0
categorical__city_Woodstock,0.0
categorical__city_Worcester,0.0
categorical__city_Worthing,0.0
categorical__primary_category_3D Printing|Manufacturing|Product Design,0.0
categorical__city_Wroclaw,0.0
categorical__city_Wuhan,0.0
categorical__city_Würselen,0.0
categorical__city_Würzberg,0.0
categorical__city_Xiamen,0.0
categorical__city_Xianyang,0.0
categorical__city_Yamato-minami,0.0
categorical__city_Yangzhou,0.0
categorical__city_Yardley,0.0
categorical__city_Yavne,0.0
categorical__city_Yekaterinburg,0.0
categorical__city_Yonkers,0.0
categorical__city_Yoqne`am `illit,0.0
categorical__city_York,0.0
categorical__primary_category_3D Technology|Sensors,0.0
categorical__primary_category_3D Technology|Design|Internet|Real Time,0.0
categorical__city_Zaandijk,0.0
categorical__city_Zapopan,0.0
categorical__city_Zeeland,0.0
categorical__city_Zelenograd,0.0
categorical__city_Zephyr Cove,0.0
categorical__city_Zevenbergen,0.0
categorical__city_Zug,0.0
categorical__city_Zürich,0.0
categorical__city_Ängelholms Havsbad,0.0
categorical__city_Çan,0.0
categorical__primary_category_Advertising|Internet Marketing,0.0
categorical__primary_category_Advertising|Internet Marketing|Local Advertising|Sales and Marketing|Software,0.0
categorical__primary_category_Advertising|Internet Marketing|Marketplaces|Social Commerce,0.0
categorical__primary_category_Advertising|Internet Marketing|Publishing,0.0
categorical__primary_category_3D|Architecture|Commercial Real Estate|Property Management|Real Estate,0.0
